ISO-10303-21;
HEADER;
FILE_DESCRIPTION (( 'STEP AP214' ),
    '1' );
FILE_NAME ('MXR_ECB130_KNOB.STEP',
    '2024-04-15T13:33:31',
    ( '' ),
    ( '' ),
    'SwSTEP 2.0',
    'SolidWorks 2023',
    '' );
FILE_SCHEMA (( 'AUTOMOTIVE_DESIGN' ));
ENDSEC;

DATA;
#1 = DIRECTION ( 'NONE',  ( 1.000000000000000000, 0.000000000000000000, 1.906289534040448719E-16 ) ) ;
#2 = STYLED_ITEM ( 'NONE', ( #4285 ), #3194 ) ;
#3 = CARTESIAN_POINT ( 'NONE',  ( 0.3162495910538164479, 2.986016501822916780, 10.99011158460024440 ) ) ;
#4 = CARTESIAN_POINT ( 'NONE',  ( 0.3999999999999993561, 14.94797744711659426, 0.2000000000000014266 ) ) ;
#5 = ORIENTED_EDGE ( 'NONE', *, *, #1738, .F. ) ;
#6 = CARTESIAN_POINT ( 'NONE',  ( 1.128752915204906282, 9.076951148950634263, -9.652331294538294415 ) ) ;
#7 = DIRECTION ( 'NONE',  ( -1.906289534040448226E-16, 0.000000000000000000, -1.000000000000000000 ) ) ;
#8 = B_SPLINE_CURVE_WITH_KNOTS ( 'NONE', 3,
 ( #6180, #6118, #1776, #3811, #5224, #335, #6213, #818, #4748, #2298 ),
 .UNSPECIFIED., .F., .F.,
 ( 4, 3, 3, 4 ),
 ( 0.001079297928226616125, 0.005562350630967606915, 0.005649842381818888544, 0.01106179590304758042 ),
 .UNSPECIFIED. ) ;
#9 = UNCERTAINTY_MEASURE_WITH_UNIT (LENGTH_MEASURE( 1.000000000000000082E-05 ), #5741, 'distance_accuracy_value', 'NONE');
#10 = EDGE_CURVE ( 'NONE', #2621, #3955, #1851, .T. ) ;
#11 = CARTESIAN_POINT ( 'NONE',  ( -0.1349986160403638391, 2.044364194634386678, 12.16071728191716694 ) ) ;
#12 = CARTESIAN_POINT ( 'NONE',  ( 9.206083744063555230, 4.130617287943348259, -4.255422992470717425 ) ) ;
#13 = ORIENTED_EDGE ( 'NONE', *, *, #3034, .T. ) ;
#14 = LINE ( 'NONE', #4461, #3091 ) ;
#15 = CARTESIAN_POINT ( 'NONE',  ( 8.864694338212403935, 13.92087586570633562, 4.947324883748799529 ) ) ;
#16 = VERTEX_POINT ( 'NONE', #1751 ) ;
#17 = CARTESIAN_POINT ( 'NONE',  ( 0.7345700797586039998, 9.031788659260376662, -4.328011664671738146 ) ) ;
#18 = ORIENTED_EDGE ( 'NONE', *, *, #5322, .T. ) ;
#19 =( NAMED_UNIT ( * ) SI_UNIT ( $, .STERADIAN. ) SOLID_ANGLE_UNIT ( ) );
#20 = CARTESIAN_POINT ( 'NONE',  ( -2.373098706954056336, 4.034081443294077474, -9.893319865544826897 ) ) ;
#21 = CARTESIAN_POINT ( 'NONE',  ( 0.3999999999999993561, 13.63511657567311097, 0.2000000000000013989 ) ) ;
#22 = FILL_AREA_STYLE_COLOUR ( '', #3596 ) ;
#23 = AXIS2_PLACEMENT_3D ( 'NONE', #3444, #2965, #3597 ) ;
#24 = CARTESIAN_POINT ( 'NONE',  ( 0.4000000000000013545, 14.16879700625944061, 9.351986847380850065 ) ) ;
#25 =( BOUNDED_SURFACE ( )  B_SPLINE_SURFACE ( 3, 2, ( 
 ( #4156, #89, #648 ),
 ( #1711, #5051, #1124 ),
 ( #2602, #190, #6112 ),
 ( #4575, #5639, #1580 ),
 ( #3640, #3053, #4092 ),
 ( #5018, #6049, #1649 ),
 ( #3604, #5571, #2728 ),
 ( #3703, #876, #5182 ),
 ( #3347, #1254, #357 ),
 ( #5773, #5213, #6271 ),
 ( #3245, #1770, #2762 ),
 ( #3801, #3765, #3732 ),
 ( #810, #395, #4675 ),
 ( #773, #844, #1873 ),
 ( #5249, #325, #2221 ),
 ( #4708, #5739, #5670 ),
 ( #293, #2323, #742 ),
 ( #4286, #1357, #3316 ),
 ( #4216, #2250, #2829 ),
 ( #2286, #1802, #4317 ),
 ( #4254, #6240, #2355 ),
 ( #1327, #6172, #1841 ),
 ( #5281, #258, #2798 ),
 ( #3837, #4807, #1388 ) ),
 .UNSPECIFIED., .F., .F., .F. ) 
 B_SPLINE_SURFACE_WITH_KNOTS ( ( 4, 2, 2, 2, 2, 2, 2, 2, 2, 2, 2, 4 ),
 ( 3, 3 ),
 ( 0.0004476609341463641100, 0.0008595433270219724831, 0.001271425719897580856, 0.001683308112773189121, 0.001889249309210993145, 0.002095190505648797386, 0.002301131702086601626, 0.002507072898524405867, 0.002713014094962210108, 0.002918955291400014349, 0.003330837684275622830, 0.003742720077151230878 ),
 ( 0.000000000000000000, 1.000000000000000000 ),
 .UNSPECIFIED. ) 
 GEOMETRIC_REPRESENTATION_ITEM ( )  RATIONAL_B_SPLINE_SURFACE ( (
 ( 1.000000000000000000, 0.5758340577959322193, 1.000000000000000000),
 ( 1.000000000000000000, 0.6177203576321702583, 1.000000000000000000),
 ( 1.000000000000000000, 0.6580736696894420312, 1.000000000000000000),
 ( 1.000000000000000000, 0.7338614178625959550, 1.000000000000000000),
 ( 1.000000000000000000, 0.7692585396250649632, 1.000000000000000000),
 ( 1.000000000000000000, 0.8335181887584376392, 1.000000000000000000),
 ( 1.000000000000000000, 0.8630153419084047872, 1.000000000000000000),
 ( 1.000000000000000000, 0.8970886307537798698, 1.000000000000000000),
 ( 1.000000000000000000, 0.9066682508504477767, 1.000000000000000000),
 ( 1.000000000000000000, 0.9201338754760339800, 1.000000000000000000),
 ( 1.000000000000000000, 0.9238892979067228062, 1.000000000000000000),
 ( 1.000000000000000000, 0.9238697272853135800, 1.000000000000000000),
 ( 1.000000000000000000, 0.9201028668533940413, 1.000000000000000000),
 ( 1.000000000000000000, 0.9065488719490201186, 1.000000000000000000),
 ( 1.000000000000000000, 0.8969996729434750460, 1.000000000000000000),
 ( 1.000000000000000000, 0.8742171512799774558, 1.000000000000000000),
 ( 1.000000000000000000, 0.8609766967269861793, 1.000000000000000000),
 ( 1.000000000000000000, 0.8327315145472974356, 1.000000000000000000),
 ( 1.000000000000000000, 0.8175367498654092513, 1.000000000000000000),
 ( 1.000000000000000000, 0.7687277298793856462, 1.000000000000000000),
 ( 1.000000000000000000, 0.7338776520957847049, 1.000000000000000000),
 ( 1.000000000000000000, 0.6575420473136045496, 1.000000000000000000),
 ( 1.000000000000000000, 0.6178639402484596976, 1.000000000000000000),
 ( 1.000000000000000000, 0.5758340577957924422, 1.000000000000000000) ) ) 
 REPRESENTATION_ITEM ( '' )  SURFACE ( )  );
#26 = CARTESIAN_POINT ( 'NONE',  ( -7.126536311159947346, 3.737636420138902960, 7.671585376492121355 ) ) ;
#27 = CARTESIAN_POINT ( 'NONE',  ( -6.795960936230586391, 14.05984037591160529, -6.658035426668494239 ) ) ;
#28 = CARTESIAN_POINT ( 'NONE',  ( -9.023571769400499321, 3.774689920836600709, 5.237830984450480898 ) ) ;
#29 = CARTESIAN_POINT ( 'NONE',  ( -0.2001668056713922506, 14.23348072557188004, 9.557964970809006644 ) ) ;
#30 = CARTESIAN_POINT ( 'NONE',  ( -10.21410955499864315, 9.380226453232262784, -0.6000747428109264314 ) ) ;
#31 = CARTESIAN_POINT ( 'NONE',  ( 0.4000000000000013545, 14.22254638226897860, 9.299999999999997158 ) ) ;
#32 = CARTESIAN_POINT ( 'NONE',  ( 0.2295716307976553294, 2.980388260161306757, 10.94024670417516987 ) ) ;
#33 = CARTESIAN_POINT ( 'NONE',  ( 0.4231866738218319490, 14.99850304926215472, 0.06930539973694367639 ) ) ;
#34 = ORIENTED_EDGE ( 'NONE', *, *, #1781, .T. ) ;
#35 = CARTESIAN_POINT ( 'NONE',  ( 0.7224273986754690124, 9.246911686587486301, -9.630071688516734341 ) ) ;
#36 = CONICAL_SURFACE ( 'NONE', #664, 10.50000000000000000, 0.01745329251994333364 ) ;
#37 = VERTEX_POINT ( 'NONE', #5682 ) ;
#38 = CIRCLE ( 'NONE', #1179, 0.2540000000000007807 ) ;
#39 = CARTESIAN_POINT ( 'NONE',  ( -9.420907680496755532, 2.950874770202237762, 2.437732813901087869 ) ) ;
#40 = SURFACE_STYLE_USAGE ( .BOTH. , #5000 ) ;
#41 = CARTESIAN_POINT ( 'NONE',  ( 0.9100665785395399832, 13.89599898141139889, 10.28193008137297859 ) ) ;
#42 = ADVANCED_FACE ( 'NONE', ( #5316 ), #3128, .F. ) ;
#43 = EDGE_LOOP ( 'NONE', ( #3274, #506, #839, #3392 ) ) ;
#44 = ADVANCED_FACE ( 'NONE', ( #6338 ), #529, .F. ) ;
#45 = SPHERICAL_SURFACE ( 'NONE', #1230, 59.79999999999999716 ) ;
#46 = ORIENTED_EDGE ( 'NONE', *, *, #769, .T. ) ;
#47 = SURFACE_STYLE_USAGE ( .BOTH. , #82 ) ;
#48 = CARTESIAN_POINT ( 'NONE',  ( -0.9636671443595508091, 4.413118832892895860, -9.756051110443992869 ) ) ;
#49 = CARTESIAN_POINT ( 'NONE',  ( 9.260774637955433874, 14.16691622604679068, -3.676149807198087149 ) ) ;
#50 = EDGE_CURVE ( 'NONE', #2973, #1019, #3730, .T. ) ;
#51 = CARTESIAN_POINT ( 'NONE',  ( 9.260083126661553976, 4.486634211870042854, 3.127222560416269115 ) ) ;
#52 = CARTESIAN_POINT ( 'NONE',  ( -0.1220781304562493924, 2.029689937760827956, 12.08120574732816266 ) ) ;
#53 = CARTESIAN_POINT ( 'NONE',  ( -0.1996661101836391394, 14.05874120078701495, 9.384307178631051016 ) ) ;
#54 = CARTESIAN_POINT ( 'NONE',  ( 0.4500000000000011213, 14.22254638226897860, 9.299999999999997158 ) ) ;
#55 = CARTESIAN_POINT ( 'NONE',  ( 5.437439037282170595, 3.669383407414283482, -9.024827285304134250 ) ) ;
#56 = CARTESIAN_POINT ( 'NONE',  ( -5.844274404670144030, 3.825112817431556955, -8.648013682889725828 ) ) ;
#57 = FILL_AREA_STYLE_COLOUR ( '', #5579 ) ;
#58 = CARTESIAN_POINT ( 'NONE',  ( -2.983999493432433869, 13.91281333083938598, -9.763035192890423986 ) ) ;
#59 =( GEOMETRIC_REPRESENTATION_CONTEXT ( 3 ) GLOBAL_UNCERTAINTY_ASSIGNED_CONTEXT ( ( #856 ) ) GLOBAL_UNIT_ASSIGNED_CONTEXT ( ( #3331, #2367, #5843 ) ) REPRESENTATION_CONTEXT ( 'NONE', 'WORKASPACE' ) );
#60 = CARTESIAN_POINT ( 'NONE',  ( -5.372494437265951106, 7.136646439231475902, -8.951679264135179892 ) ) ;
#61 = B_SPLINE_CURVE_WITH_KNOTS ( 'NONE', 3,
 ( #3754, #4241, #2210, #2177, #1731, #2275 ),
 .UNSPECIFIED., .F., .F.,
 ( 4, 2, 4 ),
 ( 0.000000000000000000, 0.002909774486239555084, 0.005819548972479110169 ),
 .UNSPECIFIED. ) ;
#62 = B_SPLINE_CURVE_WITH_KNOTS ( 'NONE', 3,
 ( #5576, #3645, #4132, #6087, #5613, #1198, #3183, #716, #4648, #230, #3678, #5644, #749, #4510, #364, #5779, #6278, #1397 ),
 .UNSPECIFIED., .F., .F.,
 ( 4, 2, 2, 2, 2, 2, 2, 2, 4 ),
 ( 0.001732789939370773212, 0.002179659226135334874, 0.002626528512899896535, 0.003073397799664458630, 0.003520267086429020292, 0.003967136373193581519, 0.004414005659958144048, 0.004860874946722705710, 0.005307744233487267371 ),
 .UNSPECIFIED. ) ;
#63 = CARTESIAN_POINT ( 'NONE',  ( -2.447827482422003431, 13.99046237949625215, 9.480514680966926733 ) ) ;
#64 = PRESENTATION_LAYER_ASSIGNMENT (  '', '', ( #3460 ) ) ;
#65 = CARTESIAN_POINT ( 'NONE',  ( -0.3046279381915676376, 14.15903468200598070, 9.478247091847572747 ) ) ;
#66 = CARTESIAN_POINT ( 'NONE',  ( 3.652781633774368597, 3.756969513007442973, -9.843189600314328658 ) ) ;
#67 = ORIENTED_EDGE ( 'NONE', *, *, #2597, .F. ) ;
#68 = CARTESIAN_POINT ( 'NONE',  ( -0.1343475027437039948, 9.150053863668309972, -9.415403106217205220 ) ) ;
#69 = CARTESIAN_POINT ( 'NONE',  ( 9.080626284798958281, 2.594192559528900599, -4.413659627785149198 ) ) ;
#70 = B_SPLINE_CURVE_WITH_KNOTS ( 'NONE', 3,
 ( #4501, #4529, #3497, #4634 ),
 .UNSPECIFIED., .F., .F.,
 ( 4, 4 ),
 ( 2.068980480322238940E-17, 0.002352401016884983053 ),
 .UNSPECIFIED. ) ;
#71 = CARTESIAN_POINT ( 'NONE',  ( 5.504693688817092756, 2.802926198237152722, 8.202061077828101787 ) ) ;
#72 = VERTEX_POINT ( 'NONE', #1460 ) ;
#73 = DIRECTION ( 'NONE',  ( 0.05233595624294305748, -0.9986295347545739443, 0.000000000000000000 ) ) ;
#74 = LINE ( 'NONE', #4045, #1093 ) ;
#75 = CARTESIAN_POINT ( 'NONE',  ( 0.4000000000004709233, 14.89891484826751089, 0.1999999999997894018 ) ) ;
#76 = ORIENTED_EDGE ( 'NONE', *, *, #4900, .T. ) ;
#77 = CARTESIAN_POINT ( 'NONE',  ( 0.2982911227282627475, 9.135115147076598774, -4.378236341017190725 ) ) ;
#78 = B_SPLINE_CURVE_WITH_KNOTS ( 'NONE', 3,
 ( #2545, #3574, #530, #4508, #2489, #30, #93, #2061, #5989, #1095 ),
 .UNSPECIFIED., .F., .F.,
 ( 4, 3, 3, 4 ),
 ( 0.001079297928180317440, 0.005562350630800272019, 0.005649842381821147154, 0.01106179590269021698 ),
 .UNSPECIFIED. ) ;
#79 = VERTEX_POINT ( 'NONE', #3998 ) ;
#80 = ADVANCED_FACE ( 'NONE', ( #4962 ), #5988, .T. ) ;
#81 = ADVANCED_FACE ( 'NONE', ( #4904 ), #4934, .F. ) ;
#82 = SURFACE_SIDE_STYLE ('',( #1571 ) ) ;
#83 = CARTESIAN_POINT ( 'NONE',  ( -2.823119647935208754, 3.852387264806819367, -9.960942523975425900 ) ) ;
#84 = CARTESIAN_POINT ( 'NONE',  ( -9.800618006005842986, 4.357486224893750482, 0.9937622649032910038 ) ) ;
#85 = CARTESIAN_POINT ( 'NONE',  ( 5.986250472313520810, 4.234637829977532242, 7.987893605130452102 ) ) ;
#86 = EDGE_CURVE ( 'NONE', #831, #149, #5916, .T. ) ;
#87 = AXIS2_PLACEMENT_3D ( 'NONE', #2068, #4554, #2098 ) ;
#88 = CARTESIAN_POINT ( 'NONE',  ( 9.857705971997146932, 4.324934264590134525, 0.7958899537364750865 ) ) ;
#89 = CARTESIAN_POINT ( 'NONE',  ( -0.5208522666319236327, 2.392850631011842921, 11.80151322550435111 ) ) ;
#90 = UNCERTAINTY_MEASURE_WITH_UNIT (LENGTH_MEASURE( 1.000000000000000082E-05 ), #4458, 'distance_accuracy_value', 'NONE');
#91 = CARTESIAN_POINT ( 'NONE',  ( 0.4908279375524940980, 4.491428936597461785, -9.704879019882175939 ) ) ;
#92 = AXIS2_PLACEMENT_3D ( 'NONE', #2846, #3334, #4792 ) ;
#93 = CARTESIAN_POINT ( 'NONE',  ( -10.21462789802988169, 9.351067230576363798, -0.6000032579603568061 ) ) ;
#94 = CARTESIAN_POINT ( 'NONE',  ( -12.33672205028483582, 1.868943947005685224, 1.510812717085189024E-15 ) ) ;
#95 = CARTESIAN_POINT ( 'NONE',  ( 0.3514148068678967229, 2.118644251673158063, 11.98765645332706598 ) ) ;
#96 = CARTESIAN_POINT ( 'NONE',  ( 10.00752722399272088, 14.15242999200557072, -0.9231081348156421340 ) ) ;
#97 = CARTESIAN_POINT ( 'NONE',  ( -7.318479740795221566, 14.14193358903613884, 6.976499525808705471 ) ) ;
#98 = CARTESIAN_POINT ( 'NONE',  ( 2.211923642428431425, 7.919005781076656092, -9.765631466487974421 ) ) ;
#99 = CARTESIAN_POINT ( 'NONE',  ( -2.899877888196913833, 14.16691473700918813, -9.532413584031660392 ) ) ;
#100 = CIRCLE ( 'NONE', #4954, 10.32212707612175073 ) ;
#101 = FACE_OUTER_BOUND ( 'NONE', #2590, .T. ) ;
#102 = VERTEX_POINT ( 'NONE', #5603 ) ;
#103 = FACE_OUTER_BOUND ( 'NONE', #2748, .T. ) ;
#104 = CARTESIAN_POINT ( 'NONE',  ( 2.076414890289221660, 8.177954663166246974, -9.746151910487746761 ) ) ;
#105 = DIRECTION ( 'NONE',  ( 0.000000000000000000, -0.9998476951563911586, -0.01745240643728358104 ) ) ;
#106 = ORIENTED_EDGE ( 'NONE', *, *, #2349, .F. ) ;
#107 = FILL_AREA_STYLE ('',( #2951 ) ) ;
#108 = AXIS2_PLACEMENT_3D ( 'NONE', #1435, #4992, #586 ) ;
#109 = ORIENTED_EDGE ( 'NONE', *, *, #1360, .T. ) ;
#110 = EDGE_LOOP ( 'NONE', ( #4601, #3074 ) ) ;
#111 = CARTESIAN_POINT ( 'NONE',  ( -1.271135707741218328E-14, 3.705665997290812808, 0.000000000000000000 ) ) ;
#112 = CARTESIAN_POINT ( 'NONE',  ( 1.177366321330639787, 13.89832332844674134, 10.24073350987454134 ) ) ;
#113 = CARTESIAN_POINT ( 'NONE',  ( 7.471310865860514738, 13.89599898141100276, 7.122206211651025853 ) ) ;
#114 = CARTESIAN_POINT ( 'NONE',  ( 5.982004893417293800, 3.886646806251936592, -8.408256010372474165 ) ) ;
#115 = ORIENTED_EDGE ( 'NONE', *, *, #2095, .F. ) ;
#116 = CARTESIAN_POINT ( 'NONE',  ( 5.100332224188484531, 4.413260047355887394, 8.372153921338790994 ) ) ;
#117 = ADVANCED_FACE ( 'NONE', ( #3534 ), #3985, .T. ) ;
#118 = EDGE_CURVE ( 'NONE', #4015, #272, #689, .T. ) ;
#119 = CARTESIAN_POINT ( 'NONE',  ( -0.4795784795284569468, 2.308965046344424010, 11.88728116030586079 ) ) ;
#120 =( NAMED_UNIT ( * ) SI_UNIT ( $, .STERADIAN. ) SOLID_ANGLE_UNIT ( ) );
#121 = DIRECTION ( 'NONE',  ( -7.363043091638550151E-15, -0.1551336448716524596, 0.9878934923506866861 ) ) ;
#122 = CARTESIAN_POINT ( 'NONE',  ( -0.3999999999999993561, 14.99835389875282665, 0.2001680672268922045 ) ) ;
#123 = VECTOR ( 'NONE', #105, 1000.000000000000114 ) ;
#124 = CARTESIAN_POINT ( 'NONE',  ( 0.4868672512969978161, 4.455217734193168688, -9.741281864063525475 ) ) ;
#125 = EDGE_CURVE ( 'NONE', #924, #5760, #5616, .T. ) ;
#126 = FILL_AREA_STYLE_COLOUR ( '', #610 ) ;
#127 = EDGE_CURVE ( 'NONE', #4395, #517, #6190, .T. ) ;
#128 = CARTESIAN_POINT ( 'NONE',  ( -3.119856259653476460, 13.90659367269410396, -9.765551885265081111 ) ) ;
#129 = CIRCLE ( 'NONE', #4356, 59.23381893493603201 ) ;
#130 = CARTESIAN_POINT ( 'NONE',  ( 1.277476031192487982, 3.669383429049798195, 10.46272663256653956 ) ) ;
#131 = CARTESIAN_POINT ( 'NONE',  ( 3.352780835799410220, 14.14193359095455627, -9.541636809217820314 ) ) ;
#132 = CARTESIAN_POINT ( 'NONE',  ( 0.2136492690106427117, 14.05881006698809088, 9.383568408152278550 ) ) ;
#133 = CARTESIAN_POINT ( 'NONE',  ( -2.155323885023986197, 6.239868719431944655, -9.610647300137825866 ) ) ;
#134 = CARTESIAN_POINT ( 'NONE',  ( 9.544239976951864435, 3.939984672651938080, -3.945138075116883858 ) ) ;
#135 = CARTESIAN_POINT ( 'NONE',  ( 0.2221677464288301651, 14.79950176041415766, 0.1017622399613523632 ) ) ;
#136 = ORIENTED_EDGE ( 'NONE', *, *, #2293, .T. ) ;
#137 = FACE_OUTER_BOUND ( 'NONE', #5569, .T. ) ;
#138 = CARTESIAN_POINT ( 'NONE',  ( 2.426362651740276100, 6.617370660611558542, -9.814137316918214893 ) ) ;
#139 = ORIENTED_EDGE ( 'NONE', *, *, #1713, .T. ) ;
#140 = CARTESIAN_POINT ( 'NONE',  ( 0.5567368421167632198, 2.932530004201104212, -9.733427255844585346 ) ) ;
#141 = AXIS2_PLACEMENT_3D ( 'NONE', #4966, #6022, #3971 ) ;
#142 = ORIENTED_EDGE ( 'NONE', *, *, #5994, .F. ) ;
#143 = DIRECTION ( 'NONE',  ( -0.000000000000000000, -0.000000000000000000, 1.000000000000000000 ) ) ;
#144 = ORIENTED_EDGE ( 'NONE', *, *, #1876, .T. ) ;
#145 = CARTESIAN_POINT ( 'NONE',  ( 8.749240564060622560, 14.10648961879014252, 5.476140063883165432 ) ) ;
#146 = DIRECTION ( 'NONE',  ( -1.000000000000000000, 0.000000000000000000, 0.000000000000000000 ) ) ;
#147 = CARTESIAN_POINT ( 'NONE',  ( -9.546092251639050730, 4.469373314220002946, 1.930309908956807430 ) ) ;
#148 = CARTESIAN_POINT ( 'NONE',  ( 7.027315856374491077, 4.413260043835657065, -6.835435758162256903 ) ) ;
#149 = VERTEX_POINT ( 'NONE', #5538 ) ;
#150 = CARTESIAN_POINT ( 'NONE',  ( 9.118875323722674509, 4.232223356273789427, 4.066059161162063340 ) ) ;
#151 = ORIENTED_EDGE ( 'NONE', *, *, #3627, .T. ) ;
#152 = CARTESIAN_POINT ( 'NONE',  ( -0.2942138305935739218, 14.06878155797946128, 9.318401689821824263 ) ) ;
#153 = CARTESIAN_POINT ( 'NONE',  ( -6.887331829017103502, 3.939984671681225237, 7.695537113495494630 ) ) ;
#154 = CARTESIAN_POINT ( 'NONE',  ( 5.517876164435694619, 14.15242999202206242, -8.399748353346028651 ) ) ;
#155 = B_SPLINE_CURVE_WITH_KNOTS ( 'NONE', 3,
 ( #304, #2810, #234, #5192, #5229, #854 ),
 .UNSPECIFIED., .F., .F.,
 ( 4, 2, 4 ),
 ( 0.000000000000000000, 0.0003403815805463852764, 0.0006807631610927705528 ),
 .UNSPECIFIED. ) ;
#156 = CARTESIAN_POINT ( 'NONE',  ( -1.927608165991330891, 4.234637829564904088, -9.794180196974258124 ) ) ;
#157 = SURFACE_STYLE_USAGE ( .BOTH. , #5874 ) ;
#158 = CARTESIAN_POINT ( 'NONE',  ( 7.114441243631067557, 3.774689920918741226, 7.631804943033206889 ) ) ;
#159 = CARTESIAN_POINT ( 'NONE',  ( 0.2532139287889006996, 14.18389472778666338, 9.500000000000602185 ) ) ;
#160 = ADVANCED_FACE ( 'NONE', ( #1681 ), #25, .T. ) ;
#161 = ADVANCED_FACE ( 'NONE', ( #5801 ), #2008, .F. ) ;
#162 = CARTESIAN_POINT ( 'NONE',  ( 0.5411055080210902535, 2.339537975489829780, 11.75923894226994015 ) ) ;
#163 = CARTESIAN_POINT ( 'NONE',  ( -0.1999999999999979294, 14.94964553690038400, 0.000000000000000000 ) ) ;
#164 = CARTESIAN_POINT ( 'NONE',  ( -1.828758853661023975, 5.287648785590856271, -9.771863935558954495 ) ) ;
#165 = STYLED_ITEM ( 'NONE', ( #4104 ), #652 ) ;
#166 = CARTESIAN_POINT ( 'NONE',  ( 6.089716056952926060, 18.29540490593709379, -7.728072445714285088 ) ) ;
#167 = CARTESIAN_POINT ( 'NONE',  ( 0.2986776170791348162, 14.79896863170800714, 0.1849223711903168754 ) ) ;
#168 = ORIENTED_EDGE ( 'NONE', *, *, #1076, .F. ) ;
#169 = CARTESIAN_POINT ( 'NONE',  ( 7.310130539766856117, 4.469400801802544621, -6.449161226964922555 ) ) ;
#170 = SURFACE_STYLE_FILL_AREA ( #6001 ) ;
#171 = ORIENTED_EDGE ( 'NONE', *, *, #3872, .T. ) ;
#172 = CARTESIAN_POINT ( 'NONE',  ( -0.2431097506220291915, 14.79940737174840493, 0.1090893842720566387 ) ) ;
#173 = ORIENTED_EDGE ( 'NONE', *, *, #3874, .F. ) ;
#174 = CARTESIAN_POINT ( 'NONE',  ( -0.7945961312647860098, 4.791343389762938720, -9.516844001026299793 ) ) ;
#175 = COLOUR_RGB ( '',1.000000000000000000, 1.000000000000000000, 1.000000000000000000 ) ;
#176 = ORIENTED_EDGE ( 'NONE', *, *, #1905, .F. ) ;
#177 = ORIENTED_EDGE ( 'NONE', *, *, #6307, .T. ) ;
#178 = CARTESIAN_POINT ( 'NONE',  ( 0.4000000000000020206, 14.21227896903516452, 9.352306439265834825 ) ) ;
#179 = AXIS2_PLACEMENT_3D ( 'NONE', #5218, #4678, #4712 ) ;
#180 = CARTESIAN_POINT ( 'NONE',  ( -3.091789178236837188, 3.737815694343173067, -10.00388074724125431 ) ) ;
#181 = EDGE_LOOP ( 'NONE', ( #1797, #1250, #1235, #5039 ) ) ;
#182 = CARTESIAN_POINT ( 'NONE',  ( -9.511134217991862982, 4.505655870554638120, 1.920418171928737650 ) ) ;
#183 = DIRECTION ( 'NONE',  ( 0.8337577909938717058, 0.000000000000000000, 0.5521303704352981123 ) ) ;
#184 = ORIENTED_EDGE ( 'NONE', *, *, #3277, .F. ) ;
#185 = PRESENTATION_LAYER_ASSIGNMENT (  '', '', ( #3573 ) ) ;
#186 = DIRECTION ( 'NONE',  ( 0.7238158716444409446, 0.000000000000000000, -0.6899931767456820575 ) ) ;
#187 = ORIENTED_EDGE ( 'NONE', *, *, #3742, .T. ) ;
#188 = DIRECTION ( 'NONE',  ( 1.000000000000000000, 3.428144012049404421E-15, 0.000000000000000000 ) ) ;
#189 = CARTESIAN_POINT ( 'NONE',  ( 10.25422864370164966, 7.124177071756752078, -0.5945776705370269255 ) ) ;
#190 = CARTESIAN_POINT ( 'NONE',  ( -0.5958446781860188279, 2.562456410026030529, 11.62809663640778446 ) ) ;
#191 = CARTESIAN_POINT ( 'NONE',  ( -0.4837969652109538887, 4.469403577468095357, -9.736275471049744112 ) ) ;
#192 = CARTESIAN_POINT ( 'NONE',  ( 4.977219036305681854, 14.05996167680345188, 8.107669139517795998 ) ) ;
#193 = CARTESIAN_POINT ( 'NONE',  ( 7.123772076867269654, 3.749418215918032704, 7.655382223142238374 ) ) ;
#194 = FACE_OUTER_BOUND ( 'NONE', #6159, .T. ) ;
#195 = TOROIDAL_SURFACE ( 'NONE', #5243, 59.89924874320212211, 0.1000000000000000056 ) ;
#196 = DIRECTION ( 'NONE',  ( 0.4568150773929257613, -0.3857600618226649236, -0.8015666907806667796 ) ) ;
#197 = CARTESIAN_POINT ( 'NONE',  ( -9.975037268637223065, 13.89156607017601708, -1.366233249263133720 ) ) ;
#198 = EDGE_CURVE ( 'NONE', #4955, #1857, #1320, .T. ) ;
#199 = EDGE_CURVE ( 'NONE', #481, #883, #5607, .T. ) ;
#200 = AXIS2_PLACEMENT_3D ( 'NONE', #422, #4802, #3796 ) ;
#201 = DIRECTION ( 'NONE',  ( 0.9999942851264702615, 0.003380786062443320254, -0.000000000000000000 ) ) ;
#202 = CARTESIAN_POINT ( 'NONE',  ( 0.2970643095780796661, 14.79899796011616786, 0.1777519676339743282 ) ) ;
#203 = VERTEX_POINT ( 'NONE', #4349 ) ;
#204 = FILL_AREA_STYLE ('',( #4623 ) ) ;
#205 = CARTESIAN_POINT ( 'NONE',  ( -0.5989341419115740139, 4.529381239437364037, -9.708769538597595172 ) ) ;
#206 = ORIENTED_EDGE ( 'NONE', *, *, #6151, .F. ) ;
#207 = CARTESIAN_POINT ( 'NONE',  ( -0.2776226157942098816, 14.79919793903560610, 0.1373008785080070404 ) ) ;
#208 = CARTESIAN_POINT ( 'NONE',  ( -8.754194225329150925, 13.89619262924052023, 5.475601229505579148 ) ) ;
#209 = ADVANCED_FACE ( 'NONE', ( #485 ), #5922, .F. ) ;
#210 = ORIENTED_EDGE ( 'NONE', *, *, #3908, .F. ) ;
#211 = VERTEX_POINT ( 'NONE', #1991 ) ;
#212 = CARTESIAN_POINT ( 'NONE',  ( 9.260774637955433874, 14.16691622604678891, -3.676149807198087149 ) ) ;
#213 = CARTESIAN_POINT ( 'NONE',  ( -9.938691265809923792, 14.16691622596714595, -0.7060029973724375463 ) ) ;
#214 = DIRECTION ( 'NONE',  ( -0.000000000000000000, 1.000000000000000000, -0.000000000000000000 ) ) ;
#215 = ORIENTED_EDGE ( 'NONE', *, *, #2409, .T. ) ;
#216 = CARTESIAN_POINT ( 'NONE',  ( 0.3999999999999993006, -45.00000000000000000, -7.625158136161779592E-17 ) ) ;
#217 = MECHANICAL_DESIGN_GEOMETRIC_PRESENTATION_REPRESENTATION (  '', ( #1209 ), #5352 ) ;
#218 = CARTESIAN_POINT ( 'NONE',  ( -10.33939354027392099, 3.852398569612331514, -0.5358056068802111715 ) ) ;
#219 = ORIENTED_EDGE ( 'NONE', *, *, #1003, .F. ) ;
#220 = CARTESIAN_POINT ( 'NONE',  ( 7.588612009804837299, 3.669383407414551268, 7.309324084918539022 ) ) ;
#221 = ORIENTED_EDGE ( 'NONE', *, *, #6100, .F. ) ;
#222 = PLANE ( 'NONE',  #3562 ) ;
#223 = DIRECTION ( 'NONE',  ( -0.9499084060595974766, 0.000000000000000000, 0.3125284308624017293 ) ) ;
#224 = CARTESIAN_POINT ( 'NONE',  ( 5.173079587446729910, 14.14193358903626319, -8.687401160989718818 ) ) ;
#225 = CARTESIAN_POINT ( 'NONE',  ( 10.44608188349801736, 3.669383407414302134, -1.375726752296552613 ) ) ;
#226 = CARTESIAN_POINT ( 'NONE',  ( -10.19326981572791446, 10.55301040811924729, -0.6029832518587961987 ) ) ;
#227 = FACE_OUTER_BOUND ( 'NONE', #1829, .T. ) ;
#228 = FACE_OUTER_BOUND ( 'NONE', #3217, .T. ) ;
#229 = AXIS2_PLACEMENT_3D ( 'NONE', #3904, #1969, #5044 ) ;
#230 = CARTESIAN_POINT ( 'NONE',  ( -1.488424888530539558, 8.593573077331022603, -4.137143475180778296 ) ) ;
#231 = CARTESIAN_POINT ( 'NONE',  ( 6.648796286015443258, 3.947596967449924943, 7.814316619620226945 ) ) ;
#232 = CARTESIAN_POINT ( 'NONE',  ( -2.369257531051240484, 7.505375212559774134, -9.791551015423165083 ) ) ;
#233 = TOROIDAL_SURFACE ( 'NONE', #3005, 10.62608515108697560, 0.1270000000000000018 ) ;
#234 = CARTESIAN_POINT ( 'NONE',  ( -8.615948864459783252, 14.15242999198152773, 5.173795022548383749 ) ) ;
#235 = ORIENTED_EDGE ( 'NONE', *, *, #846, .F. ) ;
#236 =( BOUNDED_SURFACE ( )  B_SPLINE_SURFACE ( 3, 2, ( 
 ( #970, #2930, #4895 ),
 ( #2445, #4412, #6364 ),
 ( #5889, #1490, #5405 ),
 ( #2957, #2147, #84 ),
 ( #4118, #3632, #2564 ),
 ( #1060, #3110, #3595 ),
 ( #5010, #182, #147 ),
 ( #4150, #1606, #3137 ),
 ( #3079, #5528, #1114 ),
 ( #6043, #6075, #672 ),
 ( #5109, #1149, #3528 ),
 ( #5593, #1574, #5074 ) ),
 .UNSPECIFIED., .F., .F., .T. ) 
 B_SPLINE_SURFACE_WITH_KNOTS ( ( 4, 2, 2, 2, 2, 4 ),
 ( 3, 3 ),
 ( -9.107298248878237246E-18, 0.001464990606954463251, 0.002197485910431699538, 0.002929981213908935608, 0.004394971820863407749, 0.005859962427817880758 ),
 ( 0.000000000000000000, 1.000000000000000000 ),
 .UNSPECIFIED. ) 
 GEOMETRIC_REPRESENTATION_ITEM ( )  RATIONAL_B_SPLINE_SURFACE ( (
 ( 1.000000000000000000, 0.9101407218779985486, 1.000000000000000000),
 ( 1.000000000000000000, 0.9152134589842372270, 1.000000000000000000),
 ( 1.000000000000000000, 0.9194871958879109464, 1.000000000000000000),
 ( 1.000000000000000000, 0.9239906475899819505, 1.000000000000000000),
 ( 1.000000000000000000, 0.9251722141546337985, 1.000000000000000000),
 ( 1.000000000000000000, 0.9267758961982145438, 1.000000000000000000),
 ( 1.000000000000000000, 0.9271835648413387920, 1.000000000000000000),
 ( 1.000000000000000000, 0.9271844335468683029, 1.000000000000000000),
 ( 1.000000000000000000, 0.9255576593151232379, 1.000000000000000000),
 ( 1.000000000000000000, 0.9195535722108235666, 1.000000000000000000),
 ( 1.000000000000000000, 0.9152044633711748922, 1.000000000000000000),
 ( 1.000000000000000000, 0.9101417911116096437, 1.000000000000000000) ) ) 
 REPRESENTATION_ITEM ( '' )  SURFACE ( )  );
#237 = CARTESIAN_POINT ( 'NONE',  ( -8.863657137308939227, 13.98186169374525001, 4.947001146519948378 ) ) ;
#238 = CARTESIAN_POINT ( 'NONE',  ( -2.010869183116880343, 8.304051142028272992, -9.736708167777615941 ) ) ;
#239 = B_SPLINE_CURVE_WITH_KNOTS ( 'NONE', 3,
 ( #327, #3211, #5250, #6143, #2730, #5183 ),
 .UNSPECIFIED., .F., .F.,
 ( 4, 2, 4 ),
 ( 0.000000000000000000, 0.0001562162768656445700, 0.0003124325537312891399 ),
 .UNSPECIFIED. ) ;
#240 = ORIENTED_EDGE ( 'NONE', *, *, #2255, .T. ) ;
#241 = CARTESIAN_POINT ( 'NONE',  ( 2.734185477436058775, 2.393130741576878773, -9.922921115875967146 ) ) ;
#242 = CARTESIAN_POINT ( 'NONE',  ( 10.13338705590806299, 13.92087438194840487, -0.6111496338307399467 ) ) ;
#243 = CARTESIAN_POINT ( 'NONE',  ( 5.830924489661696519, 3.837294472234483500, -8.641235207887483227 ) ) ;
#244 = ORIENTED_EDGE ( 'NONE', *, *, #729, .T. ) ;
#245 = VERTEX_POINT ( 'NONE', #4470 ) ;
#246 = CARTESIAN_POINT ( 'NONE',  ( 8.864694338212400382, 13.92087586570647062, 4.947324883748779101 ) ) ;
#247 = CARTESIAN_POINT ( 'NONE',  ( 1.256666920867409498, 3.756869696480443110, 10.42733774366659460 ) ) ;
#248 = ADVANCED_FACE ( 'NONE', ( #3897 ), #5299, .T. ) ;
#249 = CARTESIAN_POINT ( 'NONE',  ( 10.41010990746566911, 3.705665997290592095, -1.370989319610059320 ) ) ;
#250 = EDGE_LOOP ( 'NONE', ( #4572, #1211, #4533, #4849 ) ) ;
#251 = DIRECTION ( 'NONE',  ( 0.000000000000000000, 0.000000000000000000, -1.000000000000000000 ) ) ;
#252 = ADVANCED_FACE ( 'NONE', ( #1422 ), #236, .F. ) ;
#253 = DIRECTION ( 'NONE',  ( -0.5521303704352987785, 2.257349628485462355E-15, 0.8337577909938712617 ) ) ;
#254 = VERTEX_POINT ( 'NONE', #1185 ) ;
#255 = CARTESIAN_POINT ( 'NONE',  ( 0.000000000000000000, 12.59999999999994458, -4.325449350717825325 ) ) ;
#256 = EDGE_LOOP ( 'NONE', ( #4662, #2887, #3634, #475 ) ) ;
#257 = CARTESIAN_POINT ( 'NONE',  ( 10.09380760852256742, 3.759185968624999763, -3.320953718479480177 ) ) ;
#258 = CARTESIAN_POINT ( 'NONE',  ( 0.5669625488969179949, 2.470791967528723099, 11.72144080277592160 ) ) ;
#259 = EDGE_CURVE ( 'NONE', #3657, #3761, #4774, .T. ) ;
#260 = CARTESIAN_POINT ( 'NONE',  ( 0.1999999999999979572, 14.94964553690037512, 0.000000000000000000 ) ) ;
#261 = DIRECTION ( 'NONE',  ( -1.000000000000000000, -0.000000000000000000, 1.906289534040448226E-16 ) ) ;
#262 = DIRECTION ( 'NONE',  ( 0.000000000000000000, 0.000000000000000000, -1.000000000000000000 ) ) ;
#263 = SPHERICAL_SURFACE ( 'NONE', #5750, 60.00000000000000000 ) ;
#264 = ADVANCED_BREP_SHAPE_REPRESENTATION ( 'MXR_ECB130_KNOB', ( #5660, #5397 ), #4473 ) ;
#265 = CARTESIAN_POINT ( 'NONE',  ( -0.4503753127606329731, -45.00000000000000000, -8.585457451057883130E-17 ) ) ;
#266 = CARTESIAN_POINT ( 'NONE',  ( -5.437429816094971002, 3.669383407414238629, -9.024832841043197718 ) ) ;
#267 = CARTESIAN_POINT ( 'NONE',  ( -1.499656065449485931, 5.217135651493742365, -9.744581103545518985 ) ) ;
#268 = CARTESIAN_POINT ( 'NONE',  ( -6.959151014172430649, 14.15254961774214060, 7.249744291933572171 ) ) ;
#269 = ORIENTED_EDGE ( 'NONE', *, *, #2130, .F. ) ;
#270 = CARTESIAN_POINT ( 'NONE',  ( 7.763344682183927148, 4.469374704160174794, -5.880863436692797208 ) ) ;
#271 = CARTESIAN_POINT ( 'NONE',  ( -1.147488096040469419, 4.740044376983113317, -9.729194144997594051 ) ) ;
#272 = VERTEX_POINT ( 'NONE', #2658 ) ;
#273 = CARTESIAN_POINT ( 'NONE',  ( 1.389279871196311245, 2.805547894915092932, -9.777285282192304194 ) ) ;
#274 = CARTESIAN_POINT ( 'NONE',  ( -8.864698375648226047, 13.92087438189278004, 4.947338659961756591 ) ) ;
#275 = B_SPLINE_CURVE_WITH_KNOTS ( 'NONE', 3,
 ( #83, #1518, #20, #2535, #1059, #48, #5009, #1990, #5464, #1605, #5404, #3991, #4019, #4053 ),
 .UNSPECIFIED., .F., .F.,
 ( 4, 2, 2, 2, 2, 2, 4 ),
 ( 4.336808689942017736E-19, 0.0007339284080509328977, 0.001467856816101866012, 0.002935713632203731591, 0.003669642040254664488, 0.004403570448305598253, 0.005871427264407464916 ),
 .UNSPECIFIED. ) ;
#276 = DIRECTION ( 'NONE',  ( 0.000000000000000000, -0.9878735300388491458, -0.1552607118642151951 ) ) ;
#277 =( BOUNDED_SURFACE ( )  B_SPLINE_SURFACE ( 3, 2, ( 
 ( #460, #3868, #2419 ),
 ( #1361, #5743, #4809 ),
 ( #5831, #398, #2357 ),
 ( #4837, #4320, #4351 ) ),
 .UNSPECIFIED., .F., .F., .T. ) 
 B_SPLINE_SURFACE_WITH_KNOTS ( ( 4, 4 ),
 ( 3, 3 ),
 ( 0.000000000000000000, 0.0006708533592323425582 ),
 ( 0.000000000000000000, 1.000000000000000000 ),
 .UNSPECIFIED. ) 
 GEOMETRIC_REPRESENTATION_ITEM ( )  RATIONAL_B_SPLINE_SURFACE ( (
 ( 1.000000000000000000, 0.7639881485874399081, 1.000000000000000000),
 ( 1.000000000000000000, 0.7681424318376307570, 1.000000000000000000),
 ( 1.000000000000000000, 0.7702057175175262005, 1.000000000000000000),
 ( 1.000000000000000000, 0.7699653562337703816, 1.000000000000000000) ) ) 
 REPRESENTATION_ITEM ( '' )  SURFACE ( )  );
#278 = VERTEX_POINT ( 'NONE', #5496 ) ;
#279 = CARTESIAN_POINT ( 'NONE',  ( 8.606153869345270380, 13.89599898141112355, 5.699159846219366443 ) ) ;
#280 = CARTESIAN_POINT ( 'NONE',  ( -0.3726512335963959588, 4.679117860661174966, -9.509374795253972223 ) ) ;
#281 = CARTESIAN_POINT ( 'NONE',  ( -6.924965627368286469, 3.942201130465689651, 7.816812768645731602 ) ) ;
#282 = ORIENTED_EDGE ( 'NONE', *, *, #2529, .F. ) ;
#283 = CARTESIAN_POINT ( 'NONE',  ( -1.004918974835677492, 14.14193358903626319, 10.06155070745713509 ) ) ;
#284 = DIRECTION ( 'NONE',  ( -5.329070518200751394E-15, 0.000000000000000000, -1.000000000000000000 ) ) ;
#285 = EDGE_LOOP ( 'NONE', ( #3240, #349, #419, #3361, #3083, #235 ) ) ;
#286 = CIRCLE ( 'NONE', #1930, 9.000000000000000000 ) ;
#287 = CARTESIAN_POINT ( 'NONE',  ( 0.5411055080210902535, 2.339537975489829780, 11.75923894226994015 ) ) ;
#288 = EDGE_CURVE ( 'NONE', #4698, #254, #70, .T. ) ;
#289 = EDGE_CURVE ( 'NONE', #2319, #2036, #1089, .T. ) ;
#290 = ORIENTED_EDGE ( 'NONE', *, *, #6069, .T. ) ;
#291 = CARTESIAN_POINT ( 'NONE',  ( 0.2580275882799806797, 14.04014381633063735, 9.500105311390697693 ) ) ;
#292 = CARTESIAN_POINT ( 'NONE',  ( -7.248674407618129756, 7.126431806452624862, 7.524877844384167069 ) ) ;
#293 = CARTESIAN_POINT ( 'NONE',  ( 0.4243537487626146687, 3.088094792037664238, 11.07292945216185664 ) ) ;
#294 = CARTESIAN_POINT ( 'NONE',  ( -10.31079434692802188, 3.939984672038574498, -0.5866439436456957202 ) ) ;
#295 = CARTESIAN_POINT ( 'NONE',  ( 3.092498455651609301, 3.737513927945823600, -10.00399371804226156 ) ) ;
#296 = EDGE_CURVE ( 'NONE', #5179, #804, #2825, .T. ) ;
#297 = CARTESIAN_POINT ( 'NONE',  ( 0.1996619213937559922, 14.05750220906498349, 9.399999999999996803 ) ) ;
#298 = CARTESIAN_POINT ( 'NONE',  ( 5.097614664441289634, 4.500878764135673116, 8.331940874594518931 ) ) ;
#299 = FACE_OUTER_BOUND ( 'NONE', #256, .T. ) ;
#300 = EDGE_LOOP ( 'NONE', ( #1033, #5562, #4974, #5634, #668, #6002, #3759, #4212, #4888, #1107, #4590, #511, #3664, #5971, #4078, #5305 ) ) ;
#301 = CARTESIAN_POINT ( 'NONE',  ( -7.263686960040721452, 2.150907334169248397, 7.615419149175261637 ) ) ;
#302 = CARTESIAN_POINT ( 'NONE',  ( -3.665706306926729940, 3.669383407414250620, -9.878048799489093312 ) ) ;
#303 = VERTEX_POINT ( 'NONE', #5042 ) ;
#304 = CARTESIAN_POINT ( 'NONE',  ( -8.648132537521552976, 14.16691473700008430, 4.948333468757240006 ) ) ;
#305 = AXIS2_PLACEMENT_3D ( 'NONE', #4366, #6318, #1439 ) ;
#306 = CARTESIAN_POINT ( 'NONE',  ( 1.668512672950936526, 12.42676558329047865, 10.04040263928174070 ) ) ;
#307 = ORIENTED_EDGE ( 'NONE', *, *, #1195, .F. ) ;
#308 = DIRECTION ( 'NONE',  ( 0.000000000000000000, 1.000000000000000000, 0.000000000000000000 ) ) ;
#309 = CARTESIAN_POINT ( 'NONE',  ( -9.343860052518284220, 14.15872610236740670, -3.598663283321821282 ) ) ;
#310 = AXIS2_PLACEMENT_3D ( 'NONE', #6366, #1389, #906 ) ;
#311 = DIRECTION ( 'NONE',  ( 6.409306129323056128E-18, -0.9986295347545742773, 0.05233595624293849169 ) ) ;
#312 = CARTESIAN_POINT ( 'NONE',  ( -0.4710245761072763271, 4.698326789870235665, -9.683700894486317878 ) ) ;
#313 = CARTESIAN_POINT ( 'NONE',  ( -0.4418602627263137905, 2.248013124569991916, 11.66650514917184900 ) ) ;
#314 = ORIENTED_EDGE ( 'NONE', *, *, #6216, .F. ) ;
#315 = CARTESIAN_POINT ( 'NONE',  ( 12.50000000000000000, 4.293440603042597559E-14, 0.000000000000000000 ) ) ;
#316 = B_SPLINE_CURVE_WITH_KNOTS ( 'NONE', 3,
 ( #830, #4758, #243, #2204, #344, #6128 ),
 .UNSPECIFIED., .F., .F.,
 ( 4, 2, 4 ),
 ( 6.750355665868824080E-15, 0.0004114321570409033260, 0.0008228643140750563009 ),
 .UNSPECIFIED. ) ;
#317 = CARTESIAN_POINT ( 'NONE',  ( 9.764333165413482618, 2.858132490330851372, 1.076613020495250206 ) ) ;
#318 = EDGE_LOOP ( 'NONE', ( #1955, #4310, #1962, #1607 ) ) ;
#319 = CARTESIAN_POINT ( 'NONE',  ( -0.5792320925996011782, 2.814479337438440254, 11.31828296059373962 ) ) ;
#320 = VERTEX_POINT ( 'NONE', #3019 ) ;
#321 = CARTESIAN_POINT ( 'NONE',  ( -1.426220804502271289, 13.90659367275738134, 10.15211312549669564 ) ) ;
#322 = CARTESIAN_POINT ( 'NONE',  ( 0.4377783946867790932, 2.858058730508952205, 11.05709844158797672 ) ) ;
#323 = STYLED_ITEM ( 'NONE', ( #5972 ), #3637 ) ;
#324 = CARTESIAN_POINT ( 'NONE',  ( 10.41033124451139180, 3.695334402585272571, -1.370689798552510164 ) ) ;
#325 = CARTESIAN_POINT ( 'NONE',  ( 0.3055797718362036619, 3.221056088422750374, 10.98046073379063436 ) ) ;
#326 = EDGE_CURVE ( 'NONE', #1274, #3699, #1539, .T. ) ;
#327 = CARTESIAN_POINT ( 'NONE',  ( -0.3999999999999993561, 14.89891484826749313, 0.2000000000000014266 ) ) ;
#328 = CARTESIAN_POINT ( 'NONE',  ( -0.9797680555444748807, 3.756969513007407890, 10.45328894315614043 ) ) ;
#329 = STYLED_ITEM ( 'NONE', ( #3937 ), #4065 ) ;
#330 = CARTESIAN_POINT ( 'NONE',  ( 8.939807275783723028, 3.705625275242153904, 5.514636721203002523 ) ) ;
#331 = CARTESIAN_POINT ( 'NONE',  ( 0.000000000000000000, 14.99997913189735144, -0.05004170141784816672 ) ) ;
#332 = CARTESIAN_POINT ( 'NONE',  ( 0.2946115612881281542, 14.79904254876583103, 0.1668506391212269124 ) ) ;
#333 = EDGE_CURVE ( 'NONE', #6129, #2036, #38, .T. ) ;
#334 = EDGE_CURVE ( 'NONE', #4629, #3514, #1545, .T. ) ;
#335 = CARTESIAN_POINT ( 'NONE',  ( -6.837550468841940621, 9.380226453177987977, 7.611571932995401468 ) ) ;
#336 = CARTESIAN_POINT ( 'NONE',  ( 2.866303143363345018, 3.939984671814131811, -9.921740647484728726 ) ) ;
#337 = ORIENTED_EDGE ( 'NONE', *, *, #2349, .T. ) ;
#338 = CARTESIAN_POINT ( 'NONE',  ( 3.649009177405633686, 7.136646439231496331, -9.781666021164820535 ) ) ;
#339 = CARTESIAN_POINT ( 'NONE',  ( 0.000000000000000000, 14.14193358903634312, 0.000000000000000000 ) ) ;
#340 = CARTESIAN_POINT ( 'NONE',  ( -9.445456904994676606, 10.55301949577976472, -3.879418693589181899 ) ) ;
#341 = CIRCLE ( 'NONE', #229, 0.1270000000000000850 ) ;
#342 = CARTESIAN_POINT ( 'NONE',  ( 3.652781633774368153, 3.756969513007430983, -9.843189600314341092 ) ) ;
#343 = MECHANICAL_DESIGN_GEOMETRIC_PRESENTATION_REPRESENTATION (  '', ( #5059 ), #3964 ) ;
#344 = CARTESIAN_POINT ( 'NONE',  ( 5.537345330770468088, 3.756919615067861429, -8.921230385295620735 ) ) ;
#345 = ORIENTED_EDGE ( 'NONE', *, *, #3715, .F. ) ;
#346 = CARTESIAN_POINT ( 'NONE',  ( 0.000000000000000000, 12.59999999999999964, 4.325449350717825325 ) ) ;
#347 = CARTESIAN_POINT ( 'NONE',  ( 0.4503753127618109198, 14.99797576025023638, 0.2001668056711300436 ) ) ;
#348 = CARTESIAN_POINT ( 'NONE',  ( -0.5097010755346471633, 2.466035327083985429, 11.44549413216616607 ) ) ;
#349 = ORIENTED_EDGE ( 'NONE', *, *, #1547, .T. ) ;
#350 = CARTESIAN_POINT ( 'NONE',  ( 9.301557933968535252, 14.27184673339518106, 1.127749111130795345 ) ) ;
#351 = ORIENTED_EDGE ( 'NONE', *, *, #3358, .T. ) ;
#352 = CARTESIAN_POINT ( 'NONE',  ( 0.000000000000000000, -45.00000000000000000, -0.05004170141784816672 ) ) ;
#353 = ORIENTED_EDGE ( 'NONE', *, *, #2766, .F. ) ;
#354 = CARTESIAN_POINT ( 'NONE',  ( -10.22664949251440092, 13.89599898141194245, -1.400695374760454692 ) ) ;
#355 = CARTESIAN_POINT ( 'NONE',  ( 0.4482623836744528689, 2.728086271049414258, 11.18578811881009116 ) ) ;
#356 = CARTESIAN_POINT ( 'NONE',  ( 0.2994991652754582789, 14.79891665987305416, 0.1996661101836401109 ) ) ;
#357 = CARTESIAN_POINT ( 'NONE',  ( -0.2636365193827614473, 3.265459047594996278, 10.93720783587807155 ) ) ;
#358 = CARTESIAN_POINT ( 'NONE',  ( 10.01744609551042764, 14.14193358903627384, -1.372029545442241316 ) ) ;
#359 = AXIS2_PLACEMENT_3D ( 'NONE', #4327, #1912, #1402 ) ;
#360 = CARTESIAN_POINT ( 'NONE',  ( -10.41033039643336622, 3.695303782910303259, -1.370700333929683046 ) ) ;
#361 = CARTESIAN_POINT ( 'NONE',  ( -2.098764699173059523, 4.129887408484584910, 9.923181911482428674 ) ) ;
#362 = AXIS2_PLACEMENT_3D ( 'NONE', #513, #543, #1446 ) ;
#363 = CARTESIAN_POINT ( 'NONE',  ( 0.1919060918538097738, 3.040917971083483717, 10.92679483103886540 ) ) ;
#364 = CARTESIAN_POINT ( 'NONE',  ( -0.5908632592327092148, 9.076066757764413850, -4.349428467396175613 ) ) ;
#365 = CARTESIAN_POINT ( 'NONE',  ( 6.865433900379652066, 3.852387264938378131, 7.749593400256168607 ) ) ;
#366 = FACE_OUTER_BOUND ( 'NONE', #2075, .T. ) ;
#367 = PRESENTATION_LAYER_ASSIGNMENT (  '', '', ( #5918 ) ) ;
#368 = EDGE_CURVE ( 'NONE', #2857, #1418, #1499, .T. ) ;
#369 = ADVANCED_FACE ( 'NONE', ( #1704 ), #5604, .T. ) ;
#370 = CARTESIAN_POINT ( 'NONE',  ( -1.523259551158697489, 14.16691473715516203, 9.846617735345226663 ) ) ;
#371 = CARTESIAN_POINT ( 'NONE',  ( -0.4418984815233192309, 2.248067789388821236, 11.66644911296667786 ) ) ;
#372 = CARTESIAN_POINT ( 'NONE',  ( -6.887540005056601800, 4.357486222596277159, -7.042831068756497004 ) ) ;
#373 = ORIENTED_EDGE ( 'NONE', *, *, #6109, .T. ) ;
#374 = CARTESIAN_POINT ( 'NONE',  ( -9.820342807678558827, 13.98186165616225374, -3.174308810073718234 ) ) ;
#375 = CARTESIAN_POINT ( 'NONE',  ( 7.059992172531316612, 14.11625251776499645, 7.452492858693807953 ) ) ;
#376 = EDGE_CURVE ( 'NONE', #5558, #2072, #2675, .T. ) ;
#377 = CARTESIAN_POINT ( 'NONE',  ( -8.864698375648234929, 13.92087438189274273, 4.947338659961871166 ) ) ;
#378 = ORIENTED_EDGE ( 'NONE', *, *, #1713, .F. ) ;
#379 = ORIENTED_EDGE ( 'NONE', *, *, #4024, .T. ) ;
#380 = CARTESIAN_POINT ( 'NONE',  ( -5.334749749080567760, 4.357257229811645871, 8.281584192797932786 ) ) ;
#381 = EDGE_LOOP ( 'NONE', ( #2599, #2946, #547, #1180 ) ) ;
#382 = CARTESIAN_POINT ( 'NONE',  ( -0.3065299116674540802, 2.888006037632466771, 11.03064494359341730 ) ) ;
#383 = ORIENTED_EDGE ( 'NONE', *, *, #574, .F. ) ;
#384 = CARTESIAN_POINT ( 'NONE',  ( 9.821631762484114958, 13.89599898141130652, -3.175193993723890884 ) ) ;
#385 = CARTESIAN_POINT ( 'NONE',  ( 3.652781633774368153, 3.756969513007430983, -9.843189600314341092 ) ) ;
#386 = EDGE_LOOP ( 'NONE', ( #3488, #4912, #3189, #4668 ) ) ;
#387 = CARTESIAN_POINT ( 'NONE',  ( 10.33940411865617826, 3.852387265164991081, -0.5358199102305479800 ) ) ;
#388 = CIRCLE ( 'NONE', #5931, 10.32212707612215397 ) ;
#389 = ORIENTED_EDGE ( 'NONE', *, *, #455, .T. ) ;
#390 = B_SPLINE_CURVE_WITH_KNOTS ( 'NONE', 3,
 ( #5935, #4511, #65, #5450, #5993, #1047 ),
 .UNSPECIFIED., .F., .F.,
 ( 4, 2, 4 ),
 ( 0.000000000000000000, 0.0001564688841503790158, 0.0003129377683007580316 ),
 .UNSPECIFIED. ) ;
#391 = CARTESIAN_POINT ( 'NONE',  ( 10.13338705590806299, 13.92087438194840487, -0.6111496338307399467 ) ) ;
#392 = CARTESIAN_POINT ( 'NONE',  ( 0.2579781729781330801, 2.109373735027966656, 12.04358793707021036 ) ) ;
#393 = AXIS2_PLACEMENT_3D ( 'NONE', #3763, #1679, #2726 ) ;
#394 = CARTESIAN_POINT ( 'NONE',  ( -0.3046019073868681537, 14.94911869843592456, 0.02173284355867562481 ) ) ;
#395 = CARTESIAN_POINT ( 'NONE',  ( 0.1326612769033359007, 3.293532448269331780, 10.91148832717848371 ) ) ;
#396 = CARTESIAN_POINT ( 'NONE',  ( 9.730681922050630206, 3.825714322512252963, -3.774281523895429480 ) ) ;
#397 = STYLED_ITEM ( 'NONE', ( #6289 ), #2721 ) ;
#398 = CARTESIAN_POINT ( 'NONE',  ( 1.173643561032054139, 14.10648961878936980, 10.25474920409619628 ) ) ;
#399 = CARTESIAN_POINT ( 'NONE',  ( -5.840452253632950655E-15, 1.702632157470046481, 0.000000000000000000 ) ) ;
#400 = CARTESIAN_POINT ( 'NONE',  ( 0.9094780530126157503, 13.98186332382273633, 10.28047753522530527 ) ) ;
#401 = ORIENTED_EDGE ( 'NONE', *, *, #2054, .T. ) ;
#402 = CARTESIAN_POINT ( 'NONE',  ( 8.864498829233147248, 4.232223357143400477, -4.594277392684593231 ) ) ;
#403 = CARTESIAN_POINT ( 'NONE',  ( -9.065074755084491898, 3.737815694317490056, 5.240344455561730008 ) ) ;
#404 = CARTESIAN_POINT ( 'NONE',  ( 10.13347489080324770, 4.072191106487323076, -5.573683239424705522E-16 ) ) ;
#405 = CARTESIAN_POINT ( 'NONE',  ( -7.057343973021763084, 14.11644886962344003, 7.453346578508705633 ) ) ;
#406 =( NAMED_UNIT ( * ) SI_UNIT ( $, .STERADIAN. ) SOLID_ANGLE_UNIT ( ) );
#407 = CARTESIAN_POINT ( 'NONE',  ( -7.278570055796429017, 4.542803839174422542, -6.437048673841004209 ) ) ;
#408 = ORIENTED_EDGE ( 'NONE', *, *, #4778, .F. ) ;
#409 = CARTESIAN_POINT ( 'NONE',  ( 5.404029149196835399E-16, 12.59999999999994458, 4.325449350717825325 ) ) ;
#410 = EDGE_CURVE ( 'NONE', #3683, #2245, #3615, .T. ) ;
#411 = DIRECTION ( 'NONE',  ( 1.154631945610162644E-14, 0.000000000000000000, -1.000000000000000000 ) ) ;
#412 = CARTESIAN_POINT ( 'NONE',  ( -3.389389598284554772, 3.773495035775524364, -9.921380917833294788 ) ) ;
#413 = AXIS2_PLACEMENT_3D ( 'NONE', #5648, #1812, #722 ) ;
#414 = SURFACE_STYLE_FILL_AREA ( #4725 ) ;
#415 = VERTEX_POINT ( 'NONE', #315 ) ;
#416 = CARTESIAN_POINT ( 'NONE',  ( 10.02144342784131048, 14.15048065422693746, -0.9184548368007158237 ) ) ;
#417 = CARTESIAN_POINT ( 'NONE',  ( 9.004349546222353950, 5.743678914021070447, 4.992369045478895373 ) ) ;
#418 = DIRECTION ( 'NONE',  ( 0.7238150442018841391, 0.000000000000000000, 0.6899940447475069183 ) ) ;
#419 = ORIENTED_EDGE ( 'NONE', *, *, #2409, .F. ) ;
#420 = CIRCLE ( 'NONE', #1544, 59.99830966017004386 ) ;
#421 = EDGE_CURVE ( 'NONE', #5887, #2316, #2516, .T. ) ;
#422 = CARTESIAN_POINT ( 'NONE',  ( 0.2000000000000004552, 14.15750163757763325, 9.400000000000000355 ) ) ;
#423 =( BOUNDED_SURFACE ( )  B_SPLINE_SURFACE ( 3, 2, ( 
 ( #5001, #2528, #3552 ),
 ( #514, #5398, #3981 ),
 ( #5914, #4521, #2502 ),
 ( #5943, #633, #1027 ) ),
 .UNSPECIFIED., .F., .F., .F. ) 
 B_SPLINE_SURFACE_WITH_KNOTS ( ( 4, 4 ),
 ( 3, 3 ),
 ( 0.02776043280204436650, 0.03804866347102137114 ),
 ( 0.000000000000000000, 1.000000000000000000 ),
 .UNSPECIFIED. ) 
 GEOMETRIC_REPRESENTATION_ITEM ( )  RATIONAL_B_SPLINE_SURFACE ( (
 ( 1.000000000000000000, 0.9685162344090961772, 1.000000000000000000),
 ( 1.000000000000000000, 0.9683929456652942136, 1.000000000000000000),
 ( 1.000000000000000000, 0.9682663969835353379, 1.000000000000000000),
 ( 1.000000000000000000, 0.9681363959912725470, 1.000000000000000000) ) ) 
 REPRESENTATION_ITEM ( '' )  SURFACE ( )  );
#424 = ORIENTED_EDGE ( 'NONE', *, *, #5886, .T. ) ;
#425 = CARTESIAN_POINT ( 'NONE',  ( -1.146533965244224573, 4.941562147283573125, -4.318192394071973972 ) ) ;
#426 = CARTESIAN_POINT ( 'NONE',  ( 0.4821062519189864837, 2.252680327147063899, 11.86579097289287965 ) ) ;
#427 = CARTESIAN_POINT ( 'NONE',  ( -0.3783418954285333036, 14.94850345389526147, 0.09552557045092548160 ) ) ;
#428 =( NAMED_UNIT ( * ) SI_UNIT ( $, .STERADIAN. ) SOLID_ANGLE_UNIT ( ) );
#429 = DIRECTION ( 'NONE',  ( -0.5160671963486919145, 0.000000000000000000, -0.8565481007233630706 ) ) ;
#430 = AXIS2_PLACEMENT_3D ( 'NONE', #5302, #2313, #5725 ) ;
#431 = CARTESIAN_POINT ( 'NONE',  ( -6.448251599396528810, 4.130523735213083469, 7.828308483152794928 ) ) ;
#432 = CARTESIAN_POINT ( 'NONE',  ( -5.397083770222133481, 13.89609647592531161, -8.799771599955095169 ) ) ;
#433 = CARTESIAN_POINT ( 'NONE',  ( 0.9801824274220628519, 3.695303782907547241, 10.45433119703551306 ) ) ;
#434 = CARTESIAN_POINT ( 'NONE',  ( 0.5911601993864353810, 2.450239755841083777, 11.62426568789129000 ) ) ;
#435 = CARTESIAN_POINT ( 'NONE',  ( -8.934977985704088965, 3.756870353051222633, 5.520305513523598329 ) ) ;
#436 =( GEOMETRIC_REPRESENTATION_CONTEXT ( 3 ) GLOBAL_UNCERTAINTY_ASSIGNED_CONTEXT ( ( #4988 ) ) GLOBAL_UNIT_ASSIGNED_CONTEXT ( ( #2876, #4753, #890 ) ) REPRESENTATION_CONTEXT ( 'NONE', 'WORKASPACE' ) );
#437 = CARTESIAN_POINT ( 'NONE',  ( -1.680341675009397573, 10.55301949574060849, 10.07189145135015984 ) ) ;
#438 = CARTESIAN_POINT ( 'NONE',  ( 0.3786826651442574132, 14.20223710662777883, 9.403906722240378713 ) ) ;
#439 = CARTESIAN_POINT ( 'NONE',  ( -0.5626179992575151001, 2.371790812460405906, 11.71967485988243318 ) ) ;
#440 = CARTESIAN_POINT ( 'NONE',  ( -7.889474585608140522, 4.556989683349305764, -5.663056285078769569 ) ) ;
#441 = ORIENTED_EDGE ( 'NONE', *, *, #3065, .F. ) ;
#442 = SURFACE_SIDE_STYLE ('',( #3298 ) ) ;
#443 = AXIS2_PLACEMENT_3D ( 'NONE', #5939, #1891, #1534 ) ;
#444 = CARTESIAN_POINT ( 'NONE',  ( -0.5411055080212449075, 2.339537975490088240, 11.75923894226961863 ) ) ;
#445 = ORIENTED_EDGE ( 'NONE', *, *, #994, .T. ) ;
#446 = CARTESIAN_POINT ( 'NONE',  ( -0.4503753127606331397, 14.99797576025013512, 0.2001668056713946098 ) ) ;
#447 = CARTESIAN_POINT ( 'NONE',  ( 9.220391358096179601, 4.445140645211876240, 3.366843099743877854 ) ) ;
#448 = AXIS2_PLACEMENT_3D ( 'NONE', #5898, #1116, #3382 ) ;
#449 = CARTESIAN_POINT ( 'NONE',  ( -10.31079434692802188, 3.939984672038574498, -0.5866439436456957202 ) ) ;
#450 = ORIENTED_EDGE ( 'NONE', *, *, #2410, .F. ) ;
#451 = CARTESIAN_POINT ( 'NONE',  ( -8.958562788038305413, 3.685834350299100226, 5.516420811893744336 ) ) ;
#452 = CIRCLE ( 'NONE', #3210, 10.32212707612201363 ) ;
#453 = ORIENTED_EDGE ( 'NONE', *, *, #5014, .F. ) ;
#454 = EDGE_CURVE ( 'NONE', #2973, #2708, #4472, .T. ) ;
#455 = EDGE_CURVE ( 'NONE', #3230, #2182, #2144, .T. ) ;
#456 = CARTESIAN_POINT ( 'NONE',  ( -10.33939354027392099, 3.852398569612331514, -0.5358056068802111715 ) ) ;
#457 = CARTESIAN_POINT ( 'NONE',  ( 0.5594873863157791005, 2.994142538419383825, 11.19757381126833273 ) ) ;
#458 = CARTESIAN_POINT ( 'NONE',  ( 9.592333091811617862, 14.11644886967202694, -3.653166437850083437 ) ) ;
#459 = CARTESIAN_POINT ( 'NONE',  ( -6.887331829017108831, 3.939984671681221684, 7.695537113495491077 ) ) ;
#460 = CARTESIAN_POINT ( 'NONE',  ( 1.523264834716767879, 14.16691622602022349, 9.846607971602230336 ) ) ;
#461 = EDGE_CURVE ( 'NONE', #2788, #6096, #3607, .T. ) ;
#462 = CARTESIAN_POINT ( 'NONE',  ( 0.9329793050587033010, 10.55301036479241716, 10.33848306195488931 ) ) ;
#463 = CARTESIAN_POINT ( 'NONE',  ( -6.924505334298596715, 13.91281420043058326, 7.501480928271753612 ) ) ;
#464 = CARTESIAN_POINT ( 'NONE',  ( 8.049306169885761975, 14.02533505578656126, -5.197614308345380074 ) ) ;
#465 = B_SPLINE_CURVE_WITH_KNOTS ( 'NONE', 3,
 ( #5778, #2329, #5315, #5807, #2834, #1459, #1393, #1427, #2389, #2900, #1363, #363, #1940, #3381 ),
 .UNSPECIFIED., .F., .F.,
 ( 4, 2, 2, 2, 2, 2, 4 ),
 ( 0.0005572617339483760092, 0.001008030915340706480, 0.001233415506036871553, 0.001458800096733036625, 0.001909569278125367205, 0.002134953868821532277, 0.002360338459517697350 ),
 .UNSPECIFIED. ) ;
#466 = DIRECTION ( 'NONE',  ( 0.000000000000000000, 1.000000000000000000, 0.000000000000000000 ) ) ;
#467 = B_SPLINE_CURVE_WITH_KNOTS ( 'NONE', 3,
 ( #1415, #4372, #3758, #3273 ),
 .UNSPECIFIED., .F., .F.,
 ( 4, 4 ),
 ( 5.131204752301685921E-05, 0.01019202896350846280 ),
 .UNSPECIFIED. ) ;
#468 = CARTESIAN_POINT ( 'NONE',  ( 0.1300846543891191753, 2.982141752830141712, 10.94019181170360078 ) ) ;
#469 = CARTESIAN_POINT ( 'NONE',  ( -7.312484074215752194, 4.455217734084138570, -6.454238045030742832 ) ) ;
#470 = ORIENTED_EDGE ( 'NONE', *, *, #5037, .T. ) ;
#471 = CARTESIAN_POINT ( 'NONE',  ( -0.7209322989526523173, 9.247358019054296108, -9.630011605921344753 ) ) ;
#472 = CARTESIAN_POINT ( 'NONE',  ( 0.3999999999999998002, 14.94819772975965044, 0.1471780043285408068 ) ) ;
#473 = UNCERTAINTY_MEASURE_WITH_UNIT (LENGTH_MEASURE( 1.000000000000000082E-05 ), #3049, 'distance_accuracy_value', 'NONE');
#474 = DIRECTION ( 'NONE',  ( 3.430248998885766964E-15, -1.000000000000000000, -0.000000000000000000 ) ) ;
#475 = ORIENTED_EDGE ( 'NONE', *, *, #3587, .F. ) ;
#476 = B_SPLINE_CURVE_WITH_KNOTS ( 'NONE', 3,
 ( #3445, #886, #5319, #4358 ),
 .UNSPECIFIED., .F., .F.,
 ( 4, 4 ),
 ( 0.001104184918957928224, 0.01124490182513463062 ),
 .UNSPECIFIED. ) ;
#477 = DIRECTION ( 'NONE',  ( 0.000000000000000000, 0.000000000000000000, -1.000000000000000000 ) ) ;
#478 = B_SPLINE_CURVE_WITH_KNOTS ( 'NONE', 3,
 ( #4652, #2739, #3713, #4232, #5751, #370 ),
 .UNSPECIFIED., .F., .F.,
 ( 4, 2, 4 ),
 ( 0.000000000000000000, 0.002909774471026731896, 0.005819548942053463791 ),
 .UNSPECIFIED. ) ;
#479 = DIRECTION ( 'NONE',  ( 3.430248998885766964E-15, -1.000000000000000000, -0.000000000000000000 ) ) ;
#480 = LINE ( 'NONE', #3402, #6295 ) ;
#481 = VERTEX_POINT ( 'NONE', #4244 ) ;
#482 = DIRECTION ( 'NONE',  ( 1.000000000000000000, 3.441691376337973837E-15, 0.000000000000000000 ) ) ;
#483 = ORIENTED_EDGE ( 'NONE', *, *, #3917, .T. ) ;
#484 = CARTESIAN_POINT ( 'NONE',  ( 0.5879546903059305052, 2.374893314551062229, 11.81615383924914475 ) ) ;
#485 = FACE_OUTER_BOUND ( 'NONE', #2624, .T. ) ;
#486 = PRODUCT ( 'MXR_ECB130_KNOB', 'MXR_ECB130_KNOB', '', ( #5830 ) ) ;
#487 = CARTESIAN_POINT ( 'NONE',  ( -0.9916177891815850520, 3.759185968624953134, 10.57971548758896141 ) ) ;
#488 = ADVANCED_FACE ( 'NONE', ( #2753 ), #2243, .T. ) ;
#489 = EDGE_CURVE ( 'NONE', #5790, #2201, #1002, .T. ) ;
#490 = SURFACE_SIDE_STYLE ('',( #4901 ) ) ;
#491 = AXIS2_PLACEMENT_3D ( 'NONE', #1037, #5536, #580 ) ;
#492 = CARTESIAN_POINT ( 'NONE',  ( 10.13338705590806299, 13.92087438194840487, -0.6111496338307399467 ) ) ;
#493 =( BOUNDED_SURFACE ( )  B_SPLINE_SURFACE ( 3, 2, ( 
 ( #763, #6163, #6228 ),
 ( #4696, #312, #4760 ),
 ( #280, #1827, #2240 ),
 ( #4205, #3269, #2655 ),
 ( #1282, #2690, #834 ),
 ( #2786, #3231, #1344 ),
 ( #5107, #4631, #5199 ),
 ( #3659, #5630, #795 ),
 ( #1213, #3168, #4666 ),
 ( #3970, #3536, #4452 ) ),
 .UNSPECIFIED., .F., .F., .T. ) 
 B_SPLINE_SURFACE_WITH_KNOTS ( ( 4, 2, 2, 2, 4 ),
 ( 3, 3 ),
 ( 0.000000000000000000, 0.0003045285108190533795, 0.0006090570216381067589, 0.0009135855324571601384, 0.001218114043276213518 ),
 ( 0.000000000000000000, 1.000000000000000000 ),
 .UNSPECIFIED. ) 
 GEOMETRIC_REPRESENTATION_ITEM ( )  RATIONAL_B_SPLINE_SURFACE ( (
 ( 1.000000000000000000, 0.7157108544796421112, 1.000000000000000000),
 ( 1.000000000000000000, 0.7493138669744987546, 1.000000000000000000),
 ( 1.000000000000000000, 0.7743997047464281636, 1.000000000000000000),
 ( 1.000000000000000000, 0.8080636905500861999, 1.000000000000000000),
 ( 1.000000000000000000, 0.8166266376986273112, 1.000000000000000000),
 ( 1.000000000000000000, 0.8167144120436951038, 1.000000000000000000),
 ( 1.000000000000000000, 0.8081611287251816433, 1.000000000000000000),
 ( 1.000000000000000000, 0.7744540218023930889, 1.000000000000000000),
 ( 1.000000000000000000, 0.7493229199697017950, 1.000000000000000000),
 ( 1.000000000000000000, 0.7157108626052771649, 1.000000000000000000) ) ) 
 REPRESENTATION_ITEM ( '' )  SURFACE ( )  );
#494 = CARTESIAN_POINT ( 'NONE',  ( -9.723322455264010955, 13.89826178183459859, -3.424083321460575924 ) ) ;
#495 = SURFACE_SIDE_STYLE ('',( #4418 ) ) ;
#496 = CARTESIAN_POINT ( 'NONE',  ( 0.3868816792078448308, 2.948119647420928136, 11.03391993230386170 ) ) ;
#497 = CARTESIAN_POINT ( 'NONE',  ( 1.231062401391072036, 4.445072331619892125, -9.738434106854768402 ) ) ;
#498 = CARTESIAN_POINT ( 'NONE',  ( 5.840247463477384215, 13.92087438198672622, -8.303646588081136315 ) ) ;
#499 = CIRCLE ( 'NONE', #3464, 0.1000000000000005329 ) ;
#500 = ADVANCED_FACE ( 'NONE', ( #4207 ), #1699, .T. ) ;
#501 = CARTESIAN_POINT ( 'NONE',  ( -2.180375261619989813E-14, 3.756969513007420325, 0.000000000000000000 ) ) ;
#502 = AXIS2_PLACEMENT_3D ( 'NONE', #2237, #861, #2747 ) ;
#503 = CARTESIAN_POINT ( 'NONE',  ( 0.2618591808795105447, 2.915305823714930522, 11.00440232024586784 ) ) ;
#504 =( GEOMETRIC_REPRESENTATION_CONTEXT ( 3 ) GLOBAL_UNCERTAINTY_ASSIGNED_CONTEXT ( ( #4029 ) ) GLOBAL_UNIT_ASSIGNED_CONTEXT ( ( #1391, #1458, #1966 ) ) REPRESENTATION_CONTEXT ( 'NONE', 'WORKASPACE' ) );
#505 = CARTESIAN_POINT ( 'NONE',  ( -0.1996039603960391706, 14.04035806997846869, 9.499999999999998224 ) ) ;
#506 = ORIENTED_EDGE ( 'NONE', *, *, #957, .F. ) ;
#507 = CARTESIAN_POINT ( 'NONE',  ( -0.2898510244090565235, 9.340437623267343170, -9.617218131476713339 ) ) ;
#508 = DIRECTION ( 'NONE',  ( 0.1356971388224903485, -5.039891872848872153E-15, 0.9907503653874621952 ) ) ;
#509 = DIRECTION ( 'NONE',  ( -1.000000000000000000, 0.000000000000000000, -0.000000000000000000 ) ) ;
#510 = CARTESIAN_POINT ( 'NONE',  ( -3.944304526105059027E-28, 0.000000000000000000, 0.000000000000000000 ) ) ;
#511 = ORIENTED_EDGE ( 'NONE', *, *, #3439, .T. ) ;
#512 = CARTESIAN_POINT ( 'NONE',  ( -9.221327825686710611, 2.802927587491662376, 3.541549320084564467 ) ) ;
#513 = CARTESIAN_POINT ( 'NONE',  ( -5.794852811809767779E-15, 1.689338824584347254, 0.000000000000000000 ) ) ;
#514 = CARTESIAN_POINT ( 'NONE',  ( -5.928551142187751921, 7.124157221319588729, -8.387777009379760784 ) ) ;
#515 = ORIENTED_EDGE ( 'NONE', *, *, #2171, .T. ) ;
#516 = DIRECTION ( 'NONE',  ( -1.000000000000000000, 6.271049248866371178E-13, 0.000000000000000000 ) ) ;
#517 = VERTEX_POINT ( 'NONE', #5272 ) ;
#518 = CARTESIAN_POINT ( 'NONE',  ( 5.372672462892480461, 7.124177037133733847, -8.951826782668817373 ) ) ;
#519 = CARTESIAN_POINT ( 'NONE',  ( 9.821631762483519879, 13.89599898141108447, -3.175193993724763519 ) ) ;
#520 = AXIS2_PLACEMENT_3D ( 'NONE', #3452, #5120, #6084 ) ;
#521 = CARTESIAN_POINT ( 'NONE',  ( 2.099998915673011890, 4.130523736691786851, 9.922316610620370625 ) ) ;
#522 = CIRCLE ( 'NONE', #4119, 10.32212707612273483 ) ;
#523 = CARTESIAN_POINT ( 'NONE',  ( -0.3195960383239845881, 2.106222789924758754, 12.09533224255110540 ) ) ;
#524 = CARTESIAN_POINT ( 'NONE',  ( -0.2324021440753787360, 14.05949827471916080, 9.378787383338718087 ) ) ;
#525 = CARTESIAN_POINT ( 'NONE',  ( 7.318471374548477293, 14.14193358903632713, 6.976508302147322205 ) ) ;
#526 = CARTESIAN_POINT ( 'NONE',  ( 0.000000000000000000, -0.4009999999999569464, 11.50000000000000000 ) ) ;
#527 = FACE_OUTER_BOUND ( 'NONE', #2662, .T. ) ;
#528 = CARTESIAN_POINT ( 'NONE',  ( 6.859090339323544505, 14.02536218360835818, -6.690010626341930333 ) ) ;
#529 =( BOUNDED_SURFACE ( )  B_SPLINE_SURFACE ( 3, 2, ( 
 ( #4386, #2994, #5410 ),
 ( #2422, #2513, #1941 ),
 ( #582, #5896, #5472 ),
 ( #3936, #3903, #942 ) ),
 .UNSPECIFIED., .F., .F., .T. ) 
 B_SPLINE_SURFACE_WITH_KNOTS ( ( 4, 4 ),
 ( 3, 3 ),
 ( -5.421010862427522170E-20, 0.0008838515673736889976 ),
 ( 0.000000000000000000, 1.000000000000000000 ),
 .UNSPECIFIED. ) 
 GEOMETRIC_REPRESENTATION_ITEM ( )  RATIONAL_B_SPLINE_SURFACE ( (
 ( 1.000000000000000000, 0.9271838545667862030, 1.000000000000000000),
 ( 1.000000000000000000, 0.9273783597752328633, 1.000000000000000000),
 ( 1.000000000000000000, 0.9211205639815565061, 1.000000000000000000),
 ( 1.000000000000000000, 0.9101417909501391401, 1.000000000000000000) ) ) 
 REPRESENTATION_ITEM ( '' )  SURFACE ( )  );
#530 = CARTESIAN_POINT ( 'NONE',  ( -10.18651290995763858, 10.93265526037025204, -0.6038797109183201561 ) ) ;
#531 = CARTESIAN_POINT ( 'NONE',  ( 6.887347911552355484, 3.939973367885870381, 7.695536940860502995 ) ) ;
#532 = EDGE_CURVE ( 'NONE', #4122, #1409, #3212, .T. ) ;
#533 = EDGE_CURVE ( 'NONE', #858, #5208, #5606, .T. ) ;
#534 = CIRCLE ( 'NONE', #3405, 0.04999999999999941297 ) ;
#535 = CARTESIAN_POINT ( 'NONE',  ( 0.1571109674664905864, 3.052852431003417522, 10.91307916905589259 ) ) ;
#536 = CARTESIAN_POINT ( 'NONE',  ( 0.2525750858414753108, 14.99951217269913428, 4.385050970367119214E-05 ) ) ;
#537 = VERTEX_POINT ( 'NONE', #1026 ) ;
#538 = CARTESIAN_POINT ( 'NONE',  ( 1.267171991927302566, 8.764103355711108989, -9.666030114355853797 ) ) ;
#539 = PRESENTATION_STYLE_ASSIGNMENT (( #2976 ) ) ;
#540 = EDGE_CURVE ( 'NONE', #956, #6106, #5085, .T. ) ;
#541 = CARTESIAN_POINT ( 'NONE',  ( 6.269339926927187889, 2.592697781891223130, 7.915659985452697001 ) ) ;
#542 = ORIENTED_EDGE ( 'NONE', *, *, #957, .T. ) ;
#543 = DIRECTION ( 'NONE',  ( -3.430248998885766964E-15, 1.000000000000000000, 0.000000000000000000 ) ) ;
#544 = CARTESIAN_POINT ( 'NONE',  ( -3.169124865098247521E-16, 9.150000000000005684, -4.385669324720177897 ) ) ;
#545 = ORIENTED_EDGE ( 'NONE', *, *, #5129, .T. ) ;
#546 = B_SPLINE_CURVE_WITH_KNOTS ( 'NONE', 3,
 ( #3509, #5932, #4001, #1071, #3027, #3539 ),
 .UNSPECIFIED., .F., .F.,
 ( 4, 2, 4 ),
 ( 2.710505431213761085E-20, 0.0001954345450366226048, 0.0003908690900732451554 ),
 .UNSPECIFIED. ) ;
#547 = ORIENTED_EDGE ( 'NONE', *, *, #2463, .F. ) ;
#548 = CARTESIAN_POINT ( 'NONE',  ( -0.3092777879795551299, 14.89940019941734306, -3.572228087636959807E-13 ) ) ;
#549 = CARTESIAN_POINT ( 'NONE',  ( 8.814683203786472632, 3.669383407414570364, 5.771881047856824765 ) ) ;
#550 = CARTESIAN_POINT ( 'NONE',  ( 9.222757987588931172, 4.393311591948115158, 3.358105277242919406 ) ) ;
#551 = CIRCLE ( 'NONE', #4039, 0.2539999999999999480 ) ;
#552 = CARTESIAN_POINT ( 'NONE',  ( 0.1381941780521310503, 2.045009819536319551, 12.16003288495271306 ) ) ;
#553 = CARTESIAN_POINT ( 'NONE',  ( -0.2107349684633469111, 14.05870377913135627, 9.384307178631051016 ) ) ;
#554 = CARTESIAN_POINT ( 'NONE',  ( -5.151169843628068179, 13.89156607017604017, -8.650630673204744880 ) ) ;
#555 = CARTESIAN_POINT ( 'NONE',  ( -9.395034150589840038, 13.92087438211477668, -3.846085072605389232 ) ) ;
#556 = CARTESIAN_POINT ( 'NONE',  ( 9.463393389648096843, 9.351067230572184030, -3.891376690345430767 ) ) ;
#557 = SURFACE_STYLE_FILL_AREA ( #2904 ) ;
#558 = CARTESIAN_POINT ( 'NONE',  ( -0.4503753127628522535, 14.26162960530022694, 9.373411088229016030 ) ) ;
#559 = CARTESIAN_POINT ( 'NONE',  ( 0.9797573747282171119, 3.756969513007438977, 10.45328994424440161 ) ) ;
#560 = CARTESIAN_POINT ( 'NONE',  ( 8.492991409215598253, 14.14193358903630582, 5.487600880216191079 ) ) ;
#561 = CARTESIAN_POINT ( 'NONE',  ( 0.3044743883614827173, 14.94911954206411231, 0.02165806348126634792 ) ) ;
#562 = CARTESIAN_POINT ( 'NONE',  ( 0.2994991652754604994, 14.07409618859462164, 9.284474123539228074 ) ) ;
#563 = VERTEX_POINT ( 'NONE', #1921 ) ;
#564 = CARTESIAN_POINT ( 'NONE',  ( 2.387729007754576305, 7.357491745125024352, -9.796435991802466603 ) ) ;
#565 = EDGE_CURVE ( 'NONE', #2182, #2106, #667, .T. ) ;
#566 = ADVANCED_FACE ( 'NONE', ( #3370 ), #3125, .T. ) ;
#567 = CARTESIAN_POINT ( 'NONE',  ( 9.848562310704867429, 2.150910931635132695, -3.709659864637601334 ) ) ;
#568 = DIRECTION ( 'NONE',  ( 1.000000000000000000, 0.000000000000000000, 0.000000000000000000 ) ) ;
#569 = EDGE_LOOP ( 'NONE', ( #1287, #3407, #6186, #841 ) ) ;
#570 = CARTESIAN_POINT ( 'NONE',  ( -9.579072580626961653, 18.50824899910196208, 0.7413145048308098506 ) ) ;
#571 = CARTESIAN_POINT ( 'NONE',  ( -1.659063915805393696, 13.92087438204728223, 10.01531547227525110 ) ) ;
#572 = ORIENTED_EDGE ( 'NONE', *, *, #5479, .T. ) ;
#573 = CARTESIAN_POINT ( 'NONE',  ( -8.430105758845947150, 14.14193358903613529, 5.582562874228265137 ) ) ;
#574 = EDGE_CURVE ( 'NONE', #4236, #3133, #4083, .T. ) ;
#575 = VERTEX_POINT ( 'NONE', #5366 ) ;
#576 = CARTESIAN_POINT ( 'NONE',  ( -0.2135892702222081663, 1.844490286198470441, 12.07730746448764414 ) ) ;
#577 = CARTESIAN_POINT ( 'NONE',  ( 0.000000000000000000, -45.00000000000000000, 0.09983305509181962523 ) ) ;
#578 = CARTESIAN_POINT ( 'NONE',  ( -9.214511777190303121, 4.034081445266161303, -4.313020763098722732 ) ) ;
#579 = CARTESIAN_POINT ( 'NONE',  ( 10.33940411865617826, 3.852387265164991081, -0.5358199102305479800 ) ) ;
#580 = DIRECTION ( 'NONE',  ( 0.000000000000000000, -0.9999944348445511944, -0.003336207416594514849 ) ) ;
#581 = CARTESIAN_POINT ( 'NONE',  ( 1.951232946988232131, 8.029868695393629352, -9.550908199655582465 ) ) ;
#582 = CARTESIAN_POINT ( 'NONE',  ( -9.749047936151105986, 3.737815695012499440, -3.820059509052513125 ) ) ;
#583 = CARTESIAN_POINT ( 'NONE',  ( 9.462085389180279194, 9.438544898786446424, -3.890508791234222219 ) ) ;
#584 = CARTESIAN_POINT ( 'NONE',  ( 7.370119575178223137, 3.756870353063266776, 7.482575894389493776 ) ) ;
#585 = CARTESIAN_POINT ( 'NONE',  ( 0.3316799566643859887, 14.23736738016117265, 9.530404426029040366 ) ) ;
#586 = DIRECTION ( 'NONE',  ( 1.000000000000000000, 0.000000000000000000, 0.000000000000000000 ) ) ;
#587 = AXIS2_PLACEMENT_3D ( 'NONE', #3989, #5947, #1087 ) ;
#588 = CARTESIAN_POINT ( 'NONE',  ( -9.547964767945398279, 3.852387266444447622, -4.003342262243314131 ) ) ;
#589 = CARTESIAN_POINT ( 'NONE',  ( 1.434462418834785868, 5.162156597554875326, -9.552869934276760233 ) ) ;
#590 = CARTESIAN_POINT ( 'NONE',  ( -1.035504396617922485, 8.915222139407273261, -9.648591759255722877 ) ) ;
#591 =( GEOMETRIC_REPRESENTATION_CONTEXT ( 3 ) GLOBAL_UNCERTAINTY_ASSIGNED_CONTEXT ( ( #4787 ) ) GLOBAL_UNIT_ASSIGNED_CONTEXT ( ( #4447, #3050, #1120 ) ) REPRESENTATION_CONTEXT ( 'NONE', 'WORKASPACE' ) );
#592 = CARTESIAN_POINT ( 'NONE',  ( 9.665794672950784872, 17.85362186619743241, -3.505399426109103267 ) ) ;
#593 = CARTESIAN_POINT ( 'NONE',  ( 0.4000000000000010769, 14.17288230262237114, 9.299999999999997158 ) ) ;
#594 = ORIENTED_EDGE ( 'NONE', *, *, #5720, .T. ) ;
#595 = CARTESIAN_POINT ( 'NONE',  ( -9.264485010373249452, 2.858135685518791824, 3.266590643050400367 ) ) ;
#596 =( LENGTH_UNIT ( ) NAMED_UNIT ( * ) SI_UNIT ( .MILLI., .METRE. ) );
#597 = ADVANCED_FACE ( 'NONE', ( #2435 ), #3605, .T. ) ;
#598 = FACE_OUTER_BOUND ( 'NONE', #4604, .T. ) ;
#599 = VERTEX_POINT ( 'NONE', #2920 ) ;
#600 = CARTESIAN_POINT ( 'NONE',  ( -8.606160703922107302, 13.89599898141095302, 5.699149525490048163 ) ) ;
#601 = ORIENTED_EDGE ( 'NONE', *, *, #4382, .F. ) ;
#602 = ORIENTED_EDGE ( 'NONE', *, *, #3802, .F. ) ;
#603 = CARTESIAN_POINT ( 'NONE',  ( -0.1304309534384684721, 2.004019802800963035, 11.91835230244019073 ) ) ;
#604 = ADVANCED_FACE ( 'NONE', ( #4950 ), #4493, .T. ) ;
#605 = CARTESIAN_POINT ( 'NONE',  ( 5.419086927478023341, 3.695334402581780253, -8.993735820933615344 ) ) ;
#606 = CARTESIAN_POINT ( 'NONE',  ( 7.531741680103079872, 7.136646439224672456, 7.229738955767381903 ) ) ;
#607 = ADVANCED_FACE ( 'NONE', ( #4886 ), #1000, .T. ) ;
#608 = VERTEX_POINT ( 'NONE', #1380 ) ;
#609 = FACE_OUTER_BOUND ( 'NONE', #963, .T. ) ;
#610 = COLOUR_RGB ( '',1.000000000000000000, 1.000000000000000000, 1.000000000000000000 ) ;
#611 = CARTESIAN_POINT ( 'NONE',  ( -0.2985841751016903300, 14.07165398794201572, 9.300032484881491257 ) ) ;
#612 = AXIS2_PLACEMENT_3D ( 'NONE', #6251, #2333, #3744 ) ;
#613 = CARTESIAN_POINT ( 'NONE',  ( 9.340690621760137091, 4.429245852761225954, 2.894034752107332853 ) ) ;
#614 = CARTESIAN_POINT ( 'NONE',  ( 5.960454062681189491, 3.794958672116268250, -8.536458016873337940 ) ) ;
#615 = UNCERTAINTY_MEASURE_WITH_UNIT (LENGTH_MEASURE( 1.000000000000000082E-05 ), #4527, 'distance_accuracy_value', 'NONE');
#616 = CARTESIAN_POINT ( 'NONE',  ( -0.1996661101836391394, 14.05874120078701495, 9.384307178631051016 ) ) ;
#617 = CARTESIAN_POINT ( 'NONE',  ( 2.856081122457400756, 10.55301040811383828, -9.803526863516895062 ) ) ;
#618 = CIRCLE ( 'NONE', #4426, 59.89991652748775408 ) ;
#619 =( BOUNDED_SURFACE ( )  B_SPLINE_SURFACE ( 3, 2, ( 
 ( #4069, #4037, #1131 ),
 ( #6024, #4616, #4550 ),
 ( #6088, #3646, #4004 ),
 ( #5546, #3095, #66 ) ),
 .UNSPECIFIED., .F., .F., .T. ) 
 B_SPLINE_SURFACE_WITH_KNOTS ( ( 4, 4 ),
 ( 3, 3 ),
 ( 0.000000000000000000, 0.0008858189360163274025 ),
 ( 0.000000000000000000, 1.000000000000000000 ),
 .UNSPECIFIED. ) 
 GEOMETRIC_REPRESENTATION_ITEM ( )  RATIONAL_B_SPLINE_SURFACE ( (
 ( 1.000000000000000000, 0.9101407218992593195, 1.000000000000000000),
 ( 1.000000000000000000, 0.9211338130570964067, 1.000000000000000000),
 ( 1.000000000000000000, 0.9273812954085496330, 1.000000000000000000),
 ( 1.000000000000000000, 0.9271838545667870912, 1.000000000000000000) ) ) 
 REPRESENTATION_ITEM ( '' )  SURFACE ( )  );
#620 = CARTESIAN_POINT ( 'NONE',  ( 7.126126979904660708, 3.737815694396836363, 7.671708062281475726 ) ) ;
#621 = CARTESIAN_POINT ( 'NONE',  ( 0.9798409417411951816, 3.705665997290569447, 10.45418154275538924 ) ) ;
#622 = B_SPLINE_CURVE_WITH_KNOTS ( 'NONE', 3,
 ( #1343, #3302, #5269, #863, #2817, #1281, #4304, #4795, #5692, #2749, #380, #2341, #5300, #4204 ),
 .UNSPECIFIED., .F., .F.,
 ( 4, 2, 2, 2, 2, 2, 4 ),
 ( 0.000000000000000000, 0.0007339284078475023093, 0.001467856815695004619, 0.002935713631390010538, 0.003669642039237515450, 0.004403570447085019927, 0.005871427262780028015 ),
 .UNSPECIFIED. ) ;
#623 = DIRECTION ( 'NONE',  ( -0.000000000000000000, 1.000000000000000000, -0.000000000000000000 ) ) ;
#624 = DIRECTION ( 'NONE',  ( 3.430248998885766964E-15, -1.000000000000000000, -0.000000000000000000 ) ) ;
#625 = CARTESIAN_POINT ( 'NONE',  ( -2.323118510371569023, 6.184680871267180358, -9.809197022810955957 ) ) ;
#626 = CARTESIAN_POINT ( 'NONE',  ( 9.462789211457909744, 2.393125948419925209, -4.049167658081053389 ) ) ;
#627 = CIRCLE ( 'NONE', #2483, 59.79991666684085061 ) ;
#628 = CARTESIAN_POINT ( 'NONE',  ( 2.983993137646636207, 13.91281420044248840, -9.763031045468961722 ) ) ;
#629 = ORIENTED_EDGE ( 'NONE', *, *, #4658, .T. ) ;
#630 = CARTESIAN_POINT ( 'NONE',  ( 8.648128197992061672, 14.16691622592401956, 4.948323249908358257 ) ) ;
#631 = CARTESIAN_POINT ( 'NONE',  ( 0.5989341001116929020, 4.529381233635652038, -9.708769548046992881 ) ) ;
#632 = EDGE_LOOP ( 'NONE', ( #6039, #2924, #4335, #2630 ) ) ;
#633 = CARTESIAN_POINT ( 'NONE',  ( -5.632749736768201565, 13.98371707605480019, -8.657681326788811305 ) ) ;
#634 = ORIENTED_EDGE ( 'NONE', *, *, #4536, .F. ) ;
#635 = DIRECTION ( 'NONE',  ( 0.000000000000000000, 0.000000000000000000, -1.000000000000000000 ) ) ;
#636 = COLOUR_RGB ( '',1.000000000000000000, 1.000000000000000000, 1.000000000000000000 ) ;
#637 = VERTEX_POINT ( 'NONE', #2473 ) ;
#638 = CARTESIAN_POINT ( 'NONE',  ( 8.755805859408352987, 13.89619475092352907, 5.473168057859660429 ) ) ;
#639 = CARTESIAN_POINT ( 'NONE',  ( 3.012247992362082183, 14.15872707063393499, -9.549049508188897306 ) ) ;
#640 = DIRECTION ( 'NONE',  ( -1.000000000000000000, 0.000000000000000000, 0.000000000000000000 ) ) ;
#641 = ORIENTED_EDGE ( 'NONE', *, *, #288, .F. ) ;
#642 = DIRECTION ( 'NONE',  ( 0.000000000000000000, 0.000000000000000000, 1.000000000000000000 ) ) ;
#643 = EDGE_CURVE ( 'NONE', #4341, #3514, #688, .T. ) ;
#644 = EDGE_CURVE ( 'NONE', #3514, #2621, #3924, .T. ) ;
#645 = VERTEX_POINT ( 'NONE', #4491 ) ;
#646 = FILL_AREA_STYLE ('',( #5049 ) ) ;
#647 = CARTESIAN_POINT ( 'NONE',  ( 2.235062780088597378, 7.197706210453232778, -9.602898912099369966 ) ) ;
#648 = CARTESIAN_POINT ( 'NONE',  ( -0.5879546903060821617, 2.374893314551367318, 11.81615383924883034 ) ) ;
#649 = AXIS2_PLACEMENT_3D ( 'NONE', #5413, #2967, #947 ) ;
#650 = CARTESIAN_POINT ( 'NONE',  ( -5.661776840039156156, 3.705625275237166338, -8.847353011427886216 ) ) ;
#651 = AXIS2_PLACEMENT_3D ( 'NONE', #526, #1996, #3968 ) ;
#652 = ADVANCED_FACE ( 'NONE', ( #3101 ), #2337, .F. ) ;
#653 = CARTESIAN_POINT ( 'NONE',  ( 5.644696753999447481, 14.16691473709441240, -8.210578484418029177 ) ) ;
#654 = CONICAL_SURFACE ( 'NONE', #4255, 10.49999999999999822, 0.01745329251994333364 ) ;
#655 = CARTESIAN_POINT ( 'NONE',  ( -2.180755411353148492E-14, 3.759185968624975338, 0.000000000000000000 ) ) ;
#656 = CARTESIAN_POINT ( 'NONE',  ( -2.866317708478580695, 3.939973367754325384, -9.921747470053977835 ) ) ;
#657 = CARTESIAN_POINT ( 'NONE',  ( 0.2937663948824983384, 14.06887488232367467, 9.317817418345834213 ) ) ;
#658 = CARTESIAN_POINT ( 'NONE',  ( -1.921280044574319001, 5.401099465743621764, -9.778888665674104530 ) ) ;
#659 = CARTESIAN_POINT ( 'NONE',  ( 7.747668820326440553, 18.63523629227600509, -5.456461206384424223 ) ) ;
#660 = CARTESIAN_POINT ( 'NONE',  ( 3.514911784806260542, 13.89609647592518726, -9.706177856354916145 ) ) ;
#661 = ORIENTED_EDGE ( 'NONE', *, *, #5014, .T. ) ;
#662 = CARTESIAN_POINT ( 'NONE',  ( 2.866509565691027550, 14.13480499333559592, -9.741867319881844622 ) ) ;
#663 = CARTESIAN_POINT ( 'NONE',  ( -2.105408566091121703, 4.121999043546566988, 9.923787052403753250 ) ) ;
#664 = AXIS2_PLACEMENT_3D ( 'NONE', #2518, #2577, #4064 ) ;
#665 = VERTEX_POINT ( 'NONE', #5942 ) ;
#666 = CARTESIAN_POINT ( 'NONE',  ( -1.021067872766425744, 4.891210287033090687, -9.527320607025691501 ) ) ;
#667 = CIRCLE ( 'NONE', #4271, 0.2540000000000002811 ) ;
#668 = ORIENTED_EDGE ( 'NONE', *, *, #3081, .T. ) ;
#669 = ORIENTED_EDGE ( 'NONE', *, *, #2417, .T. ) ;
#670 = CARTESIAN_POINT ( 'NONE',  ( -2.823119647935207421, 3.852387264806829581, -9.960942523975422347 ) ) ;
#671 = ORIENTED_EDGE ( 'NONE', *, *, #1234, .F. ) ;
#672 = CARTESIAN_POINT ( 'NONE',  ( -9.160844301152286207, 4.199595318528012378, 4.051606830577518359 ) ) ;
#673 = CARTESIAN_POINT ( 'NONE',  ( 9.279293952249686228, 18.65357855268362997, 1.826426979560209496 ) ) ;
#674 = ORIENTED_EDGE ( 'NONE', *, *, #3477, .F. ) ;
#675 = CARTESIAN_POINT ( 'NONE',  ( 9.725618641056929192, 4.413260045818420352, 1.232352286807036013 ) ) ;
#676 = ORIENTED_EDGE ( 'NONE', *, *, #2959, .F. ) ;
#677 = CARTESIAN_POINT ( 'NONE',  ( 0.3162495910318883774, 2.986016501834682479, 10.99011158458664283 ) ) ;
#678 = CARTESIAN_POINT ( 'NONE',  ( -0.3046018665899637434, 14.94911869877692290, 0.02173280265069122558 ) ) ;
#679 = EDGE_CURVE ( 'NONE', #4337, #645, #5732, .T. ) ;
#680 = CARTESIAN_POINT ( 'NONE',  ( 5.885969378451806122, 13.99046237906549450, 7.824792810172849222 ) ) ;
#681 = CARTESIAN_POINT ( 'NONE',  ( -9.265395463240045260, 4.375942863682248607, 3.308456750147417580 ) ) ;
#682 = CARTESIAN_POINT ( 'NONE',  ( -6.887331829017108831, 3.939984671681221684, 7.695537113495491077 ) ) ;
#683 = CARTESIAN_POINT ( 'NONE',  ( 1.513276781707508123, 3.825112817655127895, 10.32732672835207843 ) ) ;
#684 = CARTESIAN_POINT ( 'NONE',  ( -8.207885780413811005, 4.500878754067860754, -5.295047235069323399 ) ) ;
#685 = EDGE_CURVE ( 'NONE', #4337, #3044, #74, .T. ) ;
#686 = CARTESIAN_POINT ( 'NONE',  ( 2.207770940079101241, 6.400825745115628962, -9.614318342817780305 ) ) ;
#687 = CARTESIAN_POINT ( 'NONE',  ( -0.8211544116897876444, 4.787356236339602944, -9.516476465657477846 ) ) ;
#688 = B_SPLINE_CURVE_WITH_KNOTS ( 'NONE', 3,
 ( #15, #1957, #5882, #4826, #1414, #3339, #1510, #5303, #417, #2375 ),
 .UNSPECIFIED., .F., .F.,
 ( 4, 3, 3, 4 ),
 ( 0.001079297928223282204, 0.005562350630955871511, 0.005649842381818649152, 0.01106179590302258306 ),
 .UNSPECIFIED. ) ;
#689 = B_SPLINE_CURVE_WITH_KNOTS ( 'NONE', 3,
 ( #2058, #5118, #3144, #4607, #4126, #1220 ),
 .UNSPECIFIED., .F., .F.,
 ( 4, 2, 4 ),
 ( 1.742330095302998896E-18, 0.0001588359632157537596, 0.0003176719264315057845 ),
 .UNSPECIFIED. ) ;
#690 = CARTESIAN_POINT ( 'NONE',  ( 7.430252081578899492, 2.950869603212185943, -6.283899936408488429 ) ) ;
#691 = MECHANICAL_DESIGN_GEOMETRIC_PRESENTATION_REPRESENTATION (  '', ( #2120 ), #4711 ) ;
#692 = FACE_OUTER_BOUND ( 'NONE', #2168, .T. ) ;
#693 = CARTESIAN_POINT ( 'NONE',  ( 8.238944976015666555, 4.398893506688795085, -5.324571639584406491 ) ) ;
#694 = CARTESIAN_POINT ( 'NONE',  ( 2.159215952985437781, 5.778409081575659023, -9.797336351981410729 ) ) ;
#695 = CARTESIAN_POINT ( 'NONE',  ( -0.5605687141278954400, 2.932361579970825805, -9.733484038909931968 ) ) ;
#696 = CARTESIAN_POINT ( 'NONE',  ( 9.039350368699384575, 3.695303822357116186, 5.003571968433298878 ) ) ;
#697 = CIRCLE ( 'NONE', #801, 0.2539999999999997815 ) ;
#698 = ORIENTED_EDGE ( 'NONE', *, *, #410, .F. ) ;
#699 = CARTESIAN_POINT ( 'NONE',  ( -2.866521638112185411, 14.13480330067616642, -9.741874037048265933 ) ) ;
#700 = AXIS2_PLACEMENT_3D ( 'NONE', #3643, #3610, #2192 ) ;
#701 = B_SPLINE_CURVE_WITH_KNOTS ( 'NONE', 3,
 ( #2123, #60, #3575, #4613 ),
 .UNSPECIFIED., .F., .F.,
 ( 4, 4 ),
 ( 5.131204752301416904E-05, 0.01019202896350827371 ),
 .UNSPECIFIED. ) ;
#702 = CARTESIAN_POINT ( 'NONE',  ( -0.9832374858107352233, 3.669383407414261722, 10.49030480301819956 ) ) ;
#703 = ORIENTED_EDGE ( 'NONE', *, *, #4778, .T. ) ;
#704 = CARTESIAN_POINT ( 'NONE',  ( 7.501567319017867774, 10.51632293795440631, 7.175963760832865468 ) ) ;
#705 = CARTESIAN_POINT ( 'NONE',  ( 0.5989341001116929020, 4.529381233635652038, -9.708769548046992881 ) ) ;
#706 = VERTEX_POINT ( 'NONE', #1662 ) ;
#707 = CARTESIAN_POINT ( 'NONE',  ( 8.797780899408801147, 14.30647375471304628, 3.018092769965134092 ) ) ;
#708 = ORIENTED_EDGE ( 'NONE', *, *, #2291, .F. ) ;
#709 = CARTESIAN_POINT ( 'NONE',  ( -1.271135707741128398E-14, 3.705665997290550795, 0.000000000000000000 ) ) ;
#710 = FILL_AREA_STYLE_COLOUR ( '', #175 ) ;
#711 = CARTESIAN_POINT ( 'NONE',  ( 5.677900884656038372, 3.685834350369234791, -8.857098133347225399 ) ) ;
#712 = DIRECTION ( 'NONE',  ( 0.000000000000000000, 0.000000000000000000, -1.000000000000000000 ) ) ;
#713 = CARTESIAN_POINT ( 'NONE',  ( 9.975038907039458280, 13.89156607017623379, -1.366221287033207332 ) ) ;
#714 = CARTESIAN_POINT ( 'NONE',  ( 0.4503753127606332507, 14.99797576025013512, 0.2001668056713942490 ) ) ;
#715 = CARTESIAN_POINT ( 'NONE',  ( -3.641209030556613158, 13.89599898141095480, -9.658566362116294712 ) ) ;
#716 = CARTESIAN_POINT ( 'NONE',  ( -1.785641216791264974, 8.276647777611565004, -4.023356088377640916 ) ) ;
#717 = AXIS2_PLACEMENT_3D ( 'NONE', #2781, #2306, #6222 ) ;
#718 = CARTESIAN_POINT ( 'NONE',  ( 5.101226031382409154, 4.413118831988531277, 8.371778821093721845 ) ) ;
#719 = CARTESIAN_POINT ( 'NONE',  ( -1.935787009582311535, 5.745121580499205294, -9.592802875874742341 ) ) ;
#720 = EDGE_CURVE ( 'NONE', #254, #6355, #2459, .T. ) ;
#721 = EDGE_CURVE ( 'NONE', #995, #599, #6212, .T. ) ;
#722 = DIRECTION ( 'NONE',  ( 0.000000000000000000, 0.000000000000000000, 1.000000000000000000 ) ) ;
#723 = ORIENTED_EDGE ( 'NONE', *, *, #721, .T. ) ;
#724 = CARTESIAN_POINT ( 'NONE',  ( -0.9775725982820275828, 14.27269387280929713, -9.460640093596742517 ) ) ;
#725 = FACE_OUTER_BOUND ( 'NONE', #285, .T. ) ;
#726 = DIRECTION ( 'NONE',  ( 0.000000000000000000, -0.7160162785037522681, -0.6980835830454953372 ) ) ;
#727 = CARTESIAN_POINT ( 'NONE',  ( 10.24496540905249198, 13.89609646582235492, -1.266954879199810202 ) ) ;
#728 = STYLED_ITEM ( 'NONE', ( #783 ), #3750 ) ;
#729 = EDGE_CURVE ( 'NONE', #1799, #2334, #1614, .T. ) ;
#730 = CARTESIAN_POINT ( 'NONE',  ( -0.2612555132224165244, 2.080060097434881961, 12.12295662409185049 ) ) ;
#731 = ORIENTED_EDGE ( 'NONE', *, *, #720, .T. ) ;
#732 = ORIENTED_EDGE ( 'NONE', *, *, #5048, .T. ) ;
#733 = CARTESIAN_POINT ( 'NONE',  ( 8.648128197992061672, 14.16691622592402133, 4.948323249908357369 ) ) ;
#734 = DIRECTION ( 'NONE',  ( -1.000000000000000000, -3.424503811541026798E-15, 0.000000000000000000 ) ) ;
#735 = B_SPLINE_CURVE_WITH_KNOTS ( 'NONE', 3,
 ( #2254, #1294, #2801, #5282 ),
 .UNSPECIFIED., .F., .F.,
 ( 4, 4 ),
 ( 0.000000000000000000, 0.0008791099585163411568 ),
 .UNSPECIFIED. ) ;
#736 = CARTESIAN_POINT ( 'NONE',  ( -1.659063915805474076, 13.92087438204730709, 10.01531547227517471 ) ) ;
#737 = CARTESIAN_POINT ( 'NONE',  ( 1.778359665876806162, 3.852398570021291491, 10.19939132102191870 ) ) ;
#738 = CARTESIAN_POINT ( 'NONE',  ( 2.249999999999999112, 6.899999999999999467, -3.810199798879392752 ) ) ;
#739 = ORIENTED_EDGE ( 'NONE', *, *, #881, .T. ) ;
#740 = CARTESIAN_POINT ( 'NONE',  ( 10.31080423936761825, 3.939973368112480667, -0.5866566252628436784 ) ) ;
#741 = ORIENTED_EDGE ( 'NONE', *, *, #5952, .T. ) ;
#742 = CARTESIAN_POINT ( 'NONE',  ( 0.4611882724469568151, 3.123450131824483833, 11.07266510071292664 ) ) ;
#743 = CARTESIAN_POINT ( 'NONE',  ( -1.180428351637739566E-16, 4.649999999999998579, -4.464217116897155613 ) ) ;
#744 = AXIS2_PLACEMENT_3D ( 'NONE', #4882, #2916, #3427 ) ;
#745 = DIRECTION ( 'NONE',  ( 0.000000000000000000, 0.000000000000000000, 1.000000000000000000 ) ) ;
#746 = CARTESIAN_POINT ( 'NONE',  ( 0.2662492425533530827, 14.99942478145958447, -0.05004170141784865938 ) ) ;
#747 = DIRECTION ( 'NONE',  ( 1.000000000000000000, 0.000000000000000000, 0.000000000000000000 ) ) ;
#748 = AXIS2_PLACEMENT_3D ( 'NONE', #1150, #5663, #2754 ) ;
#749 = CARTESIAN_POINT ( 'NONE',  ( -1.006562356186897267, 8.917774710579600139, -4.275043198377427522 ) ) ;
#750 = CARTESIAN_POINT ( 'NONE',  ( -5.493903005721202604, 2.805539685494999880, 8.206243862359400509 ) ) ;
#751 = CARTESIAN_POINT ( 'NONE',  ( -2.109235245835190398, 7.728391875537749200, -9.756534131717986114 ) ) ;
#752 = VECTOR ( 'NONE', #3704, 1000.000000000000000 ) ;
#753 = CARTESIAN_POINT ( 'NONE',  ( -7.150656215948393069, 14.14412282275095123, 7.131167690118871860 ) ) ;
#754 = FILL_AREA_STYLE ('',( #5160 ) ) ;
#755 = CARTESIAN_POINT ( 'NONE',  ( 6.255306094319772470, 4.034081444025630958, -8.023747321944334487 ) ) ;
#756 = CARTESIAN_POINT ( 'NONE',  ( 1.687453535030930762, 9.438544898690730989, 10.09057080336627266 ) ) ;
#757 = CARTESIAN_POINT ( 'NONE',  ( -4.655872269461018398, 4.542813483222296611, 8.528528635161633176 ) ) ;
#758 = EDGE_CURVE ( 'NONE', #5047, #1832, #5317, .T. ) ;
#759 = EDGE_CURVE ( 'NONE', #6096, #5915, #3980, .T. ) ;
#760 = CARTESIAN_POINT ( 'NONE',  ( -10.24496516587074346, 13.89609647592527786, -1.266957846293435441 ) ) ;
#761 = SURFACE_STYLE_USAGE ( .BOTH. , #5754 ) ;
#762 = CARTESIAN_POINT ( 'NONE',  ( -7.750136172675767376, 18.63507523847747649, -5.453459313621049631 ) ) ;
#763 = CARTESIAN_POINT ( 'NONE',  ( -0.5556731930363409955, 4.719695594064720723, -9.508894046428109093 ) ) ;
#764 = CARTESIAN_POINT ( 'NONE',  ( 10.33940411865618003, 3.852387265164995078, -0.5358199102305467587 ) ) ;
#765 = ORIENTED_EDGE ( 'NONE', *, *, #2014, .F. ) ;
#766 = CARTESIAN_POINT ( 'NONE',  ( -9.002772878935006773, 3.837294471904910687, 5.255540582934070670 ) ) ;
#767 = CARTESIAN_POINT ( 'NONE',  ( 10.09758178765444647, 2.592695918182969184, 0.03376576800069543138 ) ) ;
#768 = ORIENTED_EDGE ( 'NONE', *, *, #2606, .T. ) ;
#769 = EDGE_CURVE ( 'NONE', #3303, #4629, #4702, .T. ) ;
#770 = CARTESIAN_POINT ( 'NONE',  ( -0.6006974155821477313, 2.525733129490587370, 11.58397203799716024 ) ) ;
#771 = ORIENTED_EDGE ( 'NONE', *, *, #3707, .T. ) ;
#772 = FILL_AREA_STYLE_COLOUR ( '', #3151 ) ;
#773 = CARTESIAN_POINT ( 'NONE',  ( 0.2433675632762460628, 3.229725484989335538, 10.94820363560933352 ) ) ;
#774 = CARTESIAN_POINT ( 'NONE',  ( 2.131374197890515632, 6.164308086776997264, -3.893001378566871562 ) ) ;
#775 = CARTESIAN_POINT ( 'NONE',  ( 0.000000000000000000, 2.600000000000046718, 0.000000000000000000 ) ) ;
#776 = CARTESIAN_POINT ( 'NONE',  ( 2.887592779520291142, 13.91644294724829045, -9.492053222738505269 ) ) ;
#777 = CARTESIAN_POINT ( 'NONE',  ( 3.764983308660939887, 4.542813483351526571, 8.957558146799549093 ) ) ;
#778 = CARTESIAN_POINT ( 'NONE',  ( 1.523264834716769878, 14.16691622602021994, 9.846607971602232112 ) ) ;
#779 = CARTESIAN_POINT ( 'NONE',  ( 1.020610927008098967, 4.890985530704987205, -9.527300384750567730 ) ) ;
#780 = FACE_OUTER_BOUND ( 'NONE', #4173, .T. ) ;
#781 = ORIENTED_EDGE ( 'NONE', *, *, #5087, .T. ) ;
#782 = DIRECTION ( 'NONE',  ( 1.715124499442883482E-15, -1.000000000000000000, -0.000000000000000000 ) ) ;
#783 = PRESENTATION_STYLE_ASSIGNMENT (( #1813 ) ) ;
#784 = CARTESIAN_POINT ( 'NONE',  ( 1.130989144993970630, 9.075786902836700420, -9.652479578027303830 ) ) ;
#785 = ORIENTED_EDGE ( 'NONE', *, *, #127, .T. ) ;
#786 = CARTESIAN_POINT ( 'NONE',  ( -3.765633230247450669, 4.556990391348025859, 8.951752347642615959 ) ) ;
#787 = CARTESIAN_POINT ( 'NONE',  ( 8.890262347410059718, 10.55531654187320356, 5.374463396136797577 ) ) ;
#788 = MECHANICAL_DESIGN_GEOMETRIC_PRESENTATION_REPRESENTATION (  '', ( #165 ), #2847 ) ;
#789 = COLOUR_RGB ( '',1.000000000000000000, 1.000000000000000000, 1.000000000000000000 ) ;
#790 = CARTESIAN_POINT ( 'NONE',  ( -8.938360321311858314, 13.99046237899250400, 3.997215633518667488 ) ) ;
#791 = EDGE_LOOP ( 'NONE', ( #3561, #1541, #3726, #926 ) ) ;
#792 = ADVANCED_FACE ( 'NONE', ( #3782 ), #1821, .T. ) ;
#793 = ADVANCED_FACE ( 'NONE', ( #725 ), #1392, .F. ) ;
#794 = DIRECTION ( 'NONE',  ( 0.000000000000000000, 0.000000000000000000, -1.000000000000000000 ) ) ;
#795 = CARTESIAN_POINT ( 'NONE',  ( 0.4040134048023901192, 4.521807091693625935, -9.705612433408756345 ) ) ;
#796 = FACE_OUTER_BOUND ( 'NONE', #318, .T. ) ;
#797 = VERTEX_POINT ( 'NONE', #1404 ) ;
#798 = CARTESIAN_POINT ( 'NONE',  ( 1.554325368306998412, 3.737513928202982338, 10.35507168748942597 ) ) ;
#799 = CARTESIAN_POINT ( 'NONE',  ( 9.112415967261039640, 2.594194746473927893, 4.347647090948602688 ) ) ;
#800 = ORIENTED_EDGE ( 'NONE', *, *, #125, .F. ) ;
#801 = AXIS2_PLACEMENT_3D ( 'NONE', #6309, #4322, #976 ) ;
#802 = CARTESIAN_POINT ( 'NONE',  ( 9.981006907445866716, 4.287181425413695735, 0.2867967355171885946 ) ) ;
#803 = CIRCLE ( 'NONE', #4404, 0.1270000000000000850 ) ;
#804 = VERTEX_POINT ( 'NONE', #4 ) ;
#805 = ADVANCED_FACE ( 'NONE', ( #4788 ), #4270, .F. ) ;
#806 = EDGE_CURVE ( 'NONE', #2245, #5433, #1845, .T. ) ;
#807 = CARTESIAN_POINT ( 'NONE',  ( -0.3013353802142230697, 4.649999999999994138, -4.464217116897158277 ) ) ;
#808 = CARTESIAN_POINT ( 'NONE',  ( 10.28080929706964497, 13.98371528644767636, -0.9941155234151591857 ) ) ;
#809 = AXIS2_PLACEMENT_3D ( 'NONE', #3770, #5186, #1744 ) ;
#810 = CARTESIAN_POINT ( 'NONE',  ( 0.1275607291154204903, 3.272811226045361455, 10.91056360903205302 ) ) ;
#811 = CARTESIAN_POINT ( 'NONE',  ( -9.121879886658007308, 4.274516320949421022, 4.071780878352699418 ) ) ;
#812 = CARTESIAN_POINT ( 'NONE',  ( -10.40266097060376538, 7.126431806517518730, -0.9755572617567139782 ) ) ;
#813 = CARTESIAN_POINT ( 'NONE',  ( 8.976582351392668357, 3.669383429051589207, 5.524632375673033557 ) ) ;
#814 = CARTESIAN_POINT ( 'NONE',  ( 1.722432033089867920, 3.939984672447514935, 10.18282176337811862 ) ) ;
#815 = CARTESIAN_POINT ( 'NONE',  ( 1.429235642264751416, 14.15872707068980496, 9.910361746659191340 ) ) ;
#816 = B_SPLINE_CURVE_WITH_KNOTS ( 'NONE', 3,
 ( #4253, #1648, #3603, #5570, #1158, #5083 ),
 .UNSPECIFIED., .F., .F.,
 ( 4, 2, 4 ),
 ( 0.000000000000000000, 0.0003403815806076722437, 0.0006807631612153444874 ),
 .UNSPECIFIED. ) ;
#817 = ORIENTED_EDGE ( 'NONE', *, *, #3506, .T. ) ;
#818 = CARTESIAN_POINT ( 'NONE',  ( -6.854351600243546727, 7.547373100996495054, 7.639846585242416666 ) ) ;
#819 = CARTESIAN_POINT ( 'NONE',  ( 5.982004893417514957, 3.886646806251976116, -8.408256010372257450 ) ) ;
#820 = ORIENTED_EDGE ( 'NONE', *, *, #5950, .T. ) ;
#821 = CARTESIAN_POINT ( 'NONE',  ( 0.000000000000000000, 14.14193358903627384, 0.000000000000000000 ) ) ;
#822 = CIRCLE ( 'NONE', #3385, 59.94831106878658034 ) ;
#823 = DIRECTION ( 'NONE',  ( 0.000000000000000000, 0.000000000000000000, 1.000000000000000000 ) ) ;
#824 = CARTESIAN_POINT ( 'NONE',  ( 8.889812275279059151, 3.759185968625262220, 5.821075789615083984 ) ) ;
#825 = ORIENTED_EDGE ( 'NONE', *, *, #889, .F. ) ;
#826 = CARTESIAN_POINT ( 'NONE',  ( 2.215248734942743880, 7.316939927751705319, -9.597964346474370245 ) ) ;
#827 = CARTESIAN_POINT ( 'NONE',  ( 6.748658946505845968, 14.16691473702656090, 7.330198014049596367 ) ) ;
#828 = PRESENTATION_LAYER_ASSIGNMENT (  '', '', ( #5027 ) ) ;
#829 =( BOUNDED_SURFACE ( )  B_SPLINE_SURFACE ( 3, 2, ( 
 ( #1100, #4551, #4650 ),
 ( #1623, #2580, #3578 ),
 ( #5547, #6214, #1848 ),
 ( #4359, #2774, #5677 ) ),
 .UNSPECIFIED., .F., .F., .T. ) 
 B_SPLINE_SURFACE_WITH_KNOTS ( ( 4, 4 ),
 ( 3, 3 ),
 ( 5.421010862427522170E-20, 0.0006708533582311191484 ),
 ( 0.000000000000000000, 1.000000000000000000 ),
 .UNSPECIFIED. ) 
 GEOMETRIC_REPRESENTATION_ITEM ( )  RATIONAL_B_SPLINE_SURFACE ( (
 ( 1.000000000000000000, 0.7639881486048778481, 1.000000000000000000),
 ( 1.000000000000000000, 0.7681424318431478993, 1.000000000000000000),
 ( 1.000000000000000000, 0.7702057175166863168, 1.000000000000000000),
 ( 1.000000000000000000, 0.7699653562337721580, 1.000000000000000000) ) ) 
 REPRESENTATION_ITEM ( '' )  SURFACE ( )  );
#830 = CARTESIAN_POINT ( 'NONE',  ( 5.970014673274078199, 3.939973368405798482, -8.427085786542029666 ) ) ;
#831 = VERTEX_POINT ( 'NONE', #3481 ) ;
#832 = ORIENTED_EDGE ( 'NONE', *, *, #3537, .F. ) ;
#833 = FACE_OUTER_BOUND ( 'NONE', #5006, .T. ) ;
#834 = CARTESIAN_POINT ( 'NONE',  ( -0.1029894827712811989, 4.516785499579542673, -9.706372077860264014 ) ) ;
#835 = CARTESIAN_POINT ( 'NONE',  ( -0.3707553116756970302, 2.148979873913541283, 11.76806355238456270 ) ) ;
#836 = VERTEX_POINT ( 'NONE', #5481 ) ;
#837 = CARTESIAN_POINT ( 'NONE',  ( 9.586860016483374380, 14.23679501332594732, 0.1973367046665379931 ) ) ;
#838 = CARTESIAN_POINT ( 'NONE',  ( 2.866303143363345018, 3.939984671814131811, -9.921740647484728726 ) ) ;
#839 = ORIENTED_EDGE ( 'NONE', *, *, #4619, .F. ) ;
#840 = CARTESIAN_POINT ( 'NONE',  ( -1.523259551158701264, 14.16691473715516736, 9.846617735345223110 ) ) ;
#841 = ORIENTED_EDGE ( 'NONE', *, *, #5804, .F. ) ;
#842 = CARTESIAN_POINT ( 'NONE',  ( 0.5406968632632060956, 2.122405555130346233, 11.78897249831819494 ) ) ;
#843 = VECTOR ( 'NONE', #214, 1000.000000000000000 ) ;
#844 = CARTESIAN_POINT ( 'NONE',  ( 0.2523200850113279103, 3.251073361828374253, 10.95185746597847931 ) ) ;
#845 = CARTESIAN_POINT ( 'NONE',  ( 10.42681807298033370, 3.749418216021358052, -0.7965365380133245798 ) ) ;
#846 = EDGE_CURVE ( 'NONE', #645, #4334, #390, .T. ) ;
#847 = ADVANCED_FACE ( 'NONE', ( #2065 ), #2041, .T. ) ;
#848 = FACE_OUTER_BOUND ( 'NONE', #4239, .T. ) ;
#849 = DIRECTION ( 'NONE',  ( 0.9999944258484555482, -0.003338902816470940699, -1.855462274228855409E-17 ) ) ;
#850 = CARTESIAN_POINT ( 'NONE',  ( 1.658686831723960475, 13.98186336908881344, 10.01427921861929704 ) ) ;
#851 = CARTESIAN_POINT ( 'NONE',  ( -10.33939354027391921, 3.852398569612329293, -0.5358056068802103944 ) ) ;
#852 = CARTESIAN_POINT ( 'NONE',  ( -9.395034150589930633, 13.92087438211473938, -3.846085072605324395 ) ) ;
#853 = CARTESIAN_POINT ( 'NONE',  ( 6.795879512146781209, 13.92087438191896709, 7.541555460265790600 ) ) ;
#854 = CARTESIAN_POINT ( 'NONE',  ( -8.430105758845881425, 14.14193358903614595, 5.582562874228223393 ) ) ;
#855 = CARTESIAN_POINT ( 'NONE',  ( -0.4475406917768499637, 2.219646939538101993, 11.90654112935309961 ) ) ;
#856 = UNCERTAINTY_MEASURE_WITH_UNIT (LENGTH_MEASURE( 1.000000000000000082E-05 ), #3331, 'distance_accuracy_value', 'NONE');
#857 = CARTESIAN_POINT ( 'NONE',  ( -6.197165476867520617, 4.130523735343940572, -8.028542984003683713 ) ) ;
#858 = VERTEX_POINT ( 'NONE', #2715 ) ;
#859 = CARTESIAN_POINT ( 'NONE',  ( 2.154380715325908024, 6.236512154044230094, -9.788065626798182706 ) ) ;
#860 = PRESENTATION_LAYER_ASSIGNMENT (  '', '', ( #2804 ) ) ;
#861 = DIRECTION ( 'NONE',  ( -1.000000000000000000, -0.000000000000000000, -1.906289534040448719E-16 ) ) ;
#862 = ORIENTED_EDGE ( 'NONE', *, *, #2206, .F. ) ;
#863 = CARTESIAN_POINT ( 'NONE',  ( -2.546187057351490424, 4.186525596839898888, 9.692695648209445736 ) ) ;
#864 = ORIENTED_EDGE ( 'NONE', *, *, #2088, .F. ) ;
#865 = B_SPLINE_CURVE_WITH_KNOTS ( 'NONE', 3,
 ( #3834, #4250, #2320, #6302, #1869, #1899 ),
 .UNSPECIFIED., .F., .F.,
 ( 4, 2, 4 ),
 ( 0.000000000000000000, 0.0001562162768659600728, 0.0003124325537319201456 ),
 .UNSPECIFIED. ) ;
#866 = CARTESIAN_POINT ( 'NONE',  ( -0.4659401035035678484, 2.300929816448995968, 11.61256185395246909 ) ) ;
#867 = ORIENTED_EDGE ( 'NONE', *, *, #4345, .T. ) ;
#868 = CARTESIAN_POINT ( 'NONE',  ( 9.721988286575104610, 13.89832332844925133, -3.426624874458905623 ) ) ;
#869 = FILL_AREA_STYLE_COLOUR ( '', #1260 ) ;
#870 = ORIENTED_EDGE ( 'NONE', *, *, #5886, .F. ) ;
#871 = CARTESIAN_POINT ( 'NONE',  ( 9.916139072063632653, 3.669383429047200273, -3.573622741944527004 ) ) ;
#872 = ORIENTED_EDGE ( 'NONE', *, *, #3880, .F. ) ;
#873 =( NAMED_UNIT ( * ) SI_UNIT ( $, .STERADIAN. ) SOLID_ANGLE_UNIT ( ) );
#874 = CARTESIAN_POINT ( 'NONE',  ( 0.3042911803260228143, 2.092740434148773421, 11.82620536873971062 ) ) ;
#875 = CARTESIAN_POINT ( 'NONE',  ( -1.523259551158697489, 14.16691473715516203, 9.846617735345226663 ) ) ;
#876 = CARTESIAN_POINT ( 'NONE',  ( -0.3051122661898063027, 3.221334517514401252, 10.98019505443609667 ) ) ;
#877 = CARTESIAN_POINT ( 'NONE',  ( 0.2666625560699422137, 14.23325601748809000, 9.557964970809603500 ) ) ;
#878 = CARTESIAN_POINT ( 'NONE',  ( -3.341623758313210679, 4.449008456158483504, 9.178396569985729059 ) ) ;
#879 = FACE_OUTER_BOUND ( 'NONE', #3821, .T. ) ;
#880 = AXIS2_PLACEMENT_3D ( 'NONE', #21, #1932, #4866 ) ;
#881 = EDGE_CURVE ( 'NONE', #2475, #599, #1537, .T. ) ;
#882 = CARTESIAN_POINT ( 'NONE',  ( -9.962162401121664956, 3.669383407414081866, -3.433737622090787589 ) ) ;
#883 = VERTEX_POINT ( 'NONE', #213 ) ;
#884 = EDGE_CURVE ( 'NONE', #883, #6200, #61, .T. ) ;
#885 = DIRECTION ( 'NONE',  ( 0.3620022262731711349, 0.07189808232598621229, 0.9294003733220219665 ) ) ;
#886 = CARTESIAN_POINT ( 'NONE',  ( -3.645144626465070647, 10.51632293795427486, -9.720128023369946746 ) ) ;
#887 = CARTESIAN_POINT ( 'NONE',  ( 5.857347549343420390, 3.774689921135410131, -8.634303711321244634 ) ) ;
#888 = CARTESIAN_POINT ( 'NONE',  ( 0.5556731721562389037, 4.719695588743209491, -9.508894056462263933 ) ) ;
#889 = EDGE_CURVE ( 'NONE', #320, #6129, #3670, .T. ) ;
#890 =( NAMED_UNIT ( * ) SI_UNIT ( $, .STERADIAN. ) SOLID_ANGLE_UNIT ( ) );
#891 = CARTESIAN_POINT ( 'NONE',  ( -6.991394231131590864, 4.435073400979779201, -6.829668433612022582 ) ) ;
#892 = ORIENTED_EDGE ( 'NONE', *, *, #643, .T. ) ;
#893 = CARTESIAN_POINT ( 'NONE',  ( 0.5989341001116926799, 4.529381233635651149, -9.708769548046991105 ) ) ;
#894 = CARTESIAN_POINT ( 'NONE',  ( -2.249999999999999112, 6.899999999999406164, -9.610663791841853154 ) ) ;
#895 = ORIENTED_EDGE ( 'NONE', *, *, #1948, .F. ) ;
#896 = CARTESIAN_POINT ( 'NONE',  ( -0.4302843693506966938, 2.741802190488539015, 11.17275881746547483 ) ) ;
#897 = ORIENTED_EDGE ( 'NONE', *, *, #3077, .T. ) ;
#898 = DIRECTION ( 'NONE',  ( 1.000000000000000000, 3.425912415400686167E-15, 0.000000000000000000 ) ) ;
#899 = DIRECTION ( 'NONE',  ( -0.6899940447475073624, 2.805376705929135405E-15, 0.7238150442018835840 ) ) ;
#900 = ORIENTED_EDGE ( 'NONE', *, *, #4183, .T. ) ;
#901 = CARTESIAN_POINT ( 'NONE',  ( -2.180375261619947215E-14, 3.756969513007251127, 0.000000000000000000 ) ) ;
#902 = AXIS2_PLACEMENT_3D ( 'NONE', #4277, #4176, #734 ) ;
#903 = CARTESIAN_POINT ( 'NONE',  ( 10.24566426291778320, 7.605684247335300796, -0.5957374078875142809 ) ) ;
#904 = CARTESIAN_POINT ( 'NONE',  ( 0.4937074778257656282, 2.562806976699847805, 11.34929019789504068 ) ) ;
#905 = MECHANICAL_DESIGN_GEOMETRIC_PRESENTATION_REPRESENTATION (  '', ( #5211 ), #3984 ) ;
#906 = DIRECTION ( 'NONE',  ( -0.8366033300963584551, 0.000000000000000000, 0.5478091529645003899 ) ) ;
#907 = DIRECTION ( 'NONE',  ( -1.224646799147352961E-16, 0.000000000000000000, -1.000000000000000000 ) ) ;
#908 = CARTESIAN_POINT ( 'NONE',  ( -2.165353154068628647E-14, 3.669383407414270604, 0.000000000000000000 ) ) ;
#909 = CARTESIAN_POINT ( 'NONE',  ( 1.318505007367468673, 13.98371707613315351, 10.24425986098227526 ) ) ;
#910 = SURFACE_STYLE_USAGE ( .BOTH. , #5099 ) ;
#911 = CARTESIAN_POINT ( 'NONE',  ( 8.611517788620563607, 13.91644294723428388, 4.927375348150423662 ) ) ;
#912 = CARTESIAN_POINT ( 'NONE',  ( 0.4945731043573540209, 4.542803839283605427, -9.704049419130445386 ) ) ;
#913 = CARTESIAN_POINT ( 'NONE',  ( 5.662097518771029847, 3.705625223543499658, -8.847159525231345967 ) ) ;
#914 = FACE_OUTER_BOUND ( 'NONE', #4379, .T. ) ;
#915 = CARTESIAN_POINT ( 'NONE',  ( -5.982008723375030534, 3.886657979448136846, -8.408239577060221848 ) ) ;
#916 = VERTEX_POINT ( 'NONE', #5141 ) ;
#917 = CARTESIAN_POINT ( 'NONE',  ( 1.499729323765345734, 5.217202974573760699, -9.744586355480599593 ) ) ;
#918 = FACE_OUTER_BOUND ( 'NONE', #3372, .T. ) ;
#919 = ADVANCED_FACE ( 'NONE', ( #6103 ), #1596, .T. ) ;
#920 = ADVANCED_FACE ( 'NONE', ( #5724 ), #493, .T. ) ;
#921 = B_SPLINE_CURVE_WITH_KNOTS ( 'NONE', 3,
 ( #5102, #5686, #3225, #6160, #4170, #172, #5196, #4141, #5066, #207, #5134, #1207, #1665, #4689, #3584, #2138 ),
 .UNSPECIFIED., .F., .F.,
 ( 4, 3, 3, 3, 3, 4 ),
 ( 0.000000000000000000, 2.204914452824485277E-05, 5.584564215806477185E-05, 8.964204618486427576E-05, 0.0001234382380958519464, 0.0001572344452591926814 ),
 .UNSPECIFIED. ) ;
#922 = CIRCLE ( 'NONE', #4514, 0.1999999999999998723 ) ;
#923 =( NAMED_UNIT ( * ) SI_UNIT ( $, .STERADIAN. ) SOLID_ANGLE_UNIT ( ) );
#924 = VERTEX_POINT ( 'NONE', #653 ) ;
#925 = CARTESIAN_POINT ( 'NONE',  ( -9.439758245192546582, 10.93265123323686261, -3.875679512804736326 ) ) ;
#926 = ORIENTED_EDGE ( 'NONE', *, *, #4971, .T. ) ;
#927 = CARTESIAN_POINT ( 'NONE',  ( -0.9538880505136972943, 14.02536218353752773, -9.533806168375908996 ) ) ;
#928 = CARTESIAN_POINT ( 'NONE',  ( 6.681136272799175657, 14.27184673340809518, -6.569110758669449268 ) ) ;
#929 = EDGE_LOOP ( 'NONE', ( #4796, #4297, #1532, #5766 ) ) ;
#930 = CIRCLE ( 'NONE', #5859, 10.11096886307259446 ) ;
#931 = CARTESIAN_POINT ( 'NONE',  ( 9.721505159938082841, 3.774516735838857162, -3.788910758689758573 ) ) ;
#932 = EDGE_CURVE ( 'NONE', #4587, #5699, #5106, .T. ) ;
#933 = ORIENTED_EDGE ( 'NONE', *, *, #3007, .T. ) ;
#934 = CARTESIAN_POINT ( 'NONE',  ( -1.801416577784844320, 5.520807520090195375, -4.074012720888858574 ) ) ;
#935 = DIRECTION ( 'NONE',  ( 1.000000000000000000, 0.000000000000000000, 0.000000000000000000 ) ) ;
#936 = CARTESIAN_POINT ( 'NONE',  ( -10.03373263409267224, 14.14412282275514343, -1.144397819969010133 ) ) ;
#937 = CARTESIAN_POINT ( 'NONE',  ( 2.494266882763793713, 4.284774967908553833, 9.670944928042041866 ) ) ;
#938 = AXIS2_PLACEMENT_3D ( 'NONE', #3456, #5489, #3978 ) ;
#939 = CARTESIAN_POINT ( 'NONE',  ( -3.335659521591062049, 4.500846147575242817, 9.180466384530486579 ) ) ;
#940 = DIRECTION ( 'NONE',  ( -0.000000000000000000, -0.000000000000000000, 1.000000000000000000 ) ) ;
#941 = CARTESIAN_POINT ( 'NONE',  ( -1.788248580066734261, 8.273389049622657865, -9.527896799597783684 ) ) ;
#942 = CARTESIAN_POINT ( 'NONE',  ( -9.544254391232755097, 3.939973369391875035, -3.945130941957055715 ) ) ;
#943 = B_SPLINE_CURVE_WITH_KNOTS ( 'NONE', 3,
 ( #5086, #680, #2155, #3999, #4127, #5958 ),
 .UNSPECIFIED., .F., .F.,
 ( 4, 2, 4 ),
 ( 8.767221053848727529E-17, 0.002863003148156623937, 0.005726006296313160271 ),
 .UNSPECIFIED. ) ;
#944 = FILL_AREA_STYLE ('',( #2902 ) ) ;
#945 = CARTESIAN_POINT ( 'NONE',  ( -8.784334966012346868, 3.705665997289793179, 5.751996106127714725 ) ) ;
#946 = VECTOR ( 'NONE', #623, 1000.000000000000000 ) ;
#947 = DIRECTION ( 'NONE',  ( 1.000000000000000000, 1.715124499442883482E-15, 0.000000000000000000 ) ) ;
#948 = FACE_OUTER_BOUND ( 'NONE', #3623, .T. ) ;
#949 = CARTESIAN_POINT ( 'NONE',  ( 0.2498132004360536507, 2.052307242416142152, 11.86809534474802597 ) ) ;
#950 = CARTESIAN_POINT ( 'NONE',  ( -6.852390550645043099, 4.393311590242937825, -7.027153031329365973 ) ) ;
#951 = EDGE_LOOP ( 'NONE', ( #6004, #5849, #1729, #5483, #2479 ) ) ;
#952 = CARTESIAN_POINT ( 'NONE',  ( 2.158226333283292497, 5.776410483324598388, -9.797260533736025678 ) ) ;
#953 = DIRECTION ( 'NONE',  ( -1.908032556012690373E-16, -2.129762216076345362E-14, 1.000000000000000000 ) ) ;
#954 = CARTESIAN_POINT ( 'NONE',  ( -0.4278610400452247942, 2.169959763243107354, 11.93407655787931709 ) ) ;
#955 = CARTESIAN_POINT ( 'NONE',  ( 9.403738048931405302, 14.13480499345917529, -3.832827502099742212 ) ) ;
#956 = VERTEX_POINT ( 'NONE', #4032 ) ;
#957 = EDGE_CURVE ( 'NONE', #4861, #1470, #388, .T. ) ;
#958 = CARTESIAN_POINT ( 'NONE',  ( -8.839729665527064739, 18.29539977917416138, 4.320523734466348742 ) ) ;
#959 = CARTESIAN_POINT ( 'NONE',  ( 7.501240187710127572, 10.55301945944464492, 7.175379762192656052 ) ) ;
#960 = EDGE_CURVE ( 'NONE', #1298, #1816, #1154, .T. ) ;
#961 = CIRCLE ( 'NONE', #2592, 0.2540000000000001701 ) ;
#962 = CARTESIAN_POINT ( 'NONE',  ( -10.13337744111114169, 13.92087586574943359, -0.6111389737622806573 ) ) ;
#963 = EDGE_LOOP ( 'NONE', ( #3352, #210, #3752, #5437, #5205 ) ) ;
#964 = FACE_OUTER_BOUND ( 'NONE', #2300, .T. ) ;
#965 = AXIS2_PLACEMENT_3D ( 'NONE', #5866, #4477, #1428 ) ;
#966 = AXIS2_PLACEMENT_3D ( 'NONE', #1739, #5605, #2287 ) ;
#967 = ORIENTED_EDGE ( 'NONE', *, *, #720, .F. ) ;
#968 = CARTESIAN_POINT ( 'NONE',  ( 0.3054164884821835013, 14.18803555532851490, 9.477797406174399697 ) ) ;
#969 = SURFACE_STYLE_FILL_AREA ( #5800 ) ;
#970 = CARTESIAN_POINT ( 'NONE',  ( -10.31079434692802543, 3.939984672038549629, -0.5866439436457029366 ) ) ;
#971 = ADVANCED_FACE ( 'NONE', ( #5930 ), #2873, .F. ) ;
#972 = VERTEX_POINT ( 'NONE', #1043 ) ;
#973 = CARTESIAN_POINT ( 'NONE',  ( -2.847606902798096584, 3.942189826017516108, -10.04734202831011558 ) ) ;
#974 = CARTESIAN_POINT ( 'NONE',  ( -1.741394619790742171, 3.886646806713197844, 10.17107154873466435 ) ) ;
#975 = LINE ( 'NONE', #2934, #2962 ) ;
#976 = DIRECTION ( 'NONE',  ( 0.6820591020143863537, 0.000000000000000000, -0.7312970541164026672 ) ) ;
#977 = CARTESIAN_POINT ( 'NONE',  ( -5.829259087579413467, 14.13480499334620255, -8.315082348179002381 ) ) ;
#978 = AXIS2_PLACEMENT_3D ( 'NONE', #655, #1129, #5092 ) ;
#979 = CARTESIAN_POINT ( 'NONE',  ( -9.017769789350255749, 3.825291821720449459, 5.255458233827856596 ) ) ;
#980 = CARTESIAN_POINT ( 'NONE',  ( 5.840247463477384215, 13.92087438198672622, -8.303646588081136315 ) ) ;
#981 = FACE_OUTER_BOUND ( 'NONE', #5451, .T. ) ;
#982 = CARTESIAN_POINT ( 'NONE',  ( -5.893295989837350035, 3.737513927975453676, -8.655200713120448697 ) ) ;
#983 = ORIENTED_EDGE ( 'NONE', *, *, #2171, .F. ) ;
#984 = CARTESIAN_POINT ( 'NONE',  ( 0.9951887240339553076, 9.142569726436670763, -9.643853455137477937 ) ) ;
#985 = CARTESIAN_POINT ( 'NONE',  ( -2.853102332687260656, 12.42676282744297467, -9.770037693354389319 ) ) ;
#986 = UNCERTAINTY_MEASURE_WITH_UNIT (LENGTH_MEASURE( 1.000000000000000082E-05 ), #5367, 'distance_accuracy_value', 'NONE');
#987 = DIRECTION ( 'NONE',  ( -0.000000000000000000, 0.000000000000000000, 1.000000000000000000 ) ) ;
#988 = ORIENTED_EDGE ( 'NONE', *, *, #1948, .T. ) ;
#989 = CARTESIAN_POINT ( 'NONE',  ( 7.471310865860514738, 13.89599898141100276, 7.122206211651025853 ) ) ;
#990 = CARTESIAN_POINT ( 'NONE',  ( 6.826845927958387961, 10.55301949564475095, 7.593465628223075470 ) ) ;
#991 = CARTESIAN_POINT ( 'NONE',  ( -8.797949176037912267, 14.30659557957591588, 3.016345919887926552 ) ) ;
#992 = VERTEX_POINT ( 'NONE', #2092 ) ;
#993 = CARTESIAN_POINT ( 'NONE',  ( 1.787905944445804307, 8.273652819194266428, -4.022396893345284496 ) ) ;
#994 = EDGE_CURVE ( 'NONE', #2201, #2150, #3148, .T. ) ;
#995 = VERTEX_POINT ( 'NONE', #1652 ) ;
#996 =( NAMED_UNIT ( * ) PLANE_ANGLE_UNIT ( ) SI_UNIT ( $, .RADIAN. ) );
#997 = CARTESIAN_POINT ( 'NONE',  ( 5.677955814235463805, 10.55532556793004595, -8.699564648721402449 ) ) ;
#998 = CARTESIAN_POINT ( 'NONE',  ( 2.899868891159525841, 14.16691622593808297, -9.532407079374523917 ) ) ;
#999 = CARTESIAN_POINT ( 'NONE',  ( 0.000000000000000000, -45.00000000000000000, 0.000000000000000000 ) ) ;
#1000 = CONICAL_SURFACE ( 'NONE', #1307, 12.40566599729053365, 0.05235987755982567105 ) ;
#1001 = EDGE_CURVE ( 'NONE', #956, #831, #5207, .T. ) ;
#1002 = B_SPLINE_CURVE_WITH_KNOTS ( 'NONE', 3,
 ( #5240, #2821, #1346, #3272, #4178, #4308 ),
 .UNSPECIFIED., .F., .F.,
 ( 4, 2, 4 ),
 ( 8.673617379884035472E-19, 0.0004114321582268063186, 0.0008228643164536117698 ),
 .UNSPECIFIED. ) ;
#1003 = EDGE_CURVE ( 'NONE', #2185, #858, #4389, .T. ) ;
#1004 = B_SPLINE_CURVE_WITH_KNOTS ( 'NONE', 3,
 ( #2669, #3155, #5154, #4163, #1097, #2159, #95, #2642, #3541, #162 ),
 .UNSPECIFIED., .F., .F.,
 ( 4, 2, 2, 2, 4 ),
 ( 0.0003993962019022443766, 0.0006801853432506864807, 0.0009609744845991285847, 0.001241763625947570580, 0.001522552767296012684 ),
 .UNSPECIFIED. ) ;
#1005 = CARTESIAN_POINT ( 'NONE',  ( -0.2903605745643889069, 2.086413036801515020, 12.02149961210259299 ) ) ;
#1006 = CIRCLE ( 'NONE', #2229, 0.1269999999999994189 ) ;
#1007 = DIRECTION ( 'NONE',  ( -1.224646799147353207E-16, -4.200843456763867587E-31, 1.000000000000000000 ) ) ;
#1008 = CARTESIAN_POINT ( 'NONE',  ( 0.000000000000000000, -45.00000000000000000, 0.000000000000000000 ) ) ;
#1009 = CARTESIAN_POINT ( 'NONE',  ( 0.5311930797669235371, 2.796231212726432158, 11.21124083320885489 ) ) ;
#1010 = DIRECTION ( 'NONE',  ( 0.000000000000000000, 0.000000000000000000, 1.000000000000000000 ) ) ;
#1011 = CARTESIAN_POINT ( 'NONE',  ( -0.3738021953710825018, 14.25620056758629417, 9.411082016563197428 ) ) ;
#1012 = DIRECTION ( 'NONE',  ( 1.000000000000000000, 3.416338905061713390E-15, 0.000000000000000000 ) ) ;
#1013 = B_SPLINE_CURVE_WITH_KNOTS ( 'NONE', 3,
 ( #444, #5424, #954, #5393 ),
 .UNSPECIFIED., .F., .F.,
 ( 4, 4 ),
 ( 1.667954043718089913E-16, 0.0003993962019022443766 ),
 .UNSPECIFIED. ) ;
#1014 = DIRECTION ( 'NONE',  ( 1.903723342950826946E-16, 0.000000000000000000, -1.000000000000000000 ) ) ;
#1015 = CIRCLE ( 'NONE', #2447, 60.00000000000000000 ) ;
#1016 = LINE ( 'NONE', #2064, #1143 ) ;
#1017 = AXIS2_PLACEMENT_3D ( 'NONE', #1259, #3249, #6209 ) ;
#1018 = CARTESIAN_POINT ( 'NONE',  ( -8.879366766990896664, 4.199595325007105195, -4.636100938190346632 ) ) ;
#1019 = VERTEX_POINT ( 'NONE', #1069 ) ;
#1020 = CARTESIAN_POINT ( 'NONE',  ( 0.5335326847318546672, 9.089930754999466345, -9.626739263770085486 ) ) ;
#1021 = CARTESIAN_POINT ( 'NONE',  ( 3.261444897238379159, 10.55531654190949276, -9.863295523585474456 ) ) ;
#1022 = FILL_AREA_STYLE ('',( #2469 ) ) ;
#1023 = CARTESIAN_POINT ( 'NONE',  ( 6.451850282469181685, 4.274516321269250518, -7.626383160657530524 ) ) ;
#1024 = ORIENTED_EDGE ( 'NONE', *, *, #2183, .T. ) ;
#1025 = CARTESIAN_POINT ( 'NONE',  ( -9.095817258429475416, 18.63506272444616485, 2.659124213976354678 ) ) ;
#1026 = CARTESIAN_POINT ( 'NONE',  ( -0.3000000000000009881, 14.07409494961849283, 9.284473928813573806 ) ) ;
#1027 = CARTESIAN_POINT ( 'NONE',  ( -5.279943445245417699, 13.98186332375028584, -8.867782467799935731 ) ) ;
#1028 = ORIENTED_EDGE ( 'NONE', *, *, #1868, .F. ) ;
#1029 = ORIENTED_EDGE ( 'NONE', *, *, #3908, .T. ) ;
#1030 = CARTESIAN_POINT ( 'NONE',  ( -0.9869179092703557199, 4.493677416731491903, -9.721296471295811870 ) ) ;
#1031 = CARTESIAN_POINT ( 'NONE',  ( 1.940693853969805316, 14.23681208076658322, -9.390361075214174846 ) ) ;
#1032 = CIRCLE ( 'NONE', #1850, 0.1269999999999997520 ) ;
#1033 = ORIENTED_EDGE ( 'NONE', *, *, #6216, .T. ) ;
#1034 = CARTESIAN_POINT ( 'NONE',  ( 5.988504217744587521, 4.199595319220310152, 8.029595471750774038 ) ) ;
#1035 = CIRCLE ( 'NONE', #5344, 10.49910449380211475 ) ;
#1036 = CARTESIAN_POINT ( 'NONE',  ( 0.4802364719074391775, 2.310302397882027403, 11.88591379987554575 ) ) ;
#1037 = CARTESIAN_POINT ( 'NONE',  ( 0.4499999999999994005, 14.94797744711659249, 0.2000000000000014266 ) ) ;
#1038 = CARTESIAN_POINT ( 'NONE',  ( 2.021659559133608841, 7.898554523906243574, -9.561962506275719420 ) ) ;
#1039 = EDGE_CURVE ( 'NONE', #79, #3044, #5629, .T. ) ;
#1040 = EDGE_CURVE ( 'NONE', #1019, #5760, #5324, .T. ) ;
#1041 = CARTESIAN_POINT ( 'NONE',  ( 2.249999999999999112, 6.899999999999999467, -3.810199798879392752 ) ) ;
#1042 = SURFACE_STYLE_USAGE ( .BOTH. , #5385 ) ;
#1043 = CARTESIAN_POINT ( 'NONE',  ( -0.2999999999999992673, 14.79891540569508024, 0.1996661059959916884 ) ) ;
#1044 = CARTESIAN_POINT ( 'NONE',  ( 1.254557209480579028, 3.756870477111471818, 10.42753546727707636 ) ) ;
#1045 = AXIS2_PLACEMENT_3D ( 'NONE', #1931, #1872, #935 ) ;
#1046 = CARTESIAN_POINT ( 'NONE',  ( -0.1307119063736804088, 3.057716834686244223, 10.90745348562823125 ) ) ;
#1047 = CARTESIAN_POINT ( 'NONE',  ( -0.4000000000000013545, 14.17288230262238535, 9.299999999999997158 ) ) ;
#1048 = EDGE_CURVE ( 'NONE', #1348, #1645, #78, .T. ) ;
#1049 = ORIENTED_EDGE ( 'NONE', *, *, #3627, .F. ) ;
#1050 = CARTESIAN_POINT ( 'NONE',  ( 2.052117224058604528, 7.832616085622228219, -9.566942306666854634 ) ) ;
#1051 = LINE ( 'NONE', #1561, #1880 ) ;
#1052 = CARTESIAN_POINT ( 'NONE',  ( 10.40922206766159519, 3.756969513007463402, -1.370872392997396938 ) ) ;
#1053 = EDGE_LOOP ( 'NONE', ( #4143, #2755, #4569, #6361 ) ) ;
#1054 =( NAMED_UNIT ( * ) SI_UNIT ( $, .STERADIAN. ) SOLID_ANGLE_UNIT ( ) );
#1055 = AXIS2_PLACEMENT_3D ( 'NONE', #3579, #1657, #5096 ) ;
#1056 = ORIENTED_EDGE ( 'NONE', *, *, #199, .F. ) ;
#1057 = ORIENTED_EDGE ( 'NONE', *, *, #4899, .T. ) ;
#1058 = CIRCLE ( 'NONE', #5473, 0.2539999999999999480 ) ;
#1059 = CARTESIAN_POINT ( 'NONE',  ( -1.675443962530826614, 4.252722926535739134, -9.813651981553320525 ) ) ;
#1060 = CARTESIAN_POINT ( 'NONE',  ( -9.570801508915254274, 4.542803839308444225, 1.677181016149035031 ) ) ;
#1061 = CARTESIAN_POINT ( 'NONE',  ( 4.660297610740308905, 4.469403577442038866, 8.562169452388147306 ) ) ;
#1062 = AXIS2_PLACEMENT_3D ( 'NONE', #5780, #2195, #5257 ) ;
#1063 = CARTESIAN_POINT ( 'NONE',  ( 0.2792532457963571857, 2.148278906971822444, 12.05430847282374707 ) ) ;
#1064 = CARTESIAN_POINT ( 'NONE',  ( -2.856094387565166759, 10.55301949567433795, -9.803533568192932535 ) ) ;
#1065 = DIRECTION ( 'NONE',  ( 1.000000000000000000, 3.416338905061662114E-15, 0.000000000000000000 ) ) ;
#1066 = SURFACE_STYLE_USAGE ( .BOTH. , #495 ) ;
#1067 = UNCERTAINTY_MEASURE_WITH_UNIT (LENGTH_MEASURE( 1.000000000000000082E-05 ), #4975, 'distance_accuracy_value', 'NONE');
#1068 = CARTESIAN_POINT ( 'NONE',  ( -2.844120216712419325, 3.886646805610673105, -9.919381628254415162 ) ) ;
#1069 = CARTESIAN_POINT ( 'NONE',  ( 5.281114559806020736, 13.89599898141095125, -8.868829482057716262 ) ) ;
#1070 = ADVANCED_FACE ( 'NONE', ( #5021 ), #3266, .F. ) ;
#1071 = CARTESIAN_POINT ( 'NONE',  ( -0.3310281913232418494, 14.99911796373801920, -0.02285303962574716102 ) ) ;
#1072 = CARTESIAN_POINT ( 'NONE',  ( 0.2033226254054573690, 2.953232834375532967, 10.96785750064362652 ) ) ;
#1073 = CARTESIAN_POINT ( 'NONE',  ( 9.979928495177540881, 14.15872610225387795, -0.8118653535303248514 ) ) ;
#1074 = CARTESIAN_POINT ( 'NONE',  ( 2.249999999999999112, 6.899999999983098320, -9.610655529582565748 ) ) ;
#1075 = CARTESIAN_POINT ( 'NONE',  ( -0.6688237818792645006, 9.052531412544327694, -9.430172021354387368 ) ) ;
#1076 = EDGE_CURVE ( 'NONE', #3945, #4323, #5230, .T. ) ;
#1077 = CARTESIAN_POINT ( 'NONE',  ( -9.739148249909572286, 13.89619262924153453, -3.430323122720404072 ) ) ;
#1078 = B_SPLINE_CURVE_WITH_KNOTS ( 'NONE', 3,
 ( #4068, #6054, #3094, #6117, #5544, #1687, #2579, #1620, #684, #5992, #1229, #4615, #3576, #1130 ),
 .UNSPECIFIED., .F., .F.,
 ( 4, 2, 2, 2, 2, 2, 4 ),
 ( 2.602085213965210642E-18, 0.001474135639536456460, 0.002211203459304685558, 0.002948271279072914655, 0.004422406918609369381, 0.005159474738377595876, 0.005896542558145822371 ),
 .UNSPECIFIED. ) ;
#1079 = CARTESIAN_POINT ( 'NONE',  ( -9.821627954957648399, 13.89599898141092460, -3.175205771286183865 ) ) ;
#1080 = ORIENTED_EDGE ( 'NONE', *, *, #2604, .T. ) ;
#1081 = FILL_AREA_STYLE_COLOUR ( '', #3711 ) ;
#1082 = CARTESIAN_POINT ( 'NONE',  ( 9.401176636861819702, 4.556959065093303174, 2.398150238620770480 ) ) ;
#1083 = CARTESIAN_POINT ( 'NONE',  ( -1.722421871015298978, 3.939973368873172621, 10.18283422933146731 ) ) ;
#1084 = VERTEX_POINT ( 'NONE', #682 ) ;
#1085 = DIRECTION ( 'NONE',  ( 1.000000000000000000, 0.000000000000000000, 0.000000000000000000 ) ) ;
#1086 = ORIENTED_EDGE ( 'NONE', *, *, #4944, .T. ) ;
#1087 = DIRECTION ( 'NONE',  ( 0.000000000000000000, 0.9222695789999660887, 0.3865473110127984890 ) ) ;
#1088 = CARTESIAN_POINT ( 'NONE',  ( 5.768568272866796853, 3.697164847803165344, -8.783121976548871501 ) ) ;
#1089 = LINE ( 'NONE', #4981, #4791 ) ;
#1090 = CARTESIAN_POINT ( 'NONE',  ( 6.449697637253168025, 4.129887408129597759, 7.827883041239688033 ) ) ;
#1091 = CARTESIAN_POINT ( 'NONE',  ( -0.2368284525743677982, 2.062339492996770218, 12.04681458880344636 ) ) ;
#1092 = CARTESIAN_POINT ( 'NONE',  ( 9.381982139714381219, 4.451433024790560466, 2.677848557769100690 ) ) ;
#1093 = VECTOR ( 'NONE', #1174, 1000.000000000000000 ) ;
#1094 = CARTESIAN_POINT ( 'NONE',  ( -5.690573086345438014, 3.669383429045625977, -8.872314892227764815 ) ) ;
#1095 = CARTESIAN_POINT ( 'NONE',  ( -10.31079434692802188, 3.939984672038574498, -0.5866439436456957202 ) ) ;
#1096 = DIRECTION ( 'NONE',  ( -0.5611894815508998713, 0.000000000000000000, -0.8276873599352790878 ) ) ;
#1097 = CARTESIAN_POINT ( 'NONE',  ( 0.1090221944224699091, 2.024057802228111491, 12.08712758421905065 ) ) ;
#1098 = PRESENTATION_LAYER_ASSIGNMENT (  '', '', ( #5934 ) ) ;
#1099 = CARTESIAN_POINT ( 'NONE',  ( 8.680682259675254642, 13.89609647592524411, 5.586613369538624418 ) ) ;
#1100 = CARTESIAN_POINT ( 'NONE',  ( -5.644697277988060868, 14.16691622594741951, -8.210567395228764553 ) ) ;
#1101 = AXIS2_PLACEMENT_3D ( 'NONE', #2157, #3181, #3214 ) ;
#1102 = DIRECTION ( 'NONE',  ( -0.003380786062443252166, 0.9999942851264701504, 0.000000000000000000 ) ) ;
#1103 = CARTESIAN_POINT ( 'NONE',  ( 0.2620313418483033452, 14.79930205569330504, 0.1217096045642940411 ) ) ;
#1104 = ORIENTED_EDGE ( 'NONE', *, *, #5522, .T. ) ;
#1105 = DIRECTION ( 'NONE',  ( 0.000000000000000000, 0.000000000000000000, -1.000000000000000000 ) ) ;
#1106 = CARTESIAN_POINT ( 'NONE',  ( 1.716635858457483454, 8.640424715699857927, -9.702852862014418989 ) ) ;
#1107 = ORIENTED_EDGE ( 'NONE', *, *, #461, .T. ) ;
#1108 = ADVANCED_FACE ( 'NONE', ( #4221 ), #3363, .T. ) ;
#1109 = EDGE_LOOP ( 'NONE', ( #4598, #2342, #1187, #345 ) ) ;
#1110 = ADVANCED_FACE ( 'NONE', ( #227 ), #2960, .F. ) ;
#1111 = ORIENTED_EDGE ( 'NONE', *, *, #421, .F. ) ;
#1112 = CARTESIAN_POINT ( 'NONE',  ( -8.724444498848793472, 7.136646439223906846, 5.734136926414479696 ) ) ;
#1113 = CARTESIAN_POINT ( 'NONE',  ( 3.460146888653865549, 14.14193358903626496, -9.501160455781780811 ) ) ;
#1114 = CARTESIAN_POINT ( 'NONE',  ( -9.297177231599585312, 4.413260048732269070, 3.109476736804961838 ) ) ;
#1115 = B_SPLINE_CURVE_WITH_KNOTS ( 'NONE', 3,
 ( #6292, #4797, #6229, #1828 ),
 .UNSPECIFIED., .F., .F.,
 ( 4, 4 ),
 ( 5.131204752301631034E-05, 0.01019202896350879760 ),
 .UNSPECIFIED. ) ;
#1116 = DIRECTION ( 'NONE',  ( -0.1305704113914344100, -4.798825836468507648E-16, -0.9914390388062555015 ) ) ;
#1117 = ORIENTED_EDGE ( 'NONE', *, *, #2053, .T. ) ;
#1118 = EDGE_CURVE ( 'NONE', #4334, #537, #1529, .T. ) ;
#1119 = CARTESIAN_POINT ( 'NONE',  ( 4.651062951606105500, 4.556989683220650456, 8.525352142150541823 ) ) ;
#1120 =( NAMED_UNIT ( * ) SI_UNIT ( $, .STERADIAN. ) SOLID_ANGLE_UNIT ( ) );
#1121 = STYLED_ITEM ( 'NONE', ( #2975 ), #6184 ) ;
#1122 = CARTESIAN_POINT ( 'NONE',  ( -0.2219574298961863867, 14.05896366118669860, 9.382412732712564818 ) ) ;
#1123 = CARTESIAN_POINT ( 'NONE',  ( 9.150269833672803443, 4.164107833024652372, 4.155932833801065485 ) ) ;
#1124 = CARTESIAN_POINT ( 'NONE',  ( -0.6328273584123926820, 2.465909243946351914, 11.72279250679937945 ) ) ;
#1125 = DIRECTION ( 'NONE',  ( -1.000000000000000000, 0.000000000000000000, 0.000000000000000000 ) ) ;
#1126 = CARTESIAN_POINT ( 'NONE',  ( 3.265907838973567845, 7.126431806521395629, -9.924762628085805005 ) ) ;
#1127 = AXIS2_PLACEMENT_3D ( 'NONE', #487, #1874, #5343 ) ;
#1128 = DIRECTION ( 'NONE',  ( -0.000000000000000000, -1.000000000000000000, -0.000000000000000000 ) ) ;
#1129 = DIRECTION ( 'NONE',  ( 1.715124499442883482E-15, -1.000000000000000000, -0.000000000000000000 ) ) ;
#1130 = CARTESIAN_POINT ( 'NONE',  ( -9.544254391232753321, 3.939973369391874147, -3.945130941957057491 ) ) ;
#1131 = CARTESIAN_POINT ( 'NONE',  ( 2.866303143363327699, 3.939984671814102501, -9.921740647484726949 ) ) ;
#1132 = CARTESIAN_POINT ( 'NONE',  ( -1.821013426625578635, 8.547986363816127309, -9.713017676784550858 ) ) ;
#1133 = CARTESIAN_POINT ( 'NONE',  ( -9.427511158352182008, 14.15048065428766577, -3.520642131341529257 ) ) ;
#1134 = CARTESIAN_POINT ( 'NONE',  ( 3.847173771815605825, 18.65365929283674973, 8.639373009421168703 ) ) ;
#1135 = ORIENTED_EDGE ( 'NONE', *, *, #4311, .F. ) ;
#1136 =( BOUNDED_SURFACE ( )  B_SPLINE_SURFACE ( 3, 2, ( 
 ( #2625, #4595, #4759 ),
 ( #2785, #6162, #3336 ),
 ( #6193, #3753, #1759 ),
 ( #1311, #5723, #5757 ) ),
 .UNSPECIFIED., .F., .F., .T. ) 
 B_SPLINE_SURFACE_WITH_KNOTS ( ( 4, 4 ),
 ( 3, 3 ),
 ( 0.02756443621670221292, 0.03785266688574639993 ),
 ( 0.000000000000000000, 1.000000000000000000 ),
 .UNSPECIFIED. ) 
 GEOMETRIC_REPRESENTATION_ITEM ( )  RATIONAL_B_SPLINE_SURFACE ( (
 ( 1.000000000000000000, 0.9685162342763676824, 1.000000000000000000),
 ( 1.000000000000000000, 0.9683929455333926128, 1.000000000000000000),
 ( 1.000000000000000000, 0.9682663968529566789, 1.000000000000000000),
 ( 1.000000000000000000, 0.9681363958624639166, 1.000000000000000000) ) ) 
 REPRESENTATION_ITEM ( '' )  SURFACE ( )  );
#1137 = DIRECTION ( 'NONE',  ( 3.430248998885766964E-15, -1.000000000000000000, -0.000000000000000000 ) ) ;
#1138 = CARTESIAN_POINT ( 'NONE',  ( 1.147520609809000725, 4.740062030021707784, -9.729199144850168679 ) ) ;
#1139 = VERTEX_POINT ( 'NONE', #1714 ) ;
#1140 = CARTESIAN_POINT ( 'NONE',  ( -2.734811348548731758, 2.392831124089064065, -9.923032358257266594 ) ) ;
#1141 = VERTEX_POINT ( 'NONE', #5185 ) ;
#1142 = CARTESIAN_POINT ( 'NONE',  ( -2.088080410954900046, 6.052831090228427691, -9.605574944629191592 ) ) ;
#1143 = VECTOR ( 'NONE', #4035, 1000.000000000000000 ) ;
#1144 = ORIENTED_EDGE ( 'NONE', *, *, #679, .T. ) ;
#1145 = EDGE_CURVE ( 'NONE', #5208, #4955, #2128, .T. ) ;
#1146 = CARTESIAN_POINT ( 'NONE',  ( -8.518298899631085774, 2.802915023170234221, -5.001404530942892279 ) ) ;
#1147 = CARTESIAN_POINT ( 'NONE',  ( -3.652771575905980228, 3.756969513007425210, -9.843193332756857927 ) ) ;
#1148 = EDGE_LOOP ( 'NONE', ( #5307, #3816, #2784, #3305 ) ) ;
#1149 = CARTESIAN_POINT ( 'NONE',  ( -9.069527042537977479, 4.076122563647915698, 4.529879977148303816 ) ) ;
#1150 = CARTESIAN_POINT ( 'NONE',  ( -6.720078741839876635, 13.91644294723096387, 7.299164893955424560 ) ) ;
#1151 = ORIENTED_EDGE ( 'NONE', *, *, #5288, .T. ) ;
#1152 = SURFACE_STYLE_USAGE ( .BOTH. , #5498 ) ;
#1153 = B_SPLINE_CURVE_WITH_KNOTS ( 'NONE', 3,
 ( #814, #2733, #6116, #1807, #2768, #777, #4745, #4713, #298, #1226, #4259, #5744, #1330, #2668 ),
 .UNSPECIFIED., .F., .F.,
 ( 4, 2, 2, 2, 2, 2, 4 ),
 ( 7.204847710556567793E-18, 0.001474135640003437081, 0.002211203460005153019, 0.002948271280006869392, 0.004422406920010303437, 0.005159474740012020243, 0.005896542560013736181 ),
 .UNSPECIFIED. ) ;
#1154 = B_SPLINE_CURVE_WITH_KNOTS ( 'NONE', 3,
 ( #1553, #2031, #2576, #1527, #558, #4000 ),
 .UNSPECIFIED., .F., .F.,
 ( 4, 2, 4 ),
 ( 2.710505431213761085E-19, 0.0001966008390295775942, 0.0003932016780591549173 ),
 .UNSPECIFIED. ) ;
#1155 = ORIENTED_EDGE ( 'NONE', *, *, #1708, .T. ) ;
#1156 = EDGE_CURVE ( 'NONE', #2889, #4337, #1773, .T. ) ;
#1157 = CARTESIAN_POINT ( 'NONE',  ( 0.2262288283886562112, 14.05865143940363993, 9.384306914327160243 ) ) ;
#1158 = CARTESIAN_POINT ( 'NONE',  ( -3.460142530354105350, 14.14193358903625786, -9.501161952849404457 ) ) ;
#1159 = CARTESIAN_POINT ( 'NONE',  ( 5.564436333054181283, 3.669383407414281706, -8.948311687627885647 ) ) ;
#1160 = CIRCLE ( 'NONE', #5058, 0.2539999999999997815 ) ;
#1161 = DIRECTION ( 'NONE',  ( -0.9687113247005209038, -0.2468861191679775913, 0.02540892676082526919 ) ) ;
#1162 = CARTESIAN_POINT ( 'NONE',  ( -9.082997677555750826, 3.852387264736691463, 4.968856377826645243 ) ) ;
#1163 = AXIS2_PLACEMENT_3D ( 'NONE', #3569, #4506, #2188 ) ;
#1164 = CARTESIAN_POINT ( 'NONE',  ( 8.934779138879823890, 3.756870477112540296, 5.520609699324752206 ) ) ;
#1165 = DIRECTION ( 'NONE',  ( 0.9999942851264702615, -0.003380786062444440018, 7.047273846646894584E-15 ) ) ;
#1166 = B_SPLINE_CURVE_WITH_KNOTS ( 'NONE', 3,
 ( #5443, #4577, #6050, #583, #2544, #2090, #556, #4507, #1650, #4544 ),
 .UNSPECIFIED., .F., .F.,
 ( 4, 3, 3, 4 ),
 ( 0.001079297928100927820, 0.005562350630513078140, 0.005649842381825359930, 0.01106179590207685519 ),
 .UNSPECIFIED. ) ;
#1167 = LINE ( 'NONE', #5022, #946 ) ;
#1168 = CARTESIAN_POINT ( 'NONE',  ( 0.4499999999999991784, -45.00000000000000000, -8.578302903182001117E-17 ) ) ;
#1169 = CARTESIAN_POINT ( 'NONE',  ( -1.151898681186061424, 4.727360277263299437, -9.728656241548090833 ) ) ;
#1170 = CARTESIAN_POINT ( 'NONE',  ( 6.771508760755275524, 2.802922439675832766, -7.191809844654885708 ) ) ;
#1171 = CARTESIAN_POINT ( 'NONE',  ( 5.279235012575377972, 14.10646180264003746, -8.865673068065314411 ) ) ;
#1172 = CARTESIAN_POINT ( 'NONE',  ( 10.42737712069726363, 3.756919615067978668, -1.233025256210448894 ) ) ;
#1173 = CARTESIAN_POINT ( 'NONE',  ( -2.165353154068627069E-14, 3.669383407414260390, 0.000000000000000000 ) ) ;
#1174 = DIRECTION ( 'NONE',  ( -0.000000000000000000, 1.000000000000000000, -0.000000000000000000 ) ) ;
#1175 = CARTESIAN_POINT ( 'NONE',  ( -0.2802646897394444059, 2.950874216254862681, -9.727152449636868425 ) ) ;
#1176 = AXIS2_PLACEMENT_3D ( 'NONE', #3737, #849, #1686 ) ;
#1177 = CARTESIAN_POINT ( 'NONE',  ( -8.554985397552004045, 14.14193359275587447, 5.393984831288325843 ) ) ;
#1178 =( BOUNDED_SURFACE ( )  B_SPLINE_SURFACE ( 3, 2, ( 
 ( #4042, #5998, #433 ),
 ( #2867, #4839, #2421 ),
 ( #3843, #3414, #462 ),
 ( #850, #909, #400 ) ),
 .UNSPECIFIED., .F., .F., .T. ) 
 B_SPLINE_SURFACE_WITH_KNOTS ( ( 4, 4 ),
 ( 3, 3 ),
 ( 0.02746918141324607848, 0.03775741208224583922 ),
 ( 0.000000000000000000, 1.000000000000000000 ),
 .UNSPECIFIED. ) 
 GEOMETRIC_REPRESENTATION_ITEM ( )  RATIONAL_B_SPLINE_SURFACE ( (
 ( 1.000000000000000000, 0.9685162343118193240, 1.000000000000000000),
 ( 1.000000000000000000, 0.9683929455686410837, 1.000000000000000000),
 ( 1.000000000000000000, 0.9682663968878643113, 1.000000000000000000),
 ( 1.000000000000000000, 0.9681363958969055883, 1.000000000000000000) ) ) 
 REPRESENTATION_ITEM ( '' )  SURFACE ( )  );
#1179 = AXIS2_PLACEMENT_3D ( 'NONE', #4054, #6010, #640 ) ;
#1180 = ORIENTED_EDGE ( 'NONE', *, *, #2255, .F. ) ;
#1181 = ORIENTED_EDGE ( 'NONE', *, *, #421, .T. ) ;
#1182 = CARTESIAN_POINT ( 'NONE',  ( -6.323629784883333826, 2.594185372946848478, -7.870823997721926979 ) ) ;
#1183 = CARTESIAN_POINT ( 'NONE',  ( -1.666353226233113771, 3.794958672444423975, 10.27722701052145382 ) ) ;
#1184 = VERTEX_POINT ( 'NONE', #2702 ) ;
#1185 = CARTESIAN_POINT ( 'NONE',  ( 0.5989341001116929020, 4.529381233635652038, -9.708769548046992881 ) ) ;
#1186 = CARTESIAN_POINT ( 'NONE',  ( -10.26850466077964796, 3.932301031545389680, -0.3598023463850855141 ) ) ;
#1187 = ORIENTED_EDGE ( 'NONE', *, *, #4899, .F. ) ;
#1188 = CARTESIAN_POINT ( 'NONE',  ( 0.6006247781792746210, 2.524458566227854472, 11.58515453348229585 ) ) ;
#1189 = PRODUCT_DEFINITION ( 'UNKNOWN', '', #2614, #1505 ) ;
#1190 = SURFACE_SIDE_STYLE ('',( #5601 ) ) ;
#1191 = CARTESIAN_POINT ( 'NONE',  ( -7.279282335435512508, 3.697134351058679158, 7.578369369467387706 ) ) ;
#1192 = DIRECTION ( 'NONE',  ( 1.000000000000000000, 3.428144012049405210E-15, 0.000000000000000000 ) ) ;
#1193 = EDGE_CURVE ( 'NONE', #4919, #4526, #1836, .T. ) ;
#1194 = CARTESIAN_POINT ( 'NONE',  ( -10.42907576163716321, 3.942201130823022037, -0.5404530977467435493 ) ) ;
#1195 = EDGE_CURVE ( 'NONE', #3761, #4629, #3890, .T. ) ;
#1196 = CARTESIAN_POINT ( 'NONE',  ( 3.222603093114017270, 14.27257337780114632, 8.948841923945542121 ) ) ;
#1197 = CARTESIAN_POINT ( 'NONE',  ( 0.5556731721562389037, 4.719695588743209491, -9.508894056462263933 ) ) ;
#1198 = CARTESIAN_POINT ( 'NONE',  ( -2.018561387516955907, 7.904727554611484130, -3.918495727404739171 ) ) ;
#1199 = CARTESIAN_POINT ( 'NONE',  ( 1.919864991304531587, 5.720192896165460006, -9.591492625984088249 ) ) ;
#1200 = CARTESIAN_POINT ( 'NONE',  ( -2.110135286494941198, 6.107363151639217946, -9.785456630993694560 ) ) ;
#1201 = AXIS2_PLACEMENT_3D ( 'NONE', #4547, #4094, #1618 ) ;
#1202 = CARTESIAN_POINT ( 'NONE',  ( -0.4503753127606348605, 14.27193966532341207, 9.307756463719764284 ) ) ;
#1203 = CARTESIAN_POINT ( 'NONE',  ( 3.641220613399546391, 13.89599898141130474, -9.658561995461408145 ) ) ;
#1204 = VERTEX_POINT ( 'NONE', #297 ) ;
#1205 = CARTESIAN_POINT ( 'NONE',  ( -6.680474293459230495, 14.27181953724982577, -6.570029315793375346 ) ) ;
#1206 = CARTESIAN_POINT ( 'NONE',  ( -2.165353154068628963E-14, 3.669383407414266607, 0.000000000000000000 ) ) ;
#1207 = CARTESIAN_POINT ( 'NONE',  ( -0.2901727943609361815, 14.79909334303726354, 0.1560767595514412354 ) ) ;
#1208 = CARTESIAN_POINT ( 'NONE',  ( -2.038617705698860139, 5.939845346592512954, -9.601506072178073836 ) ) ;
#1209 = STYLED_ITEM ( 'NONE', ( #2285 ), #3146 ) ;
#1210 = VERTEX_POINT ( 'NONE', #5121 ) ;
#1211 = ORIENTED_EDGE ( 'NONE', *, *, #5769, .T. ) ;
#1212 = CARTESIAN_POINT ( 'NONE',  ( -7.431400202432375757, 2.950944788170566824, -6.282415035594574704 ) ) ;
#1213 = CARTESIAN_POINT ( 'NONE',  ( 0.4644469530230558307, 4.696445641484544353, -9.506288586807587038 ) ) ;
#1214 = CARTESIAN_POINT ( 'NONE',  ( -3.098574008231145704, 3.774689920863625758, -9.962859028120265137 ) ) ;
#1215 = CARTESIAN_POINT ( 'NONE',  ( 3.551633538293001990, 13.89156607017605438, -9.420926759707153764 ) ) ;
#1216 = CARTESIAN_POINT ( 'NONE',  ( 9.915813918609016397, 3.669383407414315901, -3.574611092450209693 ) ) ;
#1217 = ORIENTED_EDGE ( 'NONE', *, *, #1040, .T. ) ;
#1218 = CARTESIAN_POINT ( 'NONE',  ( 9.565277419598135822, 4.505686234385430033, 1.683154537965271258 ) ) ;
#1219 = ORIENTED_EDGE ( 'NONE', *, *, #769, .F. ) ;
#1220 = CARTESIAN_POINT ( 'NONE',  ( -0.1999999999999997335, 14.18411949163389707, 9.500000000000000000 ) ) ;
#1221 = CARTESIAN_POINT ( 'NONE',  ( -9.035172852691578882, 3.939973367684197481, 5.002249652786644241 ) ) ;
#1222 = FACE_OUTER_BOUND ( 'NONE', #1536, .T. ) ;
#1223 = B_SPLINE_CURVE_WITH_KNOTS ( 'NONE', 3,
 ( #5241, #1831, #5762, #449 ),
 .UNSPECIFIED., .F., .F.,
 ( 4, 4 ),
 ( 1.517883041479706208E-18, 0.0008208498696585123187 ),
 .UNSPECIFIED. ) ;
#1224 = CIRCLE ( 'NONE', #2364, 10.32212707612201363 ) ;
#1225 = CARTESIAN_POINT ( 'NONE',  ( 1.644201940913103677, 14.13480499342897190, 10.02085105841019619 ) ) ;
#1226 = CARTESIAN_POINT ( 'NONE',  ( 5.773317945773187354, 4.340668482215190416, 8.069770502410358759 ) ) ;
#1227 = ADVANCED_FACE ( 'NONE', ( #2223 ), #3114, .F. ) ;
#1228 = ADVANCED_FACE ( 'NONE', ( #2832 ), #2216, .F. ) ;
#1229 = CARTESIAN_POINT ( 'NONE',  ( -8.870845561679921332, 4.274516321865237778, -4.593059022931392121 ) ) ;
#1230 = AXIS2_PLACEMENT_3D ( 'NONE', #6005, #1085, #635 ) ;
#1231 = CARTESIAN_POINT ( 'NONE',  ( 3.357735781011754739, 4.398893506695965350, 9.217206078182041296 ) ) ;
#1232 = CARTESIAN_POINT ( 'NONE',  ( -1.861156104445122139, 8.192758728357095066, -9.537161630477765328 ) ) ;
#1233 = DIRECTION ( 'NONE',  ( 0.000000000000000000, 1.000000000000000000, 0.000000000000000000 ) ) ;
#1234 = EDGE_CURVE ( 'NONE', #4114, #836, #1015, .T. ) ;
#1235 = ORIENTED_EDGE ( 'NONE', *, *, #4072, .F. ) ;
#1236 = CARTESIAN_POINT ( 'NONE',  ( -7.891102117942161875, 14.27184673358253519, -5.051861578386129814 ) ) ;
#1237 = CARTESIAN_POINT ( 'NONE',  ( -0.7410124664320348886, 4.565962207725887012, -9.712489709035317276 ) ) ;
#1238 = CARTESIAN_POINT ( 'NONE',  ( 0.2783880101170740362, 2.950956758137583957, -9.727124137698773154 ) ) ;
#1239 = CARTESIAN_POINT ( 'NONE',  ( 8.863653091676811258, 13.98186336899231286, 4.946987382037795200 ) ) ;
#1240 = AXIS2_PLACEMENT_3D ( 'NONE', #2697, #1769, #3702 ) ;
#1241 = CARTESIAN_POINT ( 'NONE',  ( 0.000000000000000000, -45.00000000000000000, 9.549999999999995381 ) ) ;
#1242 = EDGE_LOOP ( 'NONE', ( #6328, #2397, #176, #5139 ) ) ;
#1243 = ORIENTED_EDGE ( 'NONE', *, *, #4457, .T. ) ;
#1244 = CARTESIAN_POINT ( 'NONE',  ( -7.262780525090549943, 2.932518061239206109, -6.503966824726433060 ) ) ;
#1245 = CARTESIAN_POINT ( 'NONE',  ( -3.639913125256307502, 14.10646180264004457, -9.655128880983799178 ) ) ;
#1246 = CARTESIAN_POINT ( 'NONE',  ( 10.40498770724736843, 3.825291821896922073, -0.8223405802697156819 ) ) ;
#1247 = CARTESIAN_POINT ( 'NONE',  ( 9.017833062635016717, 3.825714322122699684, 5.254527433712139484 ) ) ;
#1248 = PRESENTATION_LAYER_ASSIGNMENT (  '', '', ( #4332 ) ) ;
#1249 = CARTESIAN_POINT ( 'NONE',  ( -10.19982976735587954, 4.005836229934638837, -0.1812861826140895194 ) ) ;
#1250 = ORIENTED_EDGE ( 'NONE', *, *, #5769, .F. ) ;
#1251 = CARTESIAN_POINT ( 'NONE',  ( 0.2490345157720823543, 3.226987954256161917, 10.95059843853185555 ) ) ;
#1252 =( NAMED_UNIT ( * ) SI_UNIT ( $, .STERADIAN. ) SOLID_ANGLE_UNIT ( ) );
#1253 = FACE_OUTER_BOUND ( 'NONE', #5372, .T. ) ;
#1254 = CARTESIAN_POINT ( 'NONE',  ( -0.2514933090203774202, 3.251448042963721807, 10.95150079452258218 ) ) ;
#1255 = CARTESIAN_POINT ( 'NONE',  ( 0.5912007187930752306, 4.723954225269931584, -4.426030553109526089 ) ) ;
#1256 = AXIS2_PLACEMENT_3D ( 'NONE', #5512, #201, #1102 ) ;
#1257 = CARTESIAN_POINT ( 'NONE',  ( -10.46356605983803512, 3.697134351063043223, -0.9661360829616113532 ) ) ;
#1258 = CARTESIAN_POINT ( 'NONE',  ( 9.023549041365976464, 3.774516735442728255, 5.238231573544981146 ) ) ;
#1259 = CARTESIAN_POINT ( 'NONE',  ( 0.3999999999999993006, -45.00000000000000000, -7.625158136161779592E-17 ) ) ;
#1260 = COLOUR_RGB ( '',1.000000000000000000, 1.000000000000000000, 1.000000000000000000 ) ;
#1261 = CARTESIAN_POINT ( 'NONE',  ( 8.218528443602865607, 4.486634212018666190, -5.290033144867312132 ) ) ;
#1262 = ORIENTED_EDGE ( 'NONE', *, *, #3793, .T. ) ;
#1263 = CARTESIAN_POINT ( 'NONE',  ( -6.176187552988708696, 18.29690731197234754, 7.657550610223653464 ) ) ;
#1264 = CARTESIAN_POINT ( 'NONE',  ( 7.378176664239883387, 13.89609646582226432, 7.219903047122525841 ) ) ;
#1265 = ORIENTED_EDGE ( 'NONE', *, *, #533, .T. ) ;
#1266 = ADVANCED_FACE ( 'NONE', ( #848 ), #277, .T. ) ;
#1267 = ADVANCED_FACE ( 'NONE', ( #4383 ), #1457, .F. ) ;
#1268 = AXIS2_PLACEMENT_3D ( 'NONE', #2794, #6203, #5338 ) ;
#1269 = B_SPLINE_CURVE_WITH_KNOTS ( 'NONE', 3,
 ( #5540, #2731, #2288, #2701, #3767, #328 ),
 .UNSPECIFIED., .F., .F.,
 ( 4, 2, 4 ),
 ( 9.322997659707327732E-15, 0.0004114321576029341624, 0.0008228643151965452703 ),
 .UNSPECIFIED. ) ;
#1270 = B_SPLINE_CURVE_WITH_KNOTS ( 'NONE', 3,
 ( #3018, #5527, #2956, #4980, #5977, #6009, #4956, #2507, #2481, #2049 ),
 .UNSPECIFIED., .F., .F.,
 ( 4, 3, 3, 4 ),
 ( 0.001079297928209271926, 0.005562350630905373711, 0.005649842381819385542, 0.01106179590291468326 ),
 .UNSPECIFIED. ) ;
#1271 = DIRECTION ( 'NONE',  ( -0.000000000000000000, -1.000000000000000000, -0.000000000000000000 ) ) ;
#1272 = CARTESIAN_POINT ( 'NONE',  ( -0.4779475759885763453, 2.866251997336902946, 11.12919261307318308 ) ) ;
#1273 = CARTESIAN_POINT ( 'NONE',  ( -5.794852811809767779E-15, 1.689338824584347254, 0.000000000000000000 ) ) ;
#1274 = VERTEX_POINT ( 'NONE', #1577 ) ;
#1275 = CARTESIAN_POINT ( 'NONE',  ( -10.13337744111114525, 13.92087586574942826, -0.6111389737622857643 ) ) ;
#1276 = CARTESIAN_POINT ( 'NONE',  ( 10.22665117224369880, 13.89599898141095480, -1.400683110791917541 ) ) ;
#1277 = ADVANCED_FACE ( 'NONE', ( #609 ), #4683, .T. ) ;
#1278 = EDGE_CURVE ( 'NONE', #5788, #4717, #3768, .T. ) ;
#1279 =( BOUNDED_SURFACE ( )  B_SPLINE_SURFACE ( 3, 2, ( 
 ( #2892, #5765, #1349 ),
 ( #2408, #2824, #4374 ),
 ( #3404, #6326, #5885 ),
 ( #840, #3893, #4407 ) ),
 .UNSPECIFIED., .F., .F., .T. ) 
 B_SPLINE_SURFACE_WITH_KNOTS ( ( 4, 4 ),
 ( 3, 3 ),
 ( 5.421010862427522170E-20, 0.0006708524362187260649 ),
 ( 0.000000000000000000, 1.000000000000000000 ),
 .UNSPECIFIED. ) 
 GEOMETRIC_REPRESENTATION_ITEM ( )  RATIONAL_B_SPLINE_SURFACE ( (
 ( 1.000000000000000000, 0.7699653562337731572, 1.000000000000000000),
 ( 1.000000000000000000, 0.7702125447724195162, 1.000000000000000000),
 ( 1.000000000000000000, 0.7681778926585105527, 1.000000000000000000),
 ( 1.000000000000000000, 0.7639885047639004556, 1.000000000000000000) ) ) 
 REPRESENTATION_ITEM ( '' )  SURFACE ( )  );
#1280 = CARTESIAN_POINT ( 'NONE',  ( -0.2001668056713922506, 14.23348072557188182, 9.557964970809004868 ) ) ;
#1281 = CARTESIAN_POINT ( 'NONE',  ( -3.364757844165016554, 4.413118825304179538, 9.208017834190837192 ) ) ;
#1282 = CARTESIAN_POINT ( 'NONE',  ( -0.09456355233720052655, 4.650030272998101566, -9.517840648946290116 ) ) ;
#1283 = CARTESIAN_POINT ( 'NONE',  ( 9.260774637955433874, 14.16691622604678891, -3.676149807198087149 ) ) ;
#1284 = VERTEX_POINT ( 'NONE', #4984 ) ;
#1285 = CARTESIAN_POINT ( 'NONE',  ( 0.000000000000000000, 13.89156607017633149, 0.000000000000000000 ) ) ;
#1286 = CARTESIAN_POINT ( 'NONE',  ( 9.749578488022498490, 3.737513928285993270, -3.819575409362825802 ) ) ;
#1287 = ORIENTED_EDGE ( 'NONE', *, *, #2410, .T. ) ;
#1288 = CARTESIAN_POINT ( 'NONE',  ( 9.388709434163448719, 4.455217734157762344, 2.642299611521714553 ) ) ;
#1289 = EDGE_LOOP ( 'NONE', ( #1181, #6122, #6297, #1135 ) ) ;
#1290 = CARTESIAN_POINT ( 'NONE',  ( 0.2000000000001114775, 14.15750163757759594, 9.500000000000254019 ) ) ;
#1291 = CARTESIAN_POINT ( 'NONE',  ( 10.19327930396500115, 10.55301949569165032, -0.6029946923408878723 ) ) ;
#1292 = CARTESIAN_POINT ( 'NONE',  ( -1.277862166457631732, 3.669383428089362464, 10.46269013847457785 ) ) ;
#1293 = FACE_OUTER_BOUND ( 'NONE', #2813, .T. ) ;
#1294 = CARTESIAN_POINT ( 'NONE',  ( -7.126815033179278558, 3.737513927891637611, 7.671502101465403456 ) ) ;
#1295 = DIRECTION ( 'NONE',  ( -0.000000000000000000, -1.000000000000000000, -0.000000000000000000 ) ) ;
#1296 = CARTESIAN_POINT ( 'NONE',  ( -0.3732451241897336569, 4.673201908486005252, -9.503683712139540773 ) ) ;
#1297 = CARTESIAN_POINT ( 'NONE',  ( -10.40272026563845209, 3.774516735581253890, -0.8043123722209757354 ) ) ;
#1298 = VERTEX_POINT ( 'NONE', #1280 ) ;
#1299 = CARTESIAN_POINT ( 'NONE',  ( 0.6754419989838239546, 4.750219915339582322, -9.512314790478299642 ) ) ;
#1300 = CARTESIAN_POINT ( 'NONE',  ( 6.795879512146781209, 13.92087438191896709, 7.541555460265790600 ) ) ;
#1301 = ORIENTED_EDGE ( 'NONE', *, *, #2840, .F. ) ;
#1302 = CARTESIAN_POINT ( 'NONE',  ( -8.606160703922107302, 13.89599898141082335, 5.699149525490039281 ) ) ;
#1303 = CARTESIAN_POINT ( 'NONE',  ( -1.273859796404336331, 4.813450174409887872, -9.735845594985791607 ) ) ;
#1304 = ORIENTED_EDGE ( 'NONE', *, *, #5200, .F. ) ;
#1305 = CARTESIAN_POINT ( 'NONE',  ( -9.922917890091438764, 7.124177037196618656, -3.245999489667524163 ) ) ;
#1306 = DIRECTION ( 'NONE',  ( 0.000000000000000000, 1.000000000000000000, 0.000000000000000000 ) ) ;
#1307 = AXIS2_PLACEMENT_3D ( 'NONE', #6357, #6263, #898 ) ;
#1308 = CARTESIAN_POINT ( 'NONE',  ( -1.941074154511205352, 14.23678144717891314, -9.390436536434965120 ) ) ;
#1309 = ORIENTED_EDGE ( 'NONE', *, *, #2170, .T. ) ;
#1310 = EDGE_LOOP ( 'NONE', ( #6197, #5301, #314, #1672, #5584 ) ) ;
#1311 = CARTESIAN_POINT ( 'NONE',  ( 9.394107787444481161, 13.98186336911554584, -3.845486854531076304 ) ) ;
#1312 = EDGE_CURVE ( 'NONE', #563, #245, #6041, .T. ) ;
#1313 = CARTESIAN_POINT ( 'NONE',  ( -0.2495611137073799057, 2.929801635653323189, 10.99040886438651832 ) ) ;
#1314 = CARTESIAN_POINT ( 'NONE',  ( 8.723065561218511732, 14.23679851434848409, 3.981776161664591474 ) ) ;
#1315 = ADVANCED_FACE ( 'NONE', ( #6161 ), #1321, .T. ) ;
#1316 = CARTESIAN_POINT ( 'NONE',  ( 5.644696753999447481, 14.16691473709441240, -8.210578484418029177 ) ) ;
#1317 = VERTEX_POINT ( 'NONE', #3751 ) ;
#1318 = CIRCLE ( 'NONE', #4605, 12.50000000000000000 ) ;
#1319 = CARTESIAN_POINT ( 'NONE',  ( 9.235421752746310275, 14.30659558000869680, 1.099653319279423114 ) ) ;
#1320 = B_SPLINE_CURVE_WITH_KNOTS ( 'NONE', 3,
 ( #998, #1031, #2021, #5436 ),
 .UNSPECIFIED., .F., .F.,
 ( 4, 4 ),
 ( 0.000000000000000000, 0.002910339365644003858 ),
 .UNSPECIFIED. ) ;
#1321 = TOROIDAL_SURFACE ( 'NONE', #2745, 59.18445741915692793, 0.05000000000000000278 ) ;
#1322 = ORIENTED_EDGE ( 'NONE', *, *, #3157, .T. ) ;
#1323 = DIRECTION ( 'NONE',  ( 1.715124499442883482E-15, -1.000000000000000000, -0.000000000000000000 ) ) ;
#1324 = CARTESIAN_POINT ( 'NONE',  ( 0.1740586114735618861, 1.842457614231630458, 12.07943879981319668 ) ) ;
#1325 = DIRECTION ( 'NONE',  ( -0.7202361881501254670, 0.000000000000000000, -0.6937289335749066144 ) ) ;
#1326 = CONICAL_SURFACE ( 'NONE', #4925, 1000.000000000003297, 0.7853981633974499443 ) ;
#1327 = CARTESIAN_POINT ( 'NONE',  ( 0.6009802536797130834, 2.526021964092207028, 11.58368903656972115 ) ) ;
#1328 = CARTESIAN_POINT ( 'NONE',  ( -9.257367695961089993, 4.500878765490726963, 3.115775556683178849 ) ) ;
#1329 = CARTESIAN_POINT ( 'NONE',  ( -5.326167288252640297, 4.393311590937032385, 8.244275467751434050 ) ) ;
#1330 = CARTESIAN_POINT ( 'NONE',  ( 6.667433850376970561, 4.035402913931045887, 7.762039283347231589 ) ) ;
#1331 = CARTESIAN_POINT ( 'NONE',  ( 5.644696753999451921, 14.16691473709441240, -8.210578484418020295 ) ) ;
#1332 = CARTESIAN_POINT ( 'NONE',  ( -10.40513484862479920, 3.825112817490739836, -0.8227106157697288147 ) ) ;
#1333 = DIRECTION ( 'NONE',  ( 0.000000000000000000, 0.000000000000000000, -1.000000000000000000 ) ) ;
#1334 = DIRECTION ( 'NONE',  ( 1.000000000000000000, -1.562833550775178140E-13, 0.000000000000000000 ) ) ;
#1335 = CARTESIAN_POINT ( 'NONE',  ( -7.239883649488012551, 14.14193358903614062, 7.058948309731015947 ) ) ;
#1336 = AXIS2_PLACEMENT_3D ( 'NONE', #713, #508, #4432 ) ;
#1337 = CARTESIAN_POINT ( 'NONE',  ( -2.323285368325541000, 6.185371664014458482, -9.809205156394353864 ) ) ;
#1338 = CARTESIAN_POINT ( 'NONE',  ( -9.795752017605028783, 7.126451548790759816, -3.634596481268044244 ) ) ;
#1339 = CIRCLE ( 'NONE', #4941, 0.2540000000000002256 ) ;
#1340 = CARTESIAN_POINT ( 'NONE',  ( -0.9706937630209088175, 14.27183313400488096, -9.319323845359251735 ) ) ;
#1341 = VERTEX_POINT ( 'NONE', #4274 ) ;
#1342 = ORIENTED_EDGE ( 'NONE', *, *, #5370, .T. ) ;
#1343 = CARTESIAN_POINT ( 'NONE',  ( -1.778348075403614725, 3.852387265922261328, 10.19940481656214892 ) ) ;
#1344 = CARTESIAN_POINT ( 'NONE',  ( 0.1014145049374113317, 4.516775357389662737, -9.706375834038782457 ) ) ;
#1345 = DIRECTION ( 'NONE',  ( -6.931432084034514245E-15, -0.003338940040090246104, 0.9999944257241681900 ) ) ;
#1346 = CARTESIAN_POINT ( 'NONE',  ( -9.722084162576750899, 3.837294472690313984, -3.761875310149917606 ) ) ;
#1347 = FILL_AREA_STYLE ('',( #869 ) ) ;
#1348 = VERTEX_POINT ( 'NONE', #3721 ) ;
#1349 = CARTESIAN_POINT ( 'NONE',  ( -0.9100789084132840934, 13.89599898141108447, 10.28192899003258098 ) ) ;
#1350 = EDGE_CURVE ( 'NONE', #4401, #1348, #6374, .T. ) ;
#1351 = EDGE_CURVE ( 'NONE', #1857, #1602, #3453, .T. ) ;
#1352 = EDGE_LOOP ( 'NONE', ( #6227, #1028, #5925, #2152 ) ) ;
#1353 = CARTESIAN_POINT ( 'NONE',  ( -1.180428351637739566E-16, 4.649999999999998579, -4.464217116897155613 ) ) ;
#1354 = CARTESIAN_POINT ( 'NONE',  ( 0.6026831293224341746, 2.315886704114181960, 11.59195162834379289 ) ) ;
#1355 = AXIS2_PLACEMENT_3D ( 'NONE', #4857, #3858, #2404 ) ;
#1356 = FACE_OUTER_BOUND ( 'NONE', #2853, .T. ) ;
#1357 = CARTESIAN_POINT ( 'NONE',  ( 0.5019896159852799133, 3.027965825539735256, 11.16650628727495587 ) ) ;
#1358 = CARTESIAN_POINT ( 'NONE',  ( 2.537798689617183800, 4.197188862958189048, 9.692333052313617969 ) ) ;
#1359 = CARTESIAN_POINT ( 'NONE',  ( 9.579984426113284712, 13.89156607017605971, -3.097072843431472933 ) ) ;
#1360 = EDGE_CURVE ( 'NONE', #4334, #3555, #3571, .T. ) ;
#1361 = CARTESIAN_POINT ( 'NONE',  ( 1.336558768734304126, 14.15065569505682497, 9.973198596682090411 ) ) ;
#1362 = FILL_AREA_STYLE ('',( #5806 ) ) ;
#1363 = CARTESIAN_POINT ( 'NONE',  ( 0.04800916271493727017, 3.066474023599460974, 10.89743279701781375 ) ) ;
#1364 =( LENGTH_UNIT ( ) NAMED_UNIT ( * ) SI_UNIT ( .MILLI., .METRE. ) );
#1365 = CONICAL_SURFACE ( 'NONE', #744, 10.50000000000073186, 0.01745329251994333364 ) ;
#1366 = CARTESIAN_POINT ( 'NONE',  ( 7.736524879223609652, 4.556959419713693116, -5.854866095699850170 ) ) ;
#1367 = CARTESIAN_POINT ( 'NONE',  ( 5.990532945455962377, 4.186525596152346651, 8.033986090536465952 ) ) ;
#1368 = CARTESIAN_POINT ( 'NONE',  ( 5.893649893154934816, 3.737815694609077255, -8.654575741143831991 ) ) ;
#1369 = CARTESIAN_POINT ( 'NONE',  ( 7.465381258780879214, 3.756919615068296192, 7.383673039937861837 ) ) ;
#1370 = FILL_AREA_STYLE ('',( #5231 ) ) ;
#1371 = CARTESIAN_POINT ( 'NONE',  ( -6.451625823472173948, 4.232223357743977843, -7.619924440360798634 ) ) ;
#1372 = ORIENTED_EDGE ( 'NONE', *, *, #1782, .T. ) ;
#1373 = CARTESIAN_POINT ( 'NONE',  ( 2.002334959287707772, 5.864926526343345436, -9.598514350910726023 ) ) ;
#1374 =( GEOMETRIC_REPRESENTATION_CONTEXT ( 3 ) GLOBAL_UNCERTAINTY_ASSIGNED_CONTEXT ( ( #4915 ) ) GLOBAL_UNIT_ASSIGNED_CONTEXT ( ( #5837, #5959, #873 ) ) REPRESENTATION_CONTEXT ( 'NONE', 'WORKASPACE' ) );
#1375 = ORIENTED_EDGE ( 'NONE', *, *, #4535, .F. ) ;
#1376 = SURFACE_SIDE_STYLE ('',( #414 ) ) ;
#1377 = ORIENTED_EDGE ( 'NONE', *, *, #10, .F. ) ;
#1378 = CARTESIAN_POINT ( 'NONE',  ( -9.462099212261074754, 9.438539599516428069, -3.890502554188819850 ) ) ;
#1379 = VERTEX_POINT ( 'NONE', #3195 ) ;
#1380 = CARTESIAN_POINT ( 'NONE',  ( -10.33939354027392099, 3.852398569612331514, -0.5358056068802111715 ) ) ;
#1381 = CARTESIAN_POINT ( 'NONE',  ( 8.792482789277716648, 18.09583642619950794, 4.850853829437093090 ) ) ;
#1382 = EDGE_LOOP ( 'NONE', ( #3462, #4622, #4203, #1638 ) ) ;
#1383 = CARTESIAN_POINT ( 'NONE',  ( 9.973187614760698594, 3.756969513007472727, -3.281268652908360117 ) ) ;
#1384 = ORIENTED_EDGE ( 'NONE', *, *, #2339, .T. ) ;
#1385 = CARTESIAN_POINT ( 'NONE',  ( 10.00850340074284972, 3.669383407414307463, -3.292887864936877573 ) ) ;
#1386 = CARTESIAN_POINT ( 'NONE',  ( 0.2973343295054660107, 2.126011653925659051, 12.02283774504531344 ) ) ;
#1387 = CARTESIAN_POINT ( 'NONE',  ( -0.4671602949061572363, 3.129721978304465413, 11.06650466000150068 ) ) ;
#1388 = CARTESIAN_POINT ( 'NONE',  ( 0.5879546903059321705, 2.374893314551067558, 11.81615383924915008 ) ) ;
#1389 = DIRECTION ( 'NONE',  ( -0.5478091529645026103, 6.127731452721056984E-15, -0.8366033300963572339 ) ) ;
#1390 = CARTESIAN_POINT ( 'NONE',  ( -5.111802015533965182, 4.399048105754713944, 8.372431269870979520 ) ) ;
#1391 =( LENGTH_UNIT ( ) NAMED_UNIT ( * ) SI_UNIT ( .MILLI., .METRE. ) );
#1392 =( BOUNDED_SURFACE ( )  B_SPLINE_SURFACE ( 3, 2, ( 
 ( #3360, #505, #1436 ),
 ( #1852, #4329, #5903 ),
 ( #3391, #2812, #4878 ),
 ( #1501, #5388, #4296 ),
 ( #5815, #5354, #2462 ),
 ( #5292, #4429, #6253 ) ),
 .UNSPECIFIED., .F., .F., .T. ) 
 B_SPLINE_SURFACE_WITH_KNOTS ( ( 4, 2, 4 ),
 ( 3, 3 ),
 ( -3.997995511040297600E-19, 7.857542976686842696E-05, 0.0001571508595337372605 ),
 ( 0.000000000000000000, 1.000000000000000000 ),
 .UNSPECIFIED. ) 
 GEOMETRIC_REPRESENTATION_ITEM ( )  RATIONAL_B_SPLINE_SURFACE ( (
 ( 1.000000000000000000, 0.6492579557889607278, 1.000000000000000000),
 ( 1.000000000000000000, 0.6487495449654293589, 1.000000000000000000),
 ( 1.000000000000000000, 0.6552148780303550524, 1.000000000000000000),
 ( 1.000000000000000000, 0.6763070042606678101, 1.000000000000000000),
 ( 1.000000000000000000, 0.6909466406286249862, 1.000000000000000000),
 ( 1.000000000000000000, 0.7053338403742712703, 1.000000000000000000) ) ) 
 REPRESENTATION_ITEM ( '' )  SURFACE ( )  );
#1393 = CARTESIAN_POINT ( 'NONE',  ( -0.4926918637696205971, 2.846802709248378971, 11.15196818487325636 ) ) ;
#1394 = ORIENTED_EDGE ( 'NONE', *, *, #3068, .F. ) ;
#1395 = CIRCLE ( 'NONE', #1591, 0.2540000000000001701 ) ;
#1396 = EDGE_CURVE ( 'NONE', #303, #5524, #2816, .T. ) ;
#1397 = CARTESIAN_POINT ( 'NONE',  ( -3.169124865098247521E-16, 9.150000000000005684, -4.385669324720177897 ) ) ;
#1398 = ADVANCED_FACE ( 'NONE', ( #2307 ), #3056, .F. ) ;
#1399 = CARTESIAN_POINT ( 'NONE',  ( 1.934973914893073133, 4.232223355954700672, -9.795029363231611441 ) ) ;
#1400 = CARTESIAN_POINT ( 'NONE',  ( -0.1999999999999979294, 13.63511657567311097, 0.000000000000000000 ) ) ;
#1401 = B_SPLINE_CURVE_WITH_KNOTS ( 'NONE', 3,
 ( #5868, #463, #3355, #4325, #5412, #3969 ),
 .UNSPECIFIED., .F., .F.,
 ( 4, 2, 4 ),
 ( 1.163687884334659274E-17, 0.0003992241969272376984, 0.0007984483938544636875 ),
 .UNSPECIFIED. ) ;
#1402 = DIRECTION ( 'NONE',  ( 0.000000000000000000, -0.9999944257241680790, -0.003338940040090199266 ) ) ;
#1403 = CARTESIAN_POINT ( 'NONE',  ( -0.5097670204340075673, 2.466537667005998191, 11.44498837611799047 ) ) ;
#1404 = CARTESIAN_POINT ( 'NONE',  ( 9.620712107367808130, 14.14193358903625963, -3.110239524083428631 ) ) ;
#1405 = EDGE_CURVE ( 'NONE', #6033, #575, #316, .T. ) ;
#1406 = ORIENTED_EDGE ( 'NONE', *, *, #644, .F. ) ;
#1407 = CARTESIAN_POINT ( 'NONE',  ( 2.266507795631945488, 6.910288654707582801, -9.612678555319204676 ) ) ;
#1408 = FACE_OUTER_BOUND ( 'NONE', #3308, .T. ) ;
#1409 = VERTEX_POINT ( 'NONE', #3689 ) ;
#1410 = B_SPLINE_SURFACE_WITH_KNOTS ( 'NONE', 1, 3, ( 
 ( #1697, #1140, #4077, #5653, #3103, #695, #1175, #1238, #140, #2651, #273, #4656, #241, #2620 ),
 ( #2103, #5585, #2234, #4200, #3654, #1754, #3131, #3719, #6036, #3622, #3297, #3333, #2879, #5233 ) ),
 .UNSPECIFIED., .F., .F., .F.,
 ( 2, 2 ),
 ( 4, 2, 2, 2, 2, 2, 4 ),
 ( 0.000000000000000000, 1.000000000000000000 ),
 ( 2.220699451624022242E-07, 0.001685986496978047902, 0.002528868710494490586, 0.003371750924010933487, 0.004214633137527376387, 0.005057515351043819288, 0.006743279778076704221 ),
 .UNSPECIFIED. ) ;
#1411 =( LENGTH_UNIT ( ) NAMED_UNIT ( * ) SI_UNIT ( .MILLI., .METRE. ) );
#1412 = ORIENTED_EDGE ( 'NONE', *, *, #3226, .F. ) ;
#1413 = CARTESIAN_POINT ( 'NONE',  ( -9.395034150589930633, 13.92087438211473938, -3.846085072605324395 ) ) ;
#1414 = CARTESIAN_POINT ( 'NONE',  ( 8.941734024085704391, 9.409385675770334245, 4.972224204352806431 ) ) ;
#1415 = CARTESIAN_POINT ( 'NONE',  ( 8.783579905614827155, 3.756969513007713868, 5.751514514756051355 ) ) ;
#1416 = ORIENTED_EDGE ( 'NONE', *, *, #4891, .T. ) ;
#1417 = CARTESIAN_POINT ( 'NONE',  ( 9.544239976951864435, 3.939984672651908770, -3.945138075116882970 ) ) ;
#1418 = VERTEX_POINT ( 'NONE', #5656 ) ;
#1419 = CARTESIAN_POINT ( 'NONE',  ( -2.234611738211811804, 6.598613631537908475, -3.825500984495812329 ) ) ;
#1420 = CARTESIAN_POINT ( 'NONE',  ( 0.1278899496884249309, 2.073726447960896557, 12.08813045992284430 ) ) ;
#1421 = TOROIDAL_SURFACE ( 'NONE', #4602, 10.62608515108698271, 0.1270000000000000018 ) ;
#1422 = FACE_OUTER_BOUND ( 'NONE', #1310, .T. ) ;
#1423 = CARTESIAN_POINT ( 'NONE',  ( 3.335746469944437020, 4.435073401212162203, 9.186770906685460147 ) ) ;
#1424 = COLOUR_RGB ( '',1.000000000000000000, 1.000000000000000000, 1.000000000000000000 ) ;
#1425 = CARTESIAN_POINT ( 'NONE',  ( -4.442714109918200371, 4.469373314172553791, 8.666963998993947982 ) ) ;
#1426 = CARTESIAN_POINT ( 'NONE',  ( -3.652840374553914415, 3.695334402587554301, -9.844315331313532980 ) ) ;
#1427 = CARTESIAN_POINT ( 'NONE',  ( -0.3698438964487141822, 2.967299805020128911, 11.01142947272638040 ) ) ;
#1428 = DIRECTION ( 'NONE',  ( 0.000000000000000000, 0.000000000000000000, 1.000000000000000000 ) ) ;
#1429 = CARTESIAN_POINT ( 'NONE',  ( 0.3162495910314513381, 2.986016501834269476, 10.99011158458694126 ) ) ;
#1430 = DIRECTION ( 'NONE',  ( -1.000000000000000000, -6.199267107834452189E-13, 0.000000000000000000 ) ) ;
#1431 = CARTESIAN_POINT ( 'NONE',  ( 5.281114559806020736, 13.89599898141095125, -8.868829482057716262 ) ) ;
#1432 = EDGE_CURVE ( 'NONE', #537, #1341, #1934, .T. ) ;
#1433 = EDGE_CURVE ( 'NONE', #5036, #5551, #5619, .T. ) ;
#1434 = CARTESIAN_POINT ( 'NONE',  ( 7.358460359086778091, 3.773495035788657859, 7.468254301321521460 ) ) ;
#1435 = CARTESIAN_POINT ( 'NONE',  ( 0.000000000000000000, -45.00000000000000000, 9.399999999999996803 ) ) ;
#1436 = CARTESIAN_POINT ( 'NONE',  ( -0.1996661101836398333, 14.05874120078701850, 9.384307178631051016 ) ) ;
#1437 = ORIENTED_EDGE ( 'NONE', *, *, #4427, .F. ) ;
#1438 = CARTESIAN_POINT ( 'NONE',  ( -9.694019673956329797, 13.98371528662734420, -3.565008841321042787 ) ) ;
#1439 = DIRECTION ( 'NONE',  ( -0.6760653266835365827, 0.000000000000000000, -0.7368416885982247422 ) ) ;
#1440 = EDGE_CURVE ( 'NONE', #831, #575, #803, .T. ) ;
#1441 = CARTESIAN_POINT ( 'NONE',  ( 0.5656609969642634184, 2.329674702284309618, 11.86253769746372377 ) ) ;
#1442 = CIRCLE ( 'NONE', #612, 10.49910449380211830 ) ;
#1443 = CARTESIAN_POINT ( 'NONE',  ( 2.282370614227870576, 2.594196372847850984, 9.835087552151710710 ) ) ;
#1444 = ORIENTED_EDGE ( 'NONE', *, *, #1472, .T. ) ;
#1445 = DIRECTION ( 'NONE',  ( -1.776356839400250149E-14, 0.000000000000000000, 1.000000000000000000 ) ) ;
#1446 = DIRECTION ( 'NONE',  ( -1.000000000000000000, -3.430248998885766964E-15, 0.000000000000000000 ) ) ;
#1447 = ORIENTED_EDGE ( 'NONE', *, *, #4382, .T. ) ;
#1448 = AXIS2_PLACEMENT_3D ( 'NONE', #6046, #3563, #3529 ) ;
#1449 = FACE_OUTER_BOUND ( 'NONE', #2230, .T. ) ;
#1450 = ORIENTED_EDGE ( 'NONE', *, *, #1904, .F. ) ;
#1451 = DIRECTION ( 'NONE',  ( 1.000000000000000000, 3.428144012049489618E-15, 0.000000000000000000 ) ) ;
#1452 = CARTESIAN_POINT ( 'NONE',  ( 0.6508295724683735850, 2.757453333232796400, 11.42969875238776467 ) ) ;
#1453 = CARTESIAN_POINT ( 'NONE',  ( 9.738250757017979709, 13.89619475092221812, -3.433100206960387091 ) ) ;
#1454 = ORIENTED_EDGE ( 'NONE', *, *, #4658, .F. ) ;
#1455 = CARTESIAN_POINT ( 'NONE',  ( 0.000000000000000000, 13.89156607017687151, 0.000000000000000000 ) ) ;
#1456 = AXIS2_PLACEMENT_3D ( 'NONE', #2986, #2145, #146 ) ;
#1457 = CYLINDRICAL_SURFACE ( 'NONE', #6247, 0.2000000000000000111 ) ;
#1458 =( NAMED_UNIT ( * ) PLANE_ANGLE_UNIT ( ) SI_UNIT ( $, .RADIAN. ) );
#1459 = CARTESIAN_POINT ( 'NONE',  ( -0.5250902320186153771, 2.802474330869429764, 11.20393623067959155 ) ) ;
#1460 = CARTESIAN_POINT ( 'NONE',  ( 0.000000000000000000, 0.000000000000000000, -9.000000000000000000 ) ) ;
#1461 =( NAMED_UNIT ( * ) PLANE_ANGLE_UNIT ( ) SI_UNIT ( $, .RADIAN. ) );
#1462 = CARTESIAN_POINT ( 'NONE',  ( 2.396687228699460270, 4.076753322848940542, -9.849889937846711518 ) ) ;
#1463 = B_SPLINE_CURVE_WITH_KNOTS ( 'NONE', 3,
 ( #498, #4388, #528, #464, #1498, #4451 ),
 .UNSPECIFIED., .F., .F.,
 ( 4, 2, 4 ),
 ( 9.301418398315407038E-17, 0.002863003151905877449, 0.005726006303811662090 ),
 .UNSPECIFIED. ) ;
#1464 = CIRCLE ( 'NONE', #5877, 0.2539999999999992819 ) ;
#1465 = CARTESIAN_POINT ( 'NONE',  ( 5.501877198012565806, 13.89826178182283201, -8.717608241987855777 ) ) ;
#1466 = B_SPLINE_SURFACE_WITH_KNOTS ( 'NONE', 1, 3, ( 
 ( #4194, #2331, #3739, #4715, #3710, #5712, #6149, #3679, #1748, #3774, #750, #5676, #5748, #301 ),
 ( #4292, #6249, #4780, #2773, #5155, #1847, #2262, #5646, #3219, #3254, #4227, #1263, #3291, #4649 ) ),
 .UNSPECIFIED., .F., .F., .F.,
 ( 2, 2 ),
 ( 4, 2, 2, 2, 2, 2, 4 ),
 ( 0.000000000000000000, 1.000000000000000000 ),
 ( 2.695510130095595579E-07, 0.001686034170415023122, 0.002528916480116029809, 0.003371798789817036495, 0.004214681099518043615, 0.005057563409219050302, 0.006743328028621063674 ),
 .UNSPECIFIED. ) ;
#1467 = CARTESIAN_POINT ( 'NONE',  ( -0.2994991652754581679, -45.00000000000000000, -5.709321242184563489E-17 ) ) ;
#1468 = CARTESIAN_POINT ( 'NONE',  ( -0.3957734703935578136, 2.795541317936518499, 11.12032737468130073 ) ) ;
#1469 = CARTESIAN_POINT ( 'NONE',  ( -7.429611119535200814, 4.556959419660986832, -6.239723777456453568 ) ) ;
#1470 = VERTEX_POINT ( 'NONE', #1506 ) ;
#1471 = CARTESIAN_POINT ( 'NONE',  ( 1.378155883345450583, 8.924850426765045697, -9.670973726220008615 ) ) ;
#1472 = EDGE_CURVE ( 'NONE', #2657, #563, #1013, .T. ) ;
#1473 = ADVANCED_FACE ( 'NONE', ( #2401 ), #1365, .T. ) ;
#1474 = CARTESIAN_POINT ( 'NONE',  ( -2.866317708478580695, 3.939973367754325384, -9.921747470053977835 ) ) ;
#1475 = B_SPLINE_CURVE_WITH_KNOTS ( 'NONE', 3,
 ( #1477, #4368, #4948, #1052 ),
 .UNSPECIFIED., .F., .F.,
 ( 4, 4 ),
 ( 0.001104184918957960100, 0.01124490182513493246 ),
 .UNSPECIFIED. ) ;
#1476 = DIRECTION ( 'NONE',  ( -0.5160680715328063162, 0.000000000000000000, 0.8565475734274250463 ) ) ;
#1477 = CARTESIAN_POINT ( 'NONE',  ( 10.22665117224369880, 13.89599898141095480, -1.400683110791917541 ) ) ;
#1478 = ORIENTED_EDGE ( 'NONE', *, *, #3874, .T. ) ;
#1479 = DIRECTION ( 'NONE',  ( 1.000000000000000000, 0.000000000000000000, 0.000000000000000000 ) ) ;
#1480 = CARTESIAN_POINT ( 'NONE',  ( 7.248675294065739294, 7.126451548704746841, 7.524875789665542491 ) ) ;
#1481 = ADVANCED_FACE ( 'NONE', ( #3975 ), #6287, .F. ) ;
#1482 = ORIENTED_EDGE ( 'NONE', *, *, #1040, .F. ) ;
#1483 = ADVANCED_FACE ( 'NONE', ( #1408 ), #4034, .T. ) ;
#1484 = CARTESIAN_POINT ( 'NONE',  ( -5.879054746206681337, 10.93265526031628099, -8.340649331071977812 ) ) ;
#1485 = PRESENTATION_LAYER_ASSIGNMENT (  '', '', ( #5059 ) ) ;
#1486 = AXIS2_PLACEMENT_3D ( 'NONE', #4740, #4187, #2800 ) ;
#1487 = EDGE_LOOP ( 'NONE', ( #3828, #5130, #5235, #5355 ) ) ;
#1488 = CARTESIAN_POINT ( 'NONE',  ( -0.4000000000000001332, 14.89909641385454364, 0.09124594371733088516 ) ) ;
#1489 = CARTESIAN_POINT ( 'NONE',  ( 1.547535496370668895, 13.91281420049846851, 10.09089312796701776 ) ) ;
#1490 = CARTESIAN_POINT ( 'NONE',  ( -9.980019729509161053, 4.232223356012237758, 0.2931390033963964248 ) ) ;
#1491 = CARTESIAN_POINT ( 'NONE',  ( 0.4503753127606349715, 14.27193966532341562, 9.307756463719764284 ) ) ;
#1492 =( BOUNDED_SURFACE ( )  B_SPLINE_SURFACE ( 3, 2, ( 
 ( #2136, #2101, #2680 ),
 ( #3129, #724, #4687 ),
 ( #1723, #5131, #5651 ),
 ( #5582, #662, #3582 ) ),
 .UNSPECIFIED., .F., .F., .T. ) 
 B_SPLINE_SURFACE_WITH_KNOTS ( ( 4, 4 ),
 ( 3, 3 ),
 ( 6.288372600415925717E-18, 0.005799967171052431390 ),
 ( 0.000000000000000000, 1.000000000000000000 ),
 .UNSPECIFIED. ) 
 GEOMETRIC_REPRESENTATION_ITEM ( )  RATIONAL_B_SPLINE_SURFACE ( (
 ( 1.000000000000000000, 0.7639885047988360656, 1.000000000000000000),
 ( 1.000000000000000000, 0.7662491057763018976, 1.000000000000000000),
 ( 1.000000000000000000, 0.7662486930767256066, 1.000000000000000000),
 ( 1.000000000000000000, 0.7639881486071069538, 1.000000000000000000) ) ) 
 REPRESENTATION_ITEM ( '' )  SURFACE ( )  );
#1493 = CARTESIAN_POINT ( 'NONE',  ( -0.1163374743238332204, 2.093083231743904538, 12.11216054029937972 ) ) ;
#1494 = CARTESIAN_POINT ( 'NONE',  ( 12.15711692786344145, 1.689338824584388998, 1.488817433256807387E-15 ) ) ;
#1495 = CARTESIAN_POINT ( 'NONE',  ( 0.1469881740015813731, 9.149996810856821483, -9.415411853773379747 ) ) ;
#1496 = VECTOR ( 'NONE', #1774, 1000.000000000000000 ) ;
#1497 = CARTESIAN_POINT ( 'NONE',  ( -1.271135707741129029E-14, 13.89599898141124967, 0.000000000000000000 ) ) ;
#1498 = CARTESIAN_POINT ( 'NONE',  ( 8.698102236643798335, 13.99046619188611551, -4.496064492873325769 ) ) ;
#1499 = CIRCLE ( 'NONE', #2000, 0.2540000000000003366 ) ;
#1500 = CARTESIAN_POINT ( 'NONE',  ( -1.659063915805393696, 13.92087438204728223, 10.01531547227525110 ) ) ;
#1501 = CARTESIAN_POINT ( 'NONE',  ( -0.3785722116629975376, 14.16473980744735250, 9.404070553847063252 ) ) ;
#1502 = ORIENTED_EDGE ( 'NONE', *, *, #5124, .T. ) ;
#1503 = CARTESIAN_POINT ( 'NONE',  ( 1.918039796147961384, 8.084305888397960160, -9.730933343192164742 ) ) ;
#1504 = B_SPLINE_CURVE_WITH_KNOTS ( 'NONE', 3,
 ( #3029, #560, #4877, #5417, #3943, #3878 ),
 .UNSPECIFIED., .F., .F.,
 ( 4, 2, 4 ),
 ( 0.000000000000000000, 0.0003404253010909761472, 0.0006808506021819522944 ),
 .UNSPECIFIED. ) ;
#1505 = PRODUCT_DEFINITION_CONTEXT ( 'detailed design', #2478, 'design' ) ;
#1506 = CARTESIAN_POINT ( 'NONE',  ( -9.821627954957648399, 13.89599898141092460, -3.175205771286183865 ) ) ;
#1507 = CARTESIAN_POINT ( 'NONE',  ( -2.823119647935208754, 3.852387264806819367, -9.960942523975425900 ) ) ;
#1508 = ORIENTED_EDGE ( 'NONE', *, *, #1515, .F. ) ;
#1509 = CARTESIAN_POINT ( 'NONE',  ( -9.841292215845214741, 2.805548411889028593, 0.8212027843104775515 ) ) ;
#1510 = CARTESIAN_POINT ( 'NONE',  ( 8.942730076397461758, 9.351067230578845368, 4.972545202572976386 ) ) ;
#1511 = CARTESIAN_POINT ( 'NONE',  ( -9.236028070328259787, 14.30647375520937992, 1.098006450715956595 ) ) ;
#1512 = ORIENTED_EDGE ( 'NONE', *, *, #1547, .F. ) ;
#1513 = CARTESIAN_POINT ( 'NONE',  ( 0.1501759473791711152, 9.150000000000003908, -4.385669324720176121 ) ) ;
#1514 = ORIENTED_EDGE ( 'NONE', *, *, #1360, .F. ) ;
#1515 = EDGE_CURVE ( 'NONE', #303, #203, #3200, .T. ) ;
#1516 = EDGE_CURVE ( 'NONE', #3914, #1210, #2687, .T. ) ;
#1517 = CARTESIAN_POINT ( 'NONE',  ( -0.1574453339202495084, 2.074730482128117615, 12.08687231541261831 ) ) ;
#1518 = CARTESIAN_POINT ( 'NONE',  ( -2.599853549273582143, 3.947596967316142180, -9.925260591526679832 ) ) ;
#1519 = ORIENTED_EDGE ( 'NONE', *, *, #1145, .T. ) ;
#1520 = CARTESIAN_POINT ( 'NONE',  ( -0.2428450251374407176, 14.06003279442337650, 9.375162670237909168 ) ) ;
#1521 = DIRECTION ( 'NONE',  ( -0.000000000000000000, -0.000000000000000000, 1.000000000000000000 ) ) ;
#1522 = CARTESIAN_POINT ( 'NONE',  ( -8.006132808782441046, 14.27269387378188270, -5.134315583073799871 ) ) ;
#1523 = CARTESIAN_POINT ( 'NONE',  ( -0.9779297010858197803, 4.500846155168902740, -9.718602822989215184 ) ) ;
#1524 = CARTESIAN_POINT ( 'NONE',  ( -0.4000000000022468916, 14.21226391249785515, 9.352383145276478515 ) ) ;
#1525 = AXIS2_PLACEMENT_3D ( 'NONE', #4101, #2292, #6061 ) ;
#1526 =( BOUNDED_SURFACE ( )  B_SPLINE_SURFACE ( 3, 2, ( 
 ( #4300, #5234, #5817 ),
 ( #4881, #3784, #3883 ),
 ( #3364, #375, #5327 ),
 ( #827, #2882, #2400 ) ),
 .UNSPECIFIED., .F., .F., .T. ) 
 B_SPLINE_SURFACE_WITH_KNOTS ( ( 4, 4 ),
 ( 3, 3 ),
 ( -2.190088388420718957E-17, 0.0006708524344489565127 ),
 ( 0.000000000000000000, 1.000000000000000000 ),
 .UNSPECIFIED. ) 
 GEOMETRIC_REPRESENTATION_ITEM ( )  RATIONAL_B_SPLINE_SURFACE ( (
 ( 1.000000000000000000, 0.7699653562337704926, 1.000000000000000000),
 ( 1.000000000000000000, 0.7702125447708798589, 1.000000000000000000),
 ( 1.000000000000000000, 0.7681778926681749331, 1.000000000000000000),
 ( 1.000000000000000000, 0.7639885047946672891, 1.000000000000000000) ) ) 
 REPRESENTATION_ITEM ( '' )  SURFACE ( )  );
#1527 = CARTESIAN_POINT ( 'NONE',  ( -0.4235675941650338672, 14.25158155025812512, 9.437954223245052177 ) ) ;
#1528 = CARTESIAN_POINT ( 'NONE',  ( -7.653298596400347265, 3.759185968624197294, 7.371614899905135410 ) ) ;
#1529 = CIRCLE ( 'NONE', #1101, 0.09999999999999936717 ) ;
#1530 = CARTESIAN_POINT ( 'NONE',  ( 0.4334259861186730567, 2.233797992330967652, 11.68101415754507855 ) ) ;
#1531 = CARTESIAN_POINT ( 'NONE',  ( 9.938699609312063643, 14.16691473705594895, -0.7060103213211036399 ) ) ;
#1532 = ORIENTED_EDGE ( 'NONE', *, *, #4419, .T. ) ;
#1533 = CARTESIAN_POINT ( 'NONE',  ( 2.074910868124252961, 8.180498186472323852, -9.745945784711462778 ) ) ;
#1534 = DIRECTION ( 'NONE',  ( 0.000000000000000000, 0.000000000000000000, -1.000000000000000000 ) ) ;
#1535 = CARTESIAN_POINT ( 'NONE',  ( 7.844966614004252214, 14.30647375495072993, -4.996632016476602267 ) ) ;
#1536 = EDGE_LOOP ( 'NONE', ( #1988, #3218, #2526, #5797 ) ) ;
#1537 = B_SPLINE_CURVE_WITH_KNOTS ( 'NONE', 3,
 ( #4146, #247, #1792, #1760 ),
 .UNSPECIFIED., .F., .F.,
 ( 4, 4 ),
 ( 2.168404344971008868E-19, 0.0008208498706304362489 ),
 .UNSPECIFIED. ) ;
#1538 = ORIENTED_EDGE ( 'NONE', *, *, #2999, .F. ) ;
#1539 = B_SPLINE_CURVE_WITH_KNOTS ( 'NONE', 3,
 ( #1673, #2180, #578, #2050, #2536, #2079, #1641, #3048, #4020, #4599, #2594, #5978, #2109, #4085 ),
 .UNSPECIFIED., .F., .F.,
 ( 4, 2, 2, 2, 2, 2, 4 ),
 ( 9.697399036122160616E-19, 0.0007339284076602661236, 0.001467856815320531163, 0.002935713630641060591, 0.003669642038301326823, 0.004403570445961593922, 0.005871427261282124652 ),
 .UNSPECIFIED. ) ;
#1540 = CARTESIAN_POINT ( 'NONE',  ( 1.141322923143630153, 8.861210428387963134, -4.248768885635459291 ) ) ;
#1541 = ORIENTED_EDGE ( 'NONE', *, *, #334, .T. ) ;
#1542 = CARTESIAN_POINT ( 'NONE',  ( -0.2994991652754584455, 14.79891665987305771, 0.1996661101836401109 ) ) ;
#1543 = CARTESIAN_POINT ( 'NONE',  ( 5.632748938180506038, 13.98371528648969786, -8.657681264420473255 ) ) ;
#1544 = AXIS2_PLACEMENT_3D ( 'NONE', #3862, #6298, #6233 ) ;
#1545 = B_SPLINE_CURVE_WITH_KNOTS ( 'NONE', 3,
 ( #5563, #5174, #1247, #3235 ),
 .UNSPECIFIED., .F., .F.,
 ( 4, 4 ),
 ( 3.903127820947815962E-18, 0.0008208498688670570927 ),
 .UNSPECIFIED. ) ;
#1546 = CARTESIAN_POINT ( 'NONE',  ( 3.787931563302475713, 4.455217734239772298, 8.987835476149486524 ) ) ;
#1547 = EDGE_CURVE ( 'NONE', #2522, #5274, #4651, .T. ) ;
#1548 = CARTESIAN_POINT ( 'NONE',  ( -0.5411055080208423407, 2.339537975491448485, 11.75923894227045885 ) ) ;
#1549 = CARTESIAN_POINT ( 'NONE',  ( 0.000000000000000000, 6.899999999999999467, -12.50000000000000000 ) ) ;
#1550 = CARTESIAN_POINT ( 'NONE',  ( 2.234763018369390064, 6.599311218080985419, -3.825400515932415146 ) ) ;
#1551 = EDGE_CURVE ( 'NONE', #537, #972, #2998, .T. ) ;
#1552 = CIRCLE ( 'NONE', #2575, 0.1270000000000005569 ) ;
#1553 = CARTESIAN_POINT ( 'NONE',  ( -0.2001668056713922506, 14.23348072557188182, 9.557964970809004868 ) ) ;
#1554 = CARTESIAN_POINT ( 'NONE',  ( 0.2001668056715278088, 14.23348072557184452, 9.557964970809637251 ) ) ;
#1555 = CARTESIAN_POINT ( 'NONE',  ( -0.2997357765862945778, 3.001307570919301781, 10.97240599093982638 ) ) ;
#1556 = CARTESIAN_POINT ( 'NONE',  ( 10.01744609551042764, 14.14193358903627384, -1.372029545442241316 ) ) ;
#1557 = CARTESIAN_POINT ( 'NONE',  ( -6.079879133516498335, 3.942201130671068032, -8.490746758550534068 ) ) ;
#1558 = VERTEX_POINT ( 'NONE', #4620 ) ;
#1559 = CARTESIAN_POINT ( 'NONE',  ( -0.5366047177360189213, 9.089306873258546915, -9.424643278833086057 ) ) ;
#1560 =( BOUNDED_SURFACE ( )  B_SPLINE_SURFACE ( 3, 2, ( 
 ( #4018, #3526, #1542 ),
 ( #1488, #4927, #2442 ),
 ( #548, #3017, #2506 ),
 ( #2534, #4468, #2954 ) ),
 .UNSPECIFIED., .F., .F., .F. ) 
 B_SPLINE_SURFACE_WITH_KNOTS ( ( 4, 4 ),
 ( 3, 3 ),
 ( -7.115076756936122848E-19, 0.0001562173486765467811 ),
 ( 0.000000000000000000, 1.000000000000000000 ),
 .UNSPECIFIED. ) 
 GEOMETRIC_REPRESENTATION_ITEM ( )  RATIONAL_B_SPLINE_SURFACE ( (
 ( 1.000000000000000000, 0.7053338403743909524, 1.000000000000000000),
 ( 1.000000000000000000, 0.7059504574107091646, 1.000000000000000000),
 ( 1.000000000000000000, 0.7070796048106152698, 1.000000000000000000),
 ( 1.000000000000000000, 0.7076967744316035036, 1.000000000000000000) ) ) 
 REPRESENTATION_ITEM ( '' )  SURFACE ( )  );
#1561 = CARTESIAN_POINT ( 'NONE',  ( 5.297147702230581242E-16, 12.59999999999994458, 4.325449350717825325 ) ) ;
#1562 = CARTESIAN_POINT ( 'NONE',  ( 8.007379127537863184, 14.27257337741731291, -5.133110363330167125 ) ) ;
#1563 = VERTEX_POINT ( 'NONE', #134 ) ;
#1564 = CARTESIAN_POINT ( 'NONE',  ( -9.278842578723656587, 18.65365788902377275, 1.828275898250988796 ) ) ;
#1565 = CARTESIAN_POINT ( 'NONE',  ( 10.14347447330574781, 4.121999042679638237, -0.1556287862969838176 ) ) ;
#1566 = CARTESIAN_POINT ( 'NONE',  ( 0.3082736397436806053, 14.79938766529418714, -0.0001795784086578228937 ) ) ;
#1567 = STYLED_ITEM ( 'NONE', ( #539 ), #1481 ) ;
#1568 = ORIENTED_EDGE ( 'NONE', *, *, #2647, .F. ) ;
#1569 = FACE_OUTER_BOUND ( 'NONE', #1053, .T. ) ;
#1570 = ORIENTED_EDGE ( 'NONE', *, *, #5599, .F. ) ;
#1571 = SURFACE_STYLE_FILL_AREA ( #5463 ) ;
#1572 = CIRCLE ( 'NONE', #5892, 0.1269999999999999463 ) ;
#1573 = DIRECTION ( 'NONE',  ( -0.000000000000000000, -0.000000000000000000, 1.000000000000000000 ) ) ;
#1574 = CARTESIAN_POINT ( 'NONE',  ( -9.037805734086310494, 3.886646805541342342, 4.980082249161162267 ) ) ;
#1575 = CARTESIAN_POINT ( 'NONE',  ( 6.434466056629001507, 4.076122563783716402, 7.834141940609863575 ) ) ;
#1576 = CIRCLE ( 'NONE', #966, 0.2540000000000003921 ) ;
#1577 = CARTESIAN_POINT ( 'NONE',  ( -9.547964767945396503, 3.852387266444444069, -4.003342262243308802 ) ) ;
#1578 = CARTESIAN_POINT ( 'NONE',  ( -2.861450902174018207, 7.124177071757935131, -9.864827744291515543 ) ) ;
#1579 = CARTESIAN_POINT ( 'NONE',  ( 2.134636723254751178, 7.626322634909678655, -9.581349193444758328 ) ) ;
#1580 = CARTESIAN_POINT ( 'NONE',  ( -0.6507660459604147629, 2.757139742621312894, 11.43001642936399520 ) ) ;
#1581 = UNCERTAINTY_MEASURE_WITH_UNIT (LENGTH_MEASURE( 1.000000000000000082E-05 ), #3022, 'distance_accuracy_value', 'NONE');
#1582 = CARTESIAN_POINT ( 'NONE',  ( -5.982008723375034975, 3.886657979448139955, -8.408239577060214742 ) ) ;
#1583 = DIRECTION ( 'NONE',  ( -0.003379265582914616102, -0.9999942902657595889, 0.000000000000000000 ) ) ;
#1584 = DIRECTION ( 'NONE',  ( -0.6798188230771449181, 0.3857600624797496436, -0.6237271374452334483 ) ) ;
#1585 = ADVANCED_FACE ( 'NONE', ( #3617 ), #4023, .T. ) ;
#1586 = ADVANCED_FACE ( 'NONE', ( #5580 ), #1777, .T. ) ;
#1587 = CARTESIAN_POINT ( 'NONE',  ( 0.2001668056713904464, 14.99964524126811227, -0.05004170141784819448 ) ) ;
#1588 = CARTESIAN_POINT ( 'NONE',  ( 0.2001669449081781293, 14.99968697724837163, -2.203609151841265726E-18 ) ) ;
#1589 = CARTESIAN_POINT ( 'NONE',  ( 8.606153869344943530, 13.89599898141196199, 5.699159846220374526 ) ) ;
#1590 = CARTESIAN_POINT ( 'NONE',  ( 0.2734631253897820691, 9.137434771931012278, -9.417353564624876938 ) ) ;
#1591 = AXIS2_PLACEMENT_3D ( 'NONE', #1359, #3213, #3804 ) ;
#1592 = CARTESIAN_POINT ( 'NONE',  ( 7.566689119850068757, 18.65366305605877173, -5.673158426419375289 ) ) ;
#1593 = EDGE_CURVE ( 'NONE', #6096, #2475, #3832, .T. ) ;
#1594 = CARTESIAN_POINT ( 'NONE',  ( 4.616464009960523640, 18.63506414814131062, 8.276055370209181916 ) ) ;
#1595 = ORIENTED_EDGE ( 'NONE', *, *, #1818, .F. ) ;
#1596 =( BOUNDED_SURFACE ( )  B_SPLINE_SURFACE ( 3, 2, ( 
 ( #5659, #1245, #6195 ),
 ( #3199, #5237, #3722 ),
 ( #1702, #5171, #5758 ),
 ( #5694, #699, #4726 ) ),
 .UNSPECIFIED., .F., .F., .T. ) 
 B_SPLINE_SURFACE_WITH_KNOTS ( ( 4, 4 ),
 ( 3, 3 ),
 ( -6.938893903907228378E-18, 0.0006708524342107304072 ),
 ( 0.000000000000000000, 1.000000000000000000 ),
 .UNSPECIFIED. ) 
 GEOMETRIC_REPRESENTATION_ITEM ( )  RATIONAL_B_SPLINE_SURFACE ( (
 ( 1.000000000000000000, 0.7699653562337704926, 1.000000000000000000),
 ( 1.000000000000000000, 0.7702125447706806849, 1.000000000000000000),
 ( 1.000000000000000000, 0.7681778926694962095, 1.000000000000000000),
 ( 1.000000000000000000, 0.7639885047988331790, 1.000000000000000000) ) ) 
 REPRESENTATION_ITEM ( '' )  SURFACE ( )  );
#1597 = CARTESIAN_POINT ( 'NONE',  ( -8.784664341115984598, 3.695334402585741085, 5.751822281524932023 ) ) ;
#1598 = CARTESIAN_POINT ( 'NONE',  ( 1.997413599085557268, 8.300801002228080705, -9.735647158320119843 ) ) ;
#1599 = ORIENTED_EDGE ( 'NONE', *, *, #889, .T. ) ;
#1600 = ORIENTED_EDGE ( 'NONE', *, *, #3954, .T. ) ;
#1601 = CARTESIAN_POINT ( 'NONE',  ( 1.694413055926655698, 8.387413067738377137, -4.061018152465251774 ) ) ;
#1602 = VERTEX_POINT ( 'NONE', #99 ) ;
#1603 = ORIENTED_EDGE ( 'NONE', *, *, #4147, .T. ) ;
#1604 = CARTESIAN_POINT ( 'NONE',  ( 8.843968327364406079, 13.90487727696946330, 5.213910555711729344 ) ) ;
#1605 = CARTESIAN_POINT ( 'NONE',  ( 0.9739804327702663578, 4.398893506591456948, -9.761282681154575869 ) ) ;
#1606 = CARTESIAN_POINT ( 'NONE',  ( -9.348310552223434655, 4.505686234338137197, 2.633748494559662312 ) ) ;
#1607 = ORIENTED_EDGE ( 'NONE', *, *, #1350, .T. ) ;
#1608 = SURFACE_STYLE_FILL_AREA ( #3084 ) ;
#1609 = CARTESIAN_POINT ( 'NONE',  ( 0.4723608806468273524, 2.201671009490941078, 11.99513597649754004 ) ) ;
#1610 = VERTEX_POINT ( 'NONE', #2646 ) ;
#1611 = CARTESIAN_POINT ( 'NONE',  ( -0.2777750123953093286, 14.06424451209480431, 9.347619215351745225 ) ) ;
#1612 = CARTESIAN_POINT ( 'NONE',  ( -7.365667529443916450, 3.705625275242204086, 7.488545529054004390 ) ) ;
#1613 = CARTESIAN_POINT ( 'NONE',  ( 5.270943953684049887, 14.14193358903626496, -8.629125947731047575 ) ) ;
#1614 = CIRCLE ( 'NONE', #3772, 10.11096886307222498 ) ;
#1615 = CARTESIAN_POINT ( 'NONE',  ( -5.893439198469015317, 3.737636420226031042, -8.654947509676929940 ) ) ;
#1616 = DIRECTION ( 'NONE',  ( 0.000000000000000000, 0.9118635232407443780, -0.4104935017548710929 ) ) ;
#1617 = AXIS2_PLACEMENT_3D ( 'NONE', #346, #2310, #4824 ) ;
#1618 = DIRECTION ( 'NONE',  ( -0.9499080867371711978, 0.000000000000000000, -0.3125294014190138081 ) ) ;
#1619 = DIRECTION ( 'NONE',  ( 0.000000000000000000, -0.9986295347545742773, -0.05233595624293849169 ) ) ;
#1620 = CARTESIAN_POINT ( 'NONE',  ( -7.889381003081955335, 4.556990391368864302, -5.663173236442817782 ) ) ;
#1621 = AXIS2_PLACEMENT_3D ( 'NONE', #554, #3087, #4540 ) ;
#1622 = DIRECTION ( 'NONE',  ( -1.906289534040448226E-16, 0.000000000000000000, -1.000000000000000000 ) ) ;
#1623 = CARTESIAN_POINT ( 'NONE',  ( -5.531406538864471756, 14.15065569503014409, -8.405630333053840886 ) ) ;
#1624 = EDGE_CURVE ( 'NONE', #4587, #2982, #1051, .T. ) ;
#1625 = EDGE_CURVE ( 'NONE', #3823, #4731, #5468, .T. ) ;
#1626 = AXIS2_PLACEMENT_3D ( 'NONE', #776, #4258, #3119 ) ;
#1627 = CARTESIAN_POINT ( 'NONE',  ( -0.4500000000000011213, 14.22254638226896795, 9.299999999999995381 ) ) ;
#1628 = CIRCLE ( 'NONE', #2449, 0.1270000000000004181 ) ;
#1629 = DIRECTION ( 'NONE',  ( 0.000000000000000000, 0.000000000000000000, -1.000000000000000000 ) ) ;
#1630 = EDGE_LOOP ( 'NONE', ( #401, #2165, #1394, #1859 ) ) ;
#1631 = FACE_OUTER_BOUND ( 'NONE', #5035, .T. ) ;
#1632 = FILL_AREA_STYLE_COLOUR ( '', #2436 ) ;
#1633 = ORIENTED_EDGE ( 'NONE', *, *, #296, .T. ) ;
#1634 = CARTESIAN_POINT ( 'NONE',  ( -6.005559662781306152, 4.284880635748439914, 7.979953390947515324 ) ) ;
#1635 = VERTEX_POINT ( 'NONE', #4071 ) ;
#1636 = CARTESIAN_POINT ( 'NONE',  ( -9.537750360331745725, 14.14406121270486061, -3.320247740536551806 ) ) ;
#1637 = EDGE_CURVE ( 'NONE', #4015, #1816, #5650, .T. ) ;
#1638 = ORIENTED_EDGE ( 'NONE', *, *, #1516, .F. ) ;
#1639 = FACE_OUTER_BOUND ( 'NONE', #3170, .T. ) ;
#1640 = CARTESIAN_POINT ( 'NONE',  ( -0.02849891222564758866, 2.999341318841535653, 10.92373115173334241 ) ) ;
#1641 = CARTESIAN_POINT ( 'NONE',  ( -7.914124364434113268, 4.469400801908323118, -5.691776926589021457 ) ) ;
#1642 = CARTESIAN_POINT ( 'NONE',  ( 1.170513120786376381E-15, 14.23381893493603734, 9.557964970808997762 ) ) ;
#1643 = ORIENTED_EDGE ( 'NONE', *, *, #2022, .F. ) ;
#1644 = CARTESIAN_POINT ( 'NONE',  ( 6.866322162230176218, 3.886646805740708199, 7.703036521778118484 ) ) ;
#1645 = VERTEX_POINT ( 'NONE', #5681 ) ;
#1646 = AXIS2_PLACEMENT_3D ( 'NONE', #5917, #143, #516 ) ;
#1647 = CARTESIAN_POINT ( 'NONE',  ( -0.2897439110068710799, 14.06714044990884283, 9.328938530832921572 ) ) ;
#1648 = CARTESIAN_POINT ( 'NONE',  ( -3.012253203831568804, 14.15872610222206873, -9.549053814952776165 ) ) ;
#1649 = CARTESIAN_POINT ( 'NONE',  ( -0.5370776045986385139, 3.039712793068472418, 11.15310367754856813 ) ) ;
#1650 = CARTESIAN_POINT ( 'NONE',  ( 9.517311405121470003, 5.743678914649321676, -3.927192767955974162 ) ) ;
#1651 = CARTESIAN_POINT ( 'NONE',  ( -9.109657047826564380, 4.022806156129355770, 4.565032815710800662 ) ) ;
#1652 = CARTESIAN_POINT ( 'NONE',  ( 1.659072168858043206, 13.92087586580219494, 10.01530372681640912 ) ) ;
#1653 = CARTESIAN_POINT ( 'NONE',  ( 0.000000000000000000, 2.600000000000046718, -8.863739773864104166 ) ) ;
#1654 = CARTESIAN_POINT ( 'NONE',  ( 3.639924703975869757, 14.10646180264004101, -9.655124515883095171 ) ) ;
#1655 = CARTESIAN_POINT ( 'NONE',  ( 0.2771639424191589818, 14.06427969674284917, 9.347408413777239744 ) ) ;
#1656 = CARTESIAN_POINT ( 'NONE',  ( -1.506987450389270844, 5.223776018869107141, -9.558106082485844368 ) ) ;
#1657 = DIRECTION ( 'NONE',  ( 0.9956363374052763504, 4.798825836468468402E-15, -0.09331818492773585882 ) ) ;
#1658 = CIRCLE ( 'NONE', #3609, 10.53628258987602351 ) ;
#1659 = CARTESIAN_POINT ( 'NONE',  ( 0.2533061348343611519, 14.79935449495530797, 0.1147294359122549706 ) ) ;
#1660 = ORIENTED_EDGE ( 'NONE', *, *, #1278, .F. ) ;
#1661 = CARTESIAN_POINT ( 'NONE',  ( -8.972543757943642007, 7.605684247058840164, 4.982167978651403040 ) ) ;
#1662 = CARTESIAN_POINT ( 'NONE',  ( 1.149246174852603496E-15, 14.05907871595266023, 9.384307178631042134 ) ) ;
#1663 = EDGE_CURVE ( 'NONE', #6106, #2973, #5617, .T. ) ;
#1664 = ORIENTED_EDGE ( 'NONE', *, *, #2303, .T. ) ;
#1665 = CARTESIAN_POINT ( 'NONE',  ( -0.2938713868724029399, 14.79904578819414596, 0.1666206152870625401 ) ) ;
#1666 = ORIENTED_EDGE ( 'NONE', *, *, #6069, .F. ) ;
#1667 = CARTESIAN_POINT ( 'NONE',  ( 8.831359299662054241, 13.98371707602921887, 5.356342826350564579 ) ) ;
#1668 = ORIENTED_EDGE ( 'NONE', *, *, #4346, .T. ) ;
#1669 = CARTESIAN_POINT ( 'NONE',  ( -8.316820011862720463, 18.50564067135812962, -4.815535045126329017 ) ) ;
#1670 = EDGE_CURVE ( 'NONE', #278, #2185, #2872, .T. ) ;
#1671 = CARTESIAN_POINT ( 'NONE',  ( -0.1999999999999997335, 13.63511657567311097, 9.500000000000000000 ) ) ;
#1672 = ORIENTED_EDGE ( 'NONE', *, *, #4099, .F. ) ;
#1673 = CARTESIAN_POINT ( 'NONE',  ( -9.547964767945396503, 3.852387266444444069, -4.003342262243308802 ) ) ;
#1674 = EDGE_CURVE ( 'NONE', #4998, #2242, #3310, .T. ) ;
#1675 = CARTESIAN_POINT ( 'NONE',  ( 9.223004527810601871, 2.805545251748638336, 3.530098321150989094 ) ) ;
#1676 = ORIENTED_EDGE ( 'NONE', *, *, #1876, .F. ) ;
#1677 = CARTESIAN_POINT ( 'NONE',  ( -0.3003504842740626901, 3.196078348761645316, 10.97766811248042096 ) ) ;
#1678 = EDGE_LOOP ( 'NONE', ( #171, #2111 ) ) ;
#1679 = DIRECTION ( 'NONE',  ( -0.5009297755129891172, 0.07189808229964152197, 0.8624963917409396164 ) ) ;
#1680 = CARTESIAN_POINT ( 'NONE',  ( -7.501248456109113505, 10.55301036471633580, 7.175371349676741062 ) ) ;
#1681 = FACE_OUTER_BOUND ( 'NONE', #3165, .T. ) ;
#1682 = ADVANCED_FACE ( 'NONE', ( #4196 ), #4005, .F. ) ;
#1683 = CARTESIAN_POINT ( 'NONE',  ( 0.000000000000000000, 14.14193358903625963, 0.000000000000000000 ) ) ;
#1684 = CARTESIAN_POINT ( 'NONE',  ( -9.338094108141934413, 4.441146941579863672, 2.886492561870606544 ) ) ;
#1685 = CARTESIAN_POINT ( 'NONE',  ( 0.4503753127617415308, 14.99819622618436910, 0.1340843714334868098 ) ) ;
#1686 = DIRECTION ( 'NONE',  ( 0.003338902816470811462, 0.9999944258484554371, 0.000000000000000000 ) ) ;
#1687 = CARTESIAN_POINT ( 'NONE',  ( -7.278671570392576839, 4.542813483204132474, -6.436915988343622885 ) ) ;
#1688 = CARTESIAN_POINT ( 'NONE',  ( 2.087223359869670780, 6.050747086455606549, -9.605499113701466030 ) ) ;
#1689 = EDGE_LOOP ( 'NONE', ( #3009, #4522, #1482, #5657 ) ) ;
#1690 = CARTESIAN_POINT ( 'NONE',  ( -1.689441695355889284, 8.410251320044544343, -9.513902456795921836 ) ) ;
#1691 = CARTESIAN_POINT ( 'NONE',  ( 7.260435647912074408, 2.932356980808672020, -6.506998082003960349 ) ) ;
#1692 =( BOUNDED_SURFACE ( )  B_SPLINE_SURFACE ( 3, 2, ( 
 ( #2596, #4057, #5077 ),
 ( #4446, #4570, #6013 ),
 ( #4958, #150, #3020 ),
 ( #3467, #550, #2509 ),
 ( #51, #2023, #2246 ),
 ( #2629, #2695, #1288 ),
 ( #4637, #1707, #4123 ),
 ( #3697, #1218, #3635 ),
 ( #3665, #6169, #675 ),
 ( #802, #6201, #1798 ),
 ( #2661, #3727, #5146 ),
 ( #740, #5665, #6138 ) ),
 .UNSPECIFIED., .F., .F., .T. ) 
 B_SPLINE_SURFACE_WITH_KNOTS ( ( 4, 2, 2, 2, 2, 4 ),
 ( 3, 3 ),
 ( -5.637851296924623057E-18, 0.001464990606877209075, 0.002197485910315816540, 0.002929981213754423788, 0.004394971820631638285, 0.005859962427508852781 ),
 ( 0.000000000000000000, 1.000000000000000000 ),
 .UNSPECIFIED. ) 
 GEOMETRIC_REPRESENTATION_ITEM ( )  RATIONAL_B_SPLINE_SURFACE ( (
 ( 1.000000000000000000, 0.9101407219094890255, 1.000000000000000000),
 ( 1.000000000000000000, 0.9152134588408623594, 1.000000000000000000),
 ( 1.000000000000000000, 0.9194871959743241563, 1.000000000000000000),
 ( 1.000000000000000000, 0.9239906476235187904, 1.000000000000000000),
 ( 1.000000000000000000, 0.9251722141519632681, 1.000000000000000000),
 ( 1.000000000000000000, 0.9267758961972639709, 1.000000000000000000),
 ( 1.000000000000000000, 0.9271835648402801944, 1.000000000000000000),
 ( 1.000000000000000000, 0.9271844335489826117, 1.000000000000000000),
 ( 1.000000000000000000, 0.9255576592499654698, 1.000000000000000000),
 ( 1.000000000000000000, 0.9195535726810333266, 1.000000000000000000),
 ( 1.000000000000000000, 0.9152044630329584374, 1.000000000000000000),
 ( 1.000000000000000000, 0.9101417910711826487, 1.000000000000000000) ) ) 
 REPRESENTATION_ITEM ( '' )  SURFACE ( )  );
#1693 = CARTESIAN_POINT ( 'NONE',  ( 0.000000000000000000, 2.600000000000046718, 0.000000000000000000 ) ) ;
#1694 = CARTESIAN_POINT ( 'NONE',  ( 10.31080423936761647, 3.939973368112489549, -0.5866566252628444555 ) ) ;
#1695 = CARTESIAN_POINT ( 'NONE',  ( -8.890261060422478323, 10.55532556788539189, 5.374464213454182904 ) ) ;
#1696 = CARTESIAN_POINT ( 'NONE',  ( -0.7267841042392566564, 9.245546952067213553, -9.630256582202433080 ) ) ;
#1697 = CARTESIAN_POINT ( 'NONE',  ( -3.240149305745733788, 2.150915556516555416, -10.01285108592792383 ) ) ;
#1698 = CARTESIAN_POINT ( 'NONE',  ( -8.836639355246461491, 14.11625251775341638, 5.224647757661125880 ) ) ;
#1699 = TOROIDAL_SURFACE ( 'NONE', #2613, 59.94831106878658034, 0.05000000000000000278 ) ;
#1700 = ORIENTED_EDGE ( 'NONE', *, *, #5439, .T. ) ;
#1701 = CARTESIAN_POINT ( 'NONE',  ( -6.091228671364328662, 18.29691102113499213, -7.725303043357283350 ) ) ;
#1702 = CARTESIAN_POINT ( 'NONE',  ( -3.125408207714304165, 14.15048065421003542, -9.565809490143562854 ) ) ;
#1703 = CARTESIAN_POINT ( 'NONE',  ( 10.44724790732460384, 3.705625223542970748, -1.089307642382940422 ) ) ;
#1704 = FACE_OUTER_BOUND ( 'NONE', #5756, .T. ) ;
#1705 = CARTESIAN_POINT ( 'NONE',  ( 10.28279408143994544, 2.392828415192343350, -0.4581615754505715121 ) ) ;
#1706 = ORIENTED_EDGE ( 'NONE', *, *, #5486, .T. ) ;
#1707 = CARTESIAN_POINT ( 'NONE',  ( 9.402474045815907289, 4.505655870531062313, 2.396489492138790478 ) ) ;
#1708 = EDGE_CURVE ( 'NONE', #6200, #2857, #155, .T. ) ;
#1709 = EDGE_CURVE ( 'NONE', #1409, #16, #1224, .T. ) ;
#1710 = SURFACE_SIDE_STYLE ('',( #3244 ) ) ;
#1711 = CARTESIAN_POINT ( 'NONE',  ( -0.5823917108862879388, 2.430557243804296164, 11.67306287790277253 ) ) ;
#1712 = CARTESIAN_POINT ( 'NONE',  ( 1.135090862194903183, 4.951847070959318309, -4.313904291625274112 ) ) ;
#1713 = EDGE_CURVE ( 'NONE', #6355, #6099, #922, .T. ) ;
#1714 = CARTESIAN_POINT ( 'NONE',  ( -2.249999999999999112, 6.899999999999999467, -3.810199798879392752 ) ) ;
#1715 = CARTESIAN_POINT ( 'NONE',  ( 0.3731854817461630058, 4.673186709851760767, -9.503682000315199829 ) ) ;
#1716 = CARTESIAN_POINT ( 'NONE',  ( 2.899868891159526285, 14.16691622593808653, -9.532407079374522141 ) ) ;
#1717 = CARTESIAN_POINT ( 'NONE',  ( 3.787430506794300378, 4.455183903150953029, 8.988090008718238266 ) ) ;
#1718 = CARTESIAN_POINT ( 'NONE',  ( -1.999315654946729692, 5.858916493295524219, -9.778162035952904674 ) ) ;
#1719 = AXIS2_PLACEMENT_3D ( 'NONE', #1206, #3717, #4268 ) ;
#1720 = CARTESIAN_POINT ( 'NONE',  ( -8.854253162975926017, 13.91281333083314209, 5.081664105508481910 ) ) ;
#1721 = CIRCLE ( 'NONE', #587, 0.1269999999999999463 ) ;
#1722 = ORIENTED_EDGE ( 'NONE', *, *, #1234, .T. ) ;
#1723 = CARTESIAN_POINT ( 'NONE',  ( 0.9847324566042828797, 14.30647375504499941, -9.248790985143275023 ) ) ;
#1724 = CARTESIAN_POINT ( 'NONE',  ( -0.1481395112747439791, 9.353390100235671412, -9.615394940671205148 ) ) ;
#1725 = CARTESIAN_POINT ( 'NONE',  ( -6.887331829017108831, 3.939984671681221684, 7.695537113495491077 ) ) ;
#1726 = CARTESIAN_POINT ( 'NONE',  ( -2.168307255342752704, 6.286633379841127578, -9.611433205435043092 ) ) ;
#1727 = FILL_AREA_STYLE_COLOUR ( '', #4301 ) ;
#1728 = ORIENTED_EDGE ( 'NONE', *, *, #3115, .F. ) ;
#1729 = ORIENTED_EDGE ( 'NONE', *, *, #5776, .F. ) ;
#1730 = CARTESIAN_POINT ( 'NONE',  ( -3.696949756615946825, 3.759185968624951801, -9.962241120109894155 ) ) ;
#1731 = CARTESIAN_POINT ( 'NONE',  ( -8.723083603711202727, 14.23679501315326235, 3.981788443975252445 ) ) ;
#1732 = CARTESIAN_POINT ( 'NONE',  ( -4.987226196219436858, 14.27257337662094727, 8.099044230167061542 ) ) ;
#1733 = ORIENTED_EDGE ( 'NONE', *, *, #6375, .T. ) ;
#1734 = CARTESIAN_POINT ( 'NONE',  ( 0.3994225154380557363, 4.520121771320181558, -9.702810170495117958 ) ) ;
#1735 = ORIENTED_EDGE ( 'NONE', *, *, #2968, .T. ) ;
#1736 = CARTESIAN_POINT ( 'NONE',  ( 0.1311745856541211841, 3.272048238969881506, 10.91122712879418444 ) ) ;
#1737 = CARTESIAN_POINT ( 'NONE',  ( -0.9832374858107361115, 3.669383407414255505, 10.49030480301821200 ) ) ;
#1738 = EDGE_CURVE ( 'NONE', #2242, #3230, #478, .T. ) ;
#1739 = CARTESIAN_POINT ( 'NONE',  ( 9.896625780965971231, 13.91644146466910037, -0.7030215442941740722 ) ) ;
#1740 = CARTESIAN_POINT ( 'NONE',  ( -10.28688313309443991, 10.55301036477329291, -1.390941340265725801 ) ) ;
#1741 = CIRCLE ( 'NONE', #305, 0.1270000000000002238 ) ;
#1742 = CIRCLE ( 'NONE', #5342, 12.50000000000000000 ) ;
#1743 = CARTESIAN_POINT ( 'NONE',  ( 1.523264834716760552, 14.16691622602022349, 9.846607971602237441 ) ) ;
#1744 = DIRECTION ( 'NONE',  ( -0.3527576248290666405, 0.000000000000000000, -0.9357147311680817925 ) ) ;
#1745 = CARTESIAN_POINT ( 'NONE',  ( 8.214165959847488097, 4.435073401205013255, -5.296361183667639416 ) ) ;
#1746 = PRESENTATION_LAYER_ASSIGNMENT (  '', '', ( #1121 ) ) ;
#1747 = EDGE_CURVE ( 'NONE', #102, #4467, #3075, .T. ) ;
#1748 = CARTESIAN_POINT ( 'NONE',  ( -4.724778091072248110, 2.932521816723558050, 8.527956155224440948 ) ) ;
#1749 = CARTESIAN_POINT ( 'NONE',  ( -1.852566403827491381, 8.205792328875562092, -9.722182046878135253 ) ) ;
#1750 = CARTESIAN_POINT ( 'NONE',  ( -0.6050663657506599735, 4.525890757981580137, -9.508894046428109093 ) ) ;
#1751 = CARTESIAN_POINT ( 'NONE',  ( 10.22665117224369880, 13.89599898141095480, -1.400683110791917541 ) ) ;
#1752 = CARTESIAN_POINT ( 'NONE',  ( -0.4953896680701604383, 2.759303888014580597, 11.15274904288719959 ) ) ;
#1753 = DIRECTION ( 'NONE',  ( 0.003336114588163399328, -0.9999944351542434662, 0.000000000000000000 ) ) ;
#1754 = CARTESIAN_POINT ( 'NONE',  ( -0.5684447525058304862, 18.63506326477057584, -9.459476926321899626 ) ) ;
#1755 = CARTESIAN_POINT ( 'NONE',  ( 8.724656854575288278, 7.124157179956486452, 5.734211556308129509 ) ) ;
#1756 = CIRCLE ( 'NONE', #1871, 0.09999999999999933942 ) ;
#1757 = CARTESIAN_POINT ( 'NONE',  ( 6.934170172678038011E-16, 14.27183313937444886, -9.319323811208251485 ) ) ;
#1758 = ORIENTED_EDGE ( 'NONE', *, *, #3277, .T. ) ;
#1759 = CARTESIAN_POINT ( 'NONE',  ( 9.871668280472155388, 10.55301036480407895, -3.210116472390204478 ) ) ;
#1760 = CARTESIAN_POINT ( 'NONE',  ( 1.722432033089867920, 3.939984672447514935, 10.18282176337811862 ) ) ;
#1761 = CARTESIAN_POINT ( 'NONE',  ( 10.31080423936762003, 3.939973368112479779, -0.5866566252628413469 ) ) ;
#1762 = CARTESIAN_POINT ( 'NONE',  ( 9.578486790833133924, 13.90671125836624000, -3.651782500407100951 ) ) ;
#1763 = CIRCLE ( 'NONE', #4233, 59.99830966017005807 ) ;
#1764 = FACE_OUTER_BOUND ( 'NONE', #2074, .T. ) ;
#1765 = ORIENTED_EDGE ( 'NONE', *, *, #4743, .F. ) ;
#1766 = CARTESIAN_POINT ( 'NONE',  ( -0.4977642155802121660, 2.998428803775162077, 11.15249217966252004 ) ) ;
#1767 = EDGE_LOOP ( 'NONE', ( #177, #1666, #2179, #2069 ) ) ;
#1768 =( NAMED_UNIT ( * ) PLANE_ANGLE_UNIT ( ) SI_UNIT ( $, .RADIAN. ) );
#1769 = DIRECTION ( 'NONE',  ( -0.000000000000000000, 1.000000000000000000, -0.000000000000000000 ) ) ;
#1770 = CARTESIAN_POINT ( 'NONE',  ( -0.06550487338431688900, 3.305696857769651498, 10.89997074772695917 ) ) ;
#1771 = CARTESIAN_POINT ( 'NONE',  ( -9.983383994817101481, 4.284880634913843522, 0.2800839457804710775 ) ) ;
#1772 = CARTESIAN_POINT ( 'NONE',  ( 0.000000000000000000, 12.59999999999994458, -4.325449350717825325 ) ) ;
#1773 = B_SPLINE_CURVE_WITH_KNOTS ( 'NONE', 3,
 ( #3248, #6115, #3676, #4744, #5642, #5152 ),
 .UNSPECIFIED., .F., .F.,
 ( 4, 2, 4 ),
 ( 1.755771606739170543E-18, 0.0001564339503048870394, 0.0003128679006097722900 ),
 .UNSPECIFIED. ) ;
#1774 = DIRECTION ( 'NONE',  ( -0.000000000000000000, 1.000000000000000000, -0.000000000000000000 ) ) ;
#1775 = PRESENTATION_LAYER_ASSIGNMENT (  '', '', ( #4248 ) ) ;
#1776 = CARTESIAN_POINT ( 'NONE',  ( -6.823319085940539708, 10.93265526024328160, 7.587623648287819655 ) ) ;
#1777 = B_SPLINE_SURFACE_WITH_KNOTS ( 'NONE', 1, 3, ( 
 ( #2615, #2162, #3546, #1170, #6060, #1691, #690, #4009, #5060, #3006, #5549, #69, #626, #567 ),
 ( #4100, #3097, #166, #6090, #4487, #4972, #4996, #1592, #659, #5997, #2038, #2131, #2581, #592 ) ),
 .UNSPECIFIED., .F., .F., .F.,
 ( 2, 2 ),
 ( 4, 2, 2, 2, 2, 2, 4 ),
 ( 0.000000000000000000, 1.000000000000000000 ),
 ( 2.487771132481588866E-07, 0.001686013523092935599, 0.002528895896082779347, 0.003371778269072622878, 0.004214660642062466843, 0.005057543015052310374, 0.006743307761031997437 ),
 .UNSPECIFIED. ) ;
#1778 = CARTESIAN_POINT ( 'NONE',  ( 7.048007528733480243, 13.90659367270164637, 7.444803327059120512 ) ) ;
#1779 = ORIENTED_EDGE ( 'NONE', *, *, #6215, .F. ) ;
#1780 = CIRCLE ( 'NONE', #5897, 0.1269999999999997242 ) ;
#1781 = EDGE_CURVE ( 'NONE', #5760, #2708, #5025, .T. ) ;
#1782 = EDGE_CURVE ( 'NONE', #575, #6106, #1442, .T. ) ;
#1783 = DIRECTION ( 'NONE',  ( 2.309263891220325604E-14, 0.000000000000000000, -1.000000000000000000 ) ) ;
#1784 = CARTESIAN_POINT ( 'NONE',  ( 0.2936741493156727056, 9.339985863670566602, -9.617281353383301479 ) ) ;
#1785 = ORIENTED_EDGE ( 'NONE', *, *, #455, .F. ) ;
#1786 = CARTESIAN_POINT ( 'NONE',  ( -9.871664481114569512, 10.55301945957782728, -3.210127638842926068 ) ) ;
#1787 = CARTESIAN_POINT ( 'NONE',  ( 0.2528219989744639462, 14.94942526037288388, -3.574479037413146938E-16 ) ) ;
#1788 = EDGE_CURVE ( 'NONE', #3925, #415, #1742, .T. ) ;
#1789 =( NAMED_UNIT ( * ) PLANE_ANGLE_UNIT ( ) SI_UNIT ( $, .RADIAN. ) );
#1790 = ORIENTED_EDGE ( 'NONE', *, *, #376, .F. ) ;
#1791 = DIRECTION ( 'NONE',  ( -0.000000000000000000, -1.000000000000000000, -0.000000000000000000 ) ) ;
#1792 = CARTESIAN_POINT ( 'NONE',  ( 1.514371976641774253, 3.825714322428002134, 10.32657006017552703 ) ) ;
#1793 = CIRCLE ( 'NONE', #809, 0.2539999999999996150 ) ;
#1794 = CARTESIAN_POINT ( 'NONE',  ( -9.112257218217454380, 2.592699191960373906, 4.350754414831506267 ) ) ;
#1795 = ORIENTED_EDGE ( 'NONE', *, *, #2561, .T. ) ;
#1796 = CARTESIAN_POINT ( 'NONE',  ( 9.582578401278011526, 18.50563135426218153, 0.7301143005641115291 ) ) ;
#1797 = ORIENTED_EDGE ( 'NONE', *, *, #3115, .T. ) ;
#1798 = CARTESIAN_POINT ( 'NONE',  ( 10.01156183845745673, 4.199595320213402871, 0.3243697597670329169 ) ) ;
#1799 = VERTEX_POINT ( 'NONE', #1849 ) ;
#1800 = CARTESIAN_POINT ( 'NONE',  ( -1.659063915805393696, 13.92087438204728223, 10.01531547227525110 ) ) ;
#1801 = CARTESIAN_POINT ( 'NONE',  ( 0.4607764245860429542, 3.123877259973945719, 11.07225490557043734 ) ) ;
#1802 = CARTESIAN_POINT ( 'NONE',  ( 0.5898053482568224037, 2.843698616415183622, 11.34678492686536089 ) ) ;
#1803 =( BOUNDED_SURFACE ( )  B_SPLINE_SURFACE ( 3, 2, ( 
 ( #3919, #4010, #5879 ),
 ( #5970, #4434, #2470 ),
 ( #1535, #1562, #5487 ),
 ( #5908, #955, #5848 ) ),
 .UNSPECIFIED., .F., .F., .T. ) 
 B_SPLINE_SURFACE_WITH_KNOTS ( ( 4, 4 ),
 ( 3, 3 ),
 ( 0.000000000000000000, 0.005799967178656923947 ),
 ( 0.000000000000000000, 1.000000000000000000 ),
 .UNSPECIFIED. ) 
 GEOMETRIC_REPRESENTATION_ITEM ( )  RATIONAL_B_SPLINE_SURFACE ( (
 ( 1.000000000000000000, 0.7639885047784176209, 1.000000000000000000),
 ( 1.000000000000000000, 0.7662491058539692146, 1.000000000000000000),
 ( 1.000000000000000000, 0.7662486930879769398, 1.000000000000000000),
 ( 1.000000000000000000, 0.7639881485810929851, 1.000000000000000000) ) ) 
 REPRESENTATION_ITEM ( '' )  SURFACE ( )  );
#1804 = CARTESIAN_POINT ( 'NONE',  ( 0.1999999999999979572, 13.63511657567311097, 0.000000000000000000 ) ) ;
#1805 = CARTESIAN_POINT ( 'NONE',  ( 3.665716400410760301, 3.669383407414277265, -9.878045053829712430 ) ) ;
#1806 = PRESENTATION_STYLE_ASSIGNMENT (( #4414 ) ) ;
#1807 = CARTESIAN_POINT ( 'NONE',  ( 3.116516049766143492, 4.445140645499624732, 9.307984581035524840 ) ) ;
#1808 = CARTESIAN_POINT ( 'NONE',  ( 5.829256812356098827, 14.13480330077304536, -8.315095974168217552 ) ) ;
#1809 = CARTESIAN_POINT ( 'NONE',  ( 9.528549623030210469, 3.886657980204641483, -3.961017952196131731 ) ) ;
#1810 = CARTESIAN_POINT ( 'NONE',  ( 0.7943432320505053879, 4.791255199920907870, -9.516834040195625732 ) ) ;
#1811 = CARTESIAN_POINT ( 'NONE',  ( -2.957789304551914800, 3.794958671660044303, -9.982465153783968148 ) ) ;
#1812 = DIRECTION ( 'NONE',  ( -0.000000000000000000, -1.000000000000000000, -0.000000000000000000 ) ) ;
#1813 = SURFACE_STYLE_USAGE ( .BOTH. , #6252 ) ;
#1814 = UNCERTAINTY_MEASURE_WITH_UNIT (LENGTH_MEASURE( 1.000000000000000082E-05 ), #1364, 'distance_accuracy_value', 'NONE');
#1815 = CARTESIAN_POINT ( 'NONE',  ( 0.1448677784436264160, 9.353589747698343615, -9.615367032904810429 ) ) ;
#1816 = VERTEX_POINT ( 'NONE', #1202 ) ;
#1817 = CARTESIAN_POINT ( 'NONE',  ( 1.828794258434920161, 5.287688991097421187, -9.771865474570866184 ) ) ;
#1818 = EDGE_CURVE ( 'NONE', #836, #2893, #2558, .T. ) ;
#1819 = EDGE_CURVE ( 'NONE', #1418, #4401, #3854, .T. ) ;
#1820 = PRESENTATION_STYLE_ASSIGNMENT (( #1856 ) ) ;
#1821 = TOROIDAL_SURFACE ( 'NONE', #5415, 12.15711692786344678, 0.2540000000000000036 ) ;
#1822 = CONICAL_SURFACE ( 'NONE', #5513, 10.49999999999973888, 0.01745329251994333364 ) ;
#1823 = CARTESIAN_POINT ( 'NONE',  ( -2.899877888196913833, 14.16691473700918813, -9.532413584031660392 ) ) ;
#1824 = ORIENTED_EDGE ( 'NONE', *, *, #2218, .F. ) ;
#1825 = EDGE_LOOP ( 'NONE', ( #5794, #5556, #1219, #3833 ) ) ;
#1826 = CARTESIAN_POINT ( 'NONE',  ( 3.566732706751580384, 14.14193358903626141, -9.460978234232060302 ) ) ;
#1827 = CARTESIAN_POINT ( 'NONE',  ( -0.3791883979300411101, 4.680126842892754269, -9.672805086673905706 ) ) ;
#1828 = CARTESIAN_POINT ( 'NONE',  ( -7.471319406829342036, 13.89599898141126921, 7.122197252026063019 ) ) ;
#1829 = EDGE_LOOP ( 'NONE', ( #3551, #4728, #988, #3898 ) ) ;
#1830 = DIRECTION ( 'NONE',  ( -1.906289534040448719E-16, 0.000000000000000000, 1.000000000000000000 ) ) ;
#1831 = CARTESIAN_POINT ( 'NONE',  ( -10.44553731294878851, 3.756869696480491516, -1.095141275865821884 ) ) ;
#1832 = VERTEX_POINT ( 'NONE', #4685 ) ;
#1833 = AXIS2_PLACEMENT_3D ( 'NONE', #1693, #2134, #1629 ) ;
#1834 = ADVANCED_FACE ( 'NONE', ( #5323 ), #2257, .T. ) ;
#1835 = DIRECTION ( 'NONE',  ( 1.000000000000000000, 6.270449305370495173E-13, 0.000000000000000000 ) ) ;
#1836 = CIRCLE ( 'NONE', #179, 10.53628258987702360 ) ;
#1837 = ORIENTED_EDGE ( 'NONE', *, *, #1624, .F. ) ;
#1838 = CARTESIAN_POINT ( 'NONE',  ( 10.21308261160886843, 9.438539598917442319, -0.6002293055733938232 ) ) ;
#1839 = CARTESIAN_POINT ( 'NONE',  ( 0.5859500820227984130, 2.566425561566350044, 11.34166149978970495 ) ) ;
#1840 = CIRCLE ( 'NONE', #5531, 10.53628258987628286 ) ;
#1841 = CARTESIAN_POINT ( 'NONE',  ( 0.6530446467590191872, 2.561377303226066271, 11.62596282613763954 ) ) ;
#1842 = DIRECTION ( 'NONE',  ( 0.000000000000000000, 0.000000000000000000, -1.000000000000000000 ) ) ;
#1843 = CARTESIAN_POINT ( 'NONE',  ( -4.428651803889111171, 4.505655870507428773, 8.633465310553896543 ) ) ;
#1844 = CARTESIAN_POINT ( 'NONE',  ( -9.493541529878985585, 13.91281333098516981, -3.754168130859965036 ) ) ;
#1845 = B_SPLINE_CURVE_WITH_KNOTS ( 'NONE', 3,
 ( #1531, #1073, #96, #2548, #2972, #1556 ),
 .UNSPECIFIED., .F., .F.,
 ( 4, 2, 4 ),
 ( 0.000000000000000000, 0.0003403815809267278980, 0.0006807631618534561212 ),
 .UNSPECIFIED. ) ;
#1846 = DIRECTION ( 'NONE',  ( 0.000000000000000000, 0.000000000000000000, -1.000000000000000000 ) ) ;
#1847 = CARTESIAN_POINT ( 'NONE',  ( -3.592162109409449133, 18.63507147510451745, 8.769333038030019623 ) ) ;
#1848 = CARTESIAN_POINT ( 'NONE',  ( -5.513989870898516443, 13.89619475092286471, -8.730155814241156165 ) ) ;
#1849 = CARTESIAN_POINT ( 'NONE',  ( 7.318471374548477293, 14.14193358903632713, 6.976508302147322205 ) ) ;
#1850 = AXIS2_PLACEMENT_3D ( 'NONE', #4643, #4710, #3283 ) ;
#1851 = B_SPLINE_CURVE_WITH_KNOTS ( 'NONE', 3,
 ( #1694, #5649, #3651, #3844, #1172, #6155 ),
 .UNSPECIFIED., .F., .F.,
 ( 4, 2, 4 ),
 ( 3.252606517456513302E-19, 0.0004114321566880299965, 0.0008228643133760596678 ),
 .UNSPECIFIED. ) ;
#1852 = CARTESIAN_POINT ( 'NONE',  ( -0.2526838264778437648, 14.15741264850314352, 9.499999999999998224 ) ) ;
#1853 = B_SPLINE_CURVE_WITH_KNOTS ( 'NONE', 3,
 ( #287, #3275, #1188, #4210, #3239, #2215, #3760, #4181, #1251, #1736, #5206, #2184, #3206, #4247, #1677, #5177, #1766, #319, #3174, #770, #5114, #4603 ),
 .UNSPECIFIED., .F., .F.,
 ( 4, 2, 2, 2, 2, 2, 2, 2, 2, 2, 4 ),
 ( 0.001234829841246706632, 0.001632056022538866825, 0.002029282203831027018, 0.002426508385123186777, 0.002625121475769267958, 0.002823734566415349138, 0.003022347657061431186, 0.003220960747707511933, 0.003618186928999672994, 0.004015413110291833620, 0.004412639291583994247 ),
 .UNSPECIFIED. ) ;
#1854 = VERTEX_POINT ( 'NONE', #5901 ) ;
#1855 = CARTESIAN_POINT ( 'NONE',  ( 0.5556731721562385706, 4.719695588743209491, -9.508894056462262157 ) ) ;
#1856 = SURFACE_STYLE_USAGE ( .BOTH. , #442 ) ;
#1857 = VERTEX_POINT ( 'NONE', #5351 ) ;
#1858 = FACE_OUTER_BOUND ( 'NONE', #1630, .T. ) ;
#1859 = ORIENTED_EDGE ( 'NONE', *, *, #679, .F. ) ;
#1860 = CARTESIAN_POINT ( 'NONE',  ( 10.22842666050915028, 14.11625251777739365, -0.8731708505682802546 ) ) ;
#1861 = ORIENTED_EDGE ( 'NONE', *, *, #3350, .T. ) ;
#1862 = CARTESIAN_POINT ( 'NONE',  ( 2.850705056305381735, 13.92087586572035640, -9.743321296933855180 ) ) ;
#1863 = CARTESIAN_POINT ( 'NONE',  ( 0.4503753127606332507, 14.99797576025013512, 0.2001668056713942490 ) ) ;
#1864 = ORIENTED_EDGE ( 'NONE', *, *, #2303, .F. ) ;
#1865 = CARTESIAN_POINT ( 'NONE',  ( 9.886930140374067477, 3.756870477107147721, -3.543447771964179704 ) ) ;
#1866 = VERTEX_POINT ( 'NONE', #888 ) ;
#1867 = ADVANCED_FACE ( 'NONE', ( #948, #2841 ), #3388, .T. ) ;
#1868 = EDGE_CURVE ( 'NONE', #4106, #2475, #2047, .T. ) ;
#1869 = CARTESIAN_POINT ( 'NONE',  ( 0.4000000000008869239, 14.89900303309526208, 0.1471782451319603446 ) ) ;
#1870 = CARTESIAN_POINT ( 'NONE',  ( 0.4995154436493301486, 2.506170410210364796, 11.40572154326665277 ) ) ;
#1871 = AXIS2_PLACEMENT_3D ( 'NONE', #5063, #2199, #5552 ) ;
#1872 = DIRECTION ( 'NONE',  ( -0.000000000000000000, 0.000000000000000000, 1.000000000000000000 ) ) ;
#1873 = CARTESIAN_POINT ( 'NONE',  ( 0.2645033586359520350, 3.265080823052039172, 10.93756616888234312 ) ) ;
#1874 = DIRECTION ( 'NONE',  ( 0.9956362420554030201, -5.500192689490940417E-15, 0.09331920223509869439 ) ) ;
#1875 = CARTESIAN_POINT ( 'NONE',  ( -5.334497102055474116, 4.445072330114777870, 8.239887995975946566 ) ) ;
#1876 = EDGE_CURVE ( 'NONE', #4395, #3524, #3175, .T. ) ;
#1877 = DIRECTION ( 'NONE',  ( 3.430248998885766964E-15, -1.000000000000000000, -0.000000000000000000 ) ) ;
#1878 = CARTESIAN_POINT ( 'NONE',  ( -1.951473568658941060, 8.029504925425142048, -9.550947837695289877 ) ) ;
#1879 = ORIENTED_EDGE ( 'NONE', *, *, #3840, .T. ) ;
#1880 = VECTOR ( 'NONE', #3517, 1000.000000000000114 ) ;
#1881 = CARTESIAN_POINT ( 'NONE',  ( -10.31079434692802543, 3.939984672038543412, -0.5866439436457072665 ) ) ;
#1882 = CARTESIAN_POINT ( 'NONE',  ( -8.783585782545076270, 3.756969513006664041, 5.751505539635977549 ) ) ;
#1883 = DIRECTION ( 'NONE',  ( 0.9866536637639709006, 0.07189609629400005308, 0.1461009894518762453 ) ) ;
#1884 = CIRCLE ( 'NONE', #3108, 0.2539999999999997815 ) ;
#1885 = CARTESIAN_POINT ( 'NONE',  ( -7.160712209996059840, 14.14193359095459002, 7.142000628500198900 ) ) ;
#1886 = CARTESIAN_POINT ( 'NONE',  ( -0.3707250289287633005, 2.148936262395591879, 11.76810825345569889 ) ) ;
#1887 = CARTESIAN_POINT ( 'NONE',  ( -6.027596737763690982, 3.852398569460375288, -8.417732711310659255 ) ) ;
#1888 = CARTESIAN_POINT ( 'NONE',  ( 1.999328715398650314, 5.858945656169630922, -9.778158657849751023 ) ) ;
#1889 = CIRCLE ( 'NONE', #5476, 4.500000000000000000 ) ;
#1890 =( NAMED_UNIT ( * ) PLANE_ANGLE_UNIT ( ) SI_UNIT ( $, .RADIAN. ) );
#1891 = DIRECTION ( 'NONE',  ( -0.000000000000000000, -1.000000000000000000, -0.000000000000000000 ) ) ;
#1892 = CARTESIAN_POINT ( 'NONE',  ( 0.000000000000000000, 0.000000000000000000, 0.000000000000000000 ) ) ;
#1893 = ORIENTED_EDGE ( 'NONE', *, *, #4502, .F. ) ;
#1894 = CARTESIAN_POINT ( 'NONE',  ( -0.3999999999999993561, 14.89891484826749313, 0.2000000000000014266 ) ) ;
#1895 = DIRECTION ( 'NONE',  ( -0.3479136373898113477, 0.000000000000000000, 0.9375265867793781682 ) ) ;
#1896 = CARTESIAN_POINT ( 'NONE',  ( -9.938691265809922015, 14.16691622596714950, -0.7060029973724384345 ) ) ;
#1897 = ORIENTED_EDGE ( 'NONE', *, *, #3544, .T. ) ;
#1898 = DIRECTION ( 'NONE',  ( 0.000000000000000000, 0.000000000000000000, -1.000000000000000000 ) ) ;
#1899 = CARTESIAN_POINT ( 'NONE',  ( 0.3999999999999993561, 14.89891484826749313, 0.2000000000000014266 ) ) ;
#1900 = CARTESIAN_POINT ( 'NONE',  ( 0.3746435060009259410, 1.938124066009181190, 11.97956928886958572 ) ) ;
#1901 =( NAMED_UNIT ( * ) PLANE_ANGLE_UNIT ( ) SI_UNIT ( $, .RADIAN. ) );
#1902 = CARTESIAN_POINT ( 'NONE',  ( 9.403738048931399973, 14.13480499345916819, -3.832827502099747541 ) ) ;
#1903 = CARTESIAN_POINT ( 'NONE',  ( 1.722432033089876136, 3.939984672447486069, 10.18282176337811151 ) ) ;
#1904 = EDGE_CURVE ( 'NONE', #1854, #3761, #3933, .T. ) ;
#1905 = EDGE_CURVE ( 'NONE', #992, #1341, #2610, .T. ) ;
#1906 = CARTESIAN_POINT ( 'NONE',  ( -5.333630755024773684, 4.357486223298120187, 8.282032343540178587 ) ) ;
#1907 = CARTESIAN_POINT ( 'NONE',  ( 3.641220613399546391, 13.89599898141130474, -9.658561995461408145 ) ) ;
#1908 =( LENGTH_UNIT ( ) NAMED_UNIT ( * ) SI_UNIT ( .MILLI., .METRE. ) );
#1909 = DIRECTION ( 'NONE',  ( -0.05233595624293619492, -0.9986295347545743883, 6.409306129323195566E-18 ) ) ;
#1910 = CARTESIAN_POINT ( 'NONE',  ( 7.471310865860514738, 13.89599898141100276, 7.122206211651025853 ) ) ;
#1911 = ADVANCED_FACE ( 'NONE', ( #914 ), #2251, .T. ) ;
#1912 = DIRECTION ( 'NONE',  ( -6.931432084034514245E-15, -0.003338940040090246104, 0.9999944257241681900 ) ) ;
#1913 = CARTESIAN_POINT ( 'NONE',  ( 0.2456004802148045729, 3.023922549363329271, 10.94629267886253388 ) ) ;
#1914 = CARTESIAN_POINT ( 'NONE',  ( -6.443322553984687673, 4.284774969115340504, -7.630998461592209736 ) ) ;
#1915 = ORIENTED_EDGE ( 'NONE', *, *, #461, .F. ) ;
#1916 = CARTESIAN_POINT ( 'NONE',  ( 2.442963598376631129, 6.914693691735048553, -9.811078129660339542 ) ) ;
#1917 = CARTESIAN_POINT ( 'NONE',  ( -0.5879546903060817176, 2.374893314551368206, 11.81615383924883034 ) ) ;
#1918 = CARTESIAN_POINT ( 'NONE',  ( 1.425139625252815234, 2.150914694858203191, 10.42711521571184186 ) ) ;
#1919 = EDGE_LOOP ( 'NONE', ( #1959, #6170, #4169, #2589 ) ) ;
#1920 = CARTESIAN_POINT ( 'NONE',  ( 10.26303079595563261, 13.89619262924027865, -1.135043717555682674 ) ) ;
#1921 = CARTESIAN_POINT ( 'NONE',  ( -0.3277031371022072759, 2.109909399620633064, 11.99692462417245764 ) ) ;
#1922 = AXIS2_PLACEMENT_3D ( 'NONE', #824, #2778, #6218 ) ;
#1923 = CARTESIAN_POINT ( 'NONE',  ( 7.891850335352296852, 14.27181953742446829, -5.051011804716607045 ) ) ;
#1924 = VERTEX_POINT ( 'NONE', #2426 ) ;
#1925 = CARTESIAN_POINT ( 'NONE',  ( 9.528549623030210469, 3.886657980204636598, -3.961017952196128178 ) ) ;
#1926 = B_SPLINE_CURVE_WITH_KNOTS ( 'NONE', 3,
 ( #302, #5259, #5290, #5320, #1811, #3775 ),
 .UNSPECIFIED., .F., .F.,
 ( 4, 2, 4 ),
 ( 2.637977740025101358E-18, 0.0004385534990443932125, 0.0008771069980887837144 ),
 .UNSPECIFIED. ) ;
#1927 = PRESENTATION_LAYER_ASSIGNMENT (  '', '', ( #5211 ) ) ;
#1928 = EDGE_LOOP ( 'NONE', ( #3433, #6236, #765, #634 ) ) ;
#1929 = CARTESIAN_POINT ( 'NONE',  ( -7.588619478371954052, 3.669383407413508102, 7.309316330972378317 ) ) ;
#1930 = AXIS2_PLACEMENT_3D ( 'NONE', #1892, #1791, #3268 ) ;
#1931 = CARTESIAN_POINT ( 'NONE',  ( 0.000000000000000000, -45.00000000000000000, 9.399999999999996803 ) ) ;
#1932 = DIRECTION ( 'NONE',  ( 1.000000000000000000, 0.000000000000000000, -1.906289534040448226E-16 ) ) ;
#1933 = CARTESIAN_POINT ( 'NONE',  ( 1.523264834716769878, 14.16691622602021994, 9.846607971602232112 ) ) ;
#1934 = CIRCLE ( 'NONE', #5526, 0.09999999999999936717 ) ;
#1935 =( BOUNDED_SURFACE ( )  B_SPLINE_SURFACE ( 3, 2, ( 
 ( #851, #5711, #1881 ),
 ( #4747, #1297, #1332 ),
 ( #3216, #4261, #4680 ),
 ( #5809, #2259, #2771 ) ),
 .UNSPECIFIED., .F., .F., .F. ) 
 B_SPLINE_SURFACE_WITH_KNOTS ( ( 4, 4 ),
 ( 3, 3 ),
 ( 0.000000000000000000, 0.0008858189365959042621 ),
 ( 0.000000000000000000, 1.000000000000000000 ),
 .UNSPECIFIED. ) 
 GEOMETRIC_REPRESENTATION_ITEM ( )  RATIONAL_B_SPLINE_SURFACE ( (
 ( 1.000000000000000000, 0.9101407218779964392, 1.000000000000000000),
 ( 1.000000000000000000, 0.9211338130490285270, 1.000000000000000000),
 ( 1.000000000000000000, 0.9273812954088399563, 1.000000000000000000),
 ( 1.000000000000000000, 0.9271838545667897558, 1.000000000000000000) ) ) 
 REPRESENTATION_ITEM ( '' )  SURFACE ( )  );
#1936 = CARTESIAN_POINT ( 'NONE',  ( -6.433047655985239643, 4.076753322440994864, 7.834560569901011462 ) ) ;
#1937 = CIRCLE ( 'NONE', #5432, 12.41076882969110962 ) ;
#1938 = CARTESIAN_POINT ( 'NONE',  ( -7.471319406829342036, 13.89599898141126921, 7.122197252026063019 ) ) ;
#1939 = EDGE_CURVE ( 'NONE', #1854, #4686, #5702, .T. ) ;
#1940 = CARTESIAN_POINT ( 'NONE',  ( 0.2588138921207578380, 3.016832981653096102, 10.95448807218243914 ) ) ;
#1941 = CARTESIAN_POINT ( 'NONE',  ( -9.886816297350312865, 3.756870353062912837, -3.543792893337211147 ) ) ;
#1942 = ADVANCED_FACE ( 'NONE', ( #981 ), #4930, .T. ) ;
#1943 = CARTESIAN_POINT ( 'NONE',  ( 5.970014673270874539, 3.939973368403108633, -8.427085786547658941 ) ) ;
#1944 = CARTESIAN_POINT ( 'NONE',  ( -8.976794570575348686, 3.669383428076175679, 5.524307729258078226 ) ) ;
#1945 = CARTESIAN_POINT ( 'NONE',  ( 5.397086241332197609, 13.89609646582250413, -8.799769940303095339 ) ) ;
#1946 = CARTESIAN_POINT ( 'NONE',  ( 6.837031021969437461, 9.438539598811345854, 7.610672668015756592 ) ) ;
#1947 = EDGE_CURVE ( 'NONE', #3548, #1832, #546, .T. ) ;
#1948 = EDGE_CURVE ( 'NONE', #203, #72, #2997, .T. ) ;
#1949 = CARTESIAN_POINT ( 'NONE',  ( 0.8876756795593528926, 13.89156607017602063, 10.02895775691629687 ) ) ;
#1950 = ORIENTED_EDGE ( 'NONE', *, *, #1145, .F. ) ;
#1951 = CARTESIAN_POINT ( 'NONE',  ( -1.285155338238928469, 8.766399755759538337, -9.470968978267851668 ) ) ;
#1952 = CARTESIAN_POINT ( 'NONE',  ( -9.150645093685721321, 4.165725097937507115, 4.151637015243315076 ) ) ;
#1953 = AXIS2_PLACEMENT_3D ( 'NONE', #901, #2858, #4282 ) ;
#1954 = CARTESIAN_POINT ( 'NONE',  ( 9.082994352727055798, 3.852398569279964935, 4.968838901014372311 ) ) ;
#1955 = ORIENTED_EDGE ( 'NONE', *, *, #1048, .T. ) ;
#1956 = CARTESIAN_POINT ( 'NONE',  ( -8.767156125564365965, 17.85361669252265671, 5.371441789883929729 ) ) ;
#1957 = CARTESIAN_POINT ( 'NONE',  ( 8.890203516173292186, 12.42676558311089430, 4.955592916422669525 ) ) ;
#1958 = CARTESIAN_POINT ( 'NONE',  ( 0.000000000000000000, 12.59999999999994458, -4.325449350717825325 ) ) ;
#1959 = ORIENTED_EDGE ( 'NONE', *, *, #3227, .T. ) ;
#1960 = CIRCLE ( 'NONE', #1127, 0.1270000000000000295 ) ;
#1961 = CARTESIAN_POINT ( 'NONE',  ( -5.859645413300134109, 12.42676558315458735, -8.322149682585818553 ) ) ;
#1962 = ORIENTED_EDGE ( 'NONE', *, *, #3749, .T. ) ;
#1963 = DIRECTION ( 'NONE',  ( -0.000000000000000000, -1.000000000000000000, -0.000000000000000000 ) ) ;
#1964 = CARTESIAN_POINT ( 'NONE',  ( -2.134813641120381966, 4.221478582478379593, -9.818293561468365738 ) ) ;
#1965 = FACE_OUTER_BOUND ( 'NONE', #43, .T. ) ;
#1966 =( NAMED_UNIT ( * ) SI_UNIT ( $, .STERADIAN. ) SOLID_ANGLE_UNIT ( ) );
#1967 = CARTESIAN_POINT ( 'NONE',  ( -0.5901615690366456279, 9.090909100705744095, -9.424749768244838677 ) ) ;
#1968 =( NAMED_UNIT ( * ) SI_UNIT ( $, .STERADIAN. ) SOLID_ANGLE_UNIT ( ) );
#1969 = DIRECTION ( 'NONE',  ( -0.06380343655979217599, 0.3857503544045706168, -0.9203943641504488404 ) ) ;
#1970 = CARTESIAN_POINT ( 'NONE',  ( 5.840247463477384215, 13.92087438198672622, -8.303646588081136315 ) ) ;
#1971 = CARTESIAN_POINT ( 'NONE',  ( 5.772555025443269372, 13.91281333089747640, -8.420137625040757356 ) ) ;
#1972 = CARTESIAN_POINT ( 'NONE',  ( -6.748648018451319786, 14.16691622592068889, 7.330196057264509513 ) ) ;
#1973 = CARTESIAN_POINT ( 'NONE',  ( -0.02755709903245204609, 2.999345813791537196, 10.92372679885896503 ) ) ;
#1974 = CARTESIAN_POINT ( 'NONE',  ( -6.250331171853188650, 4.042931879620878632, -8.023897960790204564 ) ) ;
#1975 = ORIENTED_EDGE ( 'NONE', *, *, #5328, .T. ) ;
#1976 = CARTESIAN_POINT ( 'NONE',  ( 2.104907258246238477, 7.706267175725300511, -9.576059296863832060 ) ) ;
#1977 = CARTESIAN_POINT ( 'NONE',  ( 3.270275526431120738, 3.697134351062634217, -9.986237109161853809 ) ) ;
#1978 = EDGE_CURVE ( 'NONE', #2978, #1563, #5598, .T. ) ;
#1979 = ADVANCED_FACE ( 'NONE', ( #4991 ), #2312, .F. ) ;
#1980 = DIRECTION ( 'NONE',  ( 1.000000000000000000, 3.428144012049355117E-15, 0.000000000000000000 ) ) ;
#1981 = CARTESIAN_POINT ( 'NONE',  ( 7.263686924394805011, 2.150914694858327092, 7.615419025737765857 ) ) ;
#1982 = ORIENTED_EDGE ( 'NONE', *, *, #4705, .T. ) ;
#1983 = SURFACE_STYLE_USAGE ( .BOTH. , #5427 ) ;
#1984 = CARTESIAN_POINT ( 'NONE',  ( 6.858266527202291130, 7.124177071699666186, 7.646365668078556332 ) ) ;
#1985 = CARTESIAN_POINT ( 'NONE',  ( 0.1996666666666646051, 14.79974999854840334, -3.520480687025685784E-18 ) ) ;
#1986 = ORIENTED_EDGE ( 'NONE', *, *, #288, .T. ) ;
#1987 = DIRECTION ( 'NONE',  ( -0.000000000000000000, -1.000000000000000000, -0.000000000000000000 ) ) ;
#1988 = ORIENTED_EDGE ( 'NONE', *, *, #4891, .F. ) ;
#1989 = CARTESIAN_POINT ( 'NONE',  ( -0.01182766348063720580, 1.992139070375301468, 11.93074391142608270 ) ) ;
#1990 = CARTESIAN_POINT ( 'NONE',  ( 0.2425220590178228108, 4.469374704157953460, -9.736285660682860055 ) ) ;
#1991 = CARTESIAN_POINT ( 'NONE',  ( -5.173069169780138310, 14.14193358903625786, -8.687407364380623775 ) ) ;
#1992 = DIRECTION ( 'NONE',  ( -0.000000000000000000, -1.000000000000000000, -0.000000000000000000 ) ) ;
#1993 = DIRECTION ( 'NONE',  ( 1.000000000000000000, 0.000000000000000000, 0.000000000000000000 ) ) ;
#1994 = CARTESIAN_POINT ( 'NONE',  ( 0.2888585213333305646, 14.06598004323711848, 9.336340242833205849 ) ) ;
#1995 = CARTESIAN_POINT ( 'NONE',  ( -7.562487418424593599, 3.705665997289808722, 7.284146075291532796 ) ) ;
#1996 = DIRECTION ( 'NONE',  ( -0.000000000000000000, 1.000000000000000000, -0.000000000000000000 ) ) ;
#1997 = CIRCLE ( 'NONE', #141, 0.1269999999999993912 ) ;
#1998 = CARTESIAN_POINT ( 'NONE',  ( 0.4000000000000010769, 14.22254638226897150, 9.299999999999997158 ) ) ;
#1999 = CARTESIAN_POINT ( 'NONE',  ( 5.840247463477384215, 13.92087438198672622, -8.303646588081136315 ) ) ;
#2000 = AXIS2_PLACEMENT_3D ( 'NONE', #4567, #5632, #3694 ) ;
#2001 = CARTESIAN_POINT ( 'NONE',  ( -1.271135707741076649E-14, 13.89599898141180567, 0.000000000000000000 ) ) ;
#2002 = CIRCLE ( 'NONE', #2716, 8.863739773864104166 ) ;
#2003 = CARTESIAN_POINT ( 'NONE',  ( 1.516816346916467939, 13.91644294733006149, 9.804923997855782503 ) ) ;
#2004 = DIRECTION ( 'NONE',  ( 0.9961057450220313081, 3.425169233972071090E-16, -0.08816657379134304473 ) ) ;
#2005 = CARTESIAN_POINT ( 'NONE',  ( 0.4000000000011206258, 14.94819765602808559, 0.1471957736299977781 ) ) ;
#2006 = ORIENTED_EDGE ( 'NONE', *, *, #2933, .F. ) ;
#2007 = CARTESIAN_POINT ( 'NONE',  ( 1.036328873916610549, 8.901709866229317925, -9.650121498230495476 ) ) ;
#2008 =( BOUNDED_SURFACE ( )  B_SPLINE_SURFACE ( 3, 2, ( 
 ( #1737, #6205, #2698 ),
 ( #1292, #4739, #4186 ),
 ( #5706, #3281, #3209 ),
 ( #4771, #2414, #5340 ) ),
 .UNSPECIFIED., .F., .F., .T. ) 
 B_SPLINE_SURFACE_WITH_KNOTS ( ( 4, 4 ),
 ( 3, 3 ),
 ( -1.897353801849632760E-18, 0.0008838515660394421570 ),
 ( 0.000000000000000000, 1.000000000000000000 ),
 .UNSPECIFIED. ) 
 GEOMETRIC_REPRESENTATION_ITEM ( )  RATIONAL_B_SPLINE_SURFACE ( (
 ( 1.000000000000000000, 0.9271838545667853149, 1.000000000000000000),
 ( 1.000000000000000000, 0.9273783597745550722, 1.000000000000000000),
 ( 1.000000000000000000, 0.9211205640004324069, 1.000000000000000000),
 ( 1.000000000000000000, 0.9101417909995535016, 1.000000000000000000) ) ) 
 REPRESENTATION_ITEM ( '' )  SURFACE ( )  );
#2009 = B_SPLINE_CURVE_WITH_KNOTS ( 'NONE', 3,
 ( #2035, #4484, #4097, #3513, #1099, #1589 ),
 .UNSPECIFIED., .F., .F.,
 ( 4, 2, 4 ),
 ( 1.346507514538369135E-17, 0.0003992241969531034555, 0.0007984483939061934668 ),
 .UNSPECIFIED. ) ;
#2010 = CARTESIAN_POINT ( 'NONE',  ( -9.922730946307918742, 7.136646439224326066, -3.245869478512278583 ) ) ;
#2011 = EDGE_LOOP ( 'NONE', ( #3583, #5567, #1538, #4592, #378, #967 ) ) ;
#2012 = FILL_AREA_STYLE ('',( #1081 ) ) ;
#2013 = CARTESIAN_POINT ( 'NONE',  ( 2.442773362457971498, 6.917148514253053548, -9.811011106591204012 ) ) ;
#2014 = EDGE_CURVE ( 'NONE', #3962, #5426, #1997, .T. ) ;
#2015 = CARTESIAN_POINT ( 'NONE',  ( 0.2994991652759292911, 14.79891665987307547, 0.1996661101835342789 ) ) ;
#2016 = ORIENTED_EDGE ( 'NONE', *, *, #2206, .T. ) ;
#2017 = CARTESIAN_POINT ( 'NONE',  ( 1.387723899304828645, 8.694562713307240287, -4.174399934544864799 ) ) ;
#2018 = ORIENTED_EDGE ( 'NONE', *, *, #4224, .F. ) ;
#2019 = CARTESIAN_POINT ( 'NONE',  ( 0.000000000000000000, 12.59999999999994458, 0.000000000000000000 ) ) ;
#2020 = FACE_OUTER_BOUND ( 'NONE', #4197, .T. ) ;
#2021 = CARTESIAN_POINT ( 'NONE',  ( 0.9710707218698028109, 14.27183314474610576, -9.319323777043994284 ) ) ;
#2022 = EDGE_CURVE ( 'NONE', #102, #278, #701, .T. ) ;
#2023 = CARTESIAN_POINT ( 'NONE',  ( 9.262310622486165101, 4.435073401055950271, 3.119866365611298598 ) ) ;
#2024 = CARTESIAN_POINT ( 'NONE',  ( 0.2277345556504723756, 2.124977487180563784, 12.07871177724590162 ) ) ;
#2025 = AXIS2_PLACEMENT_3D ( 'NONE', #2019, #1963, #2480 ) ;
#2026 = CARTESIAN_POINT ( 'NONE',  ( -2.850620234803369790, 13.98186169375407673, -9.742238062534656962 ) ) ;
#2027 = CARTESIAN_POINT ( 'NONE',  ( 9.620958467697379390, 4.458602203115164642, 1.619061161840605001 ) ) ;
#2028 = FILL_AREA_STYLE ('',( #4355 ) ) ;
#2029 = CARTESIAN_POINT ( 'NONE',  ( 0.000000000000000000, -45.00000000000000000, 9.384307178631042134 ) ) ;
#2030 = CARTESIAN_POINT ( 'NONE',  ( -0.3000448075616620192, 14.24552007114178664, 9.480735593389200133 ) ) ;
#2031 = CARTESIAN_POINT ( 'NONE',  ( -0.2666479607743499902, 14.23325606680978872, 9.557964970809006644 ) ) ;
#2032 = CARTESIAN_POINT ( 'NONE',  ( -0.9564733968561962563, 7.136646439224448635, 10.39622127243626792 ) ) ;
#2033 = CARTESIAN_POINT ( 'NONE',  ( -0.4536016900662327989, 2.815305774335718159, 11.09852441500747844 ) ) ;
#2034 = CARTESIAN_POINT ( 'NONE',  ( 0.2523383202077329468, 14.94942727681203998, -3.805722553015947647E-16 ) ) ;
#2035 = CARTESIAN_POINT ( 'NONE',  ( 8.864694338212403935, 13.92087586570633562, 4.947324883748799529 ) ) ;
#2036 = VERTEX_POINT ( 'NONE', #94 ) ;
#2037 = CARTESIAN_POINT ( 'NONE',  ( 1.995594059529095521, 8.303470170793586291, -9.735412659602323160 ) ) ;
#2038 = CARTESIAN_POINT ( 'NONE',  ( 8.308802097267179221, 18.50825408074189227, -4.824104740400995794 ) ) ;
#2039 = CARTESIAN_POINT ( 'NONE',  ( -9.872212603731336245, 10.51632293795419315, -3.210511866553912519 ) ) ;
#2040 = EDGE_LOOP ( 'NONE', ( #4798, #1406, #3482, #2686, #1660 ) ) ;
#2041 =( BOUNDED_SURFACE ( )  B_SPLINE_SURFACE ( 3, 2, ( 
 ( #4036, #1588, #5419 ),
 ( #2034, #536, #2493 ),
 ( #561, #4003, #2520 ),
 ( #3002, #4454, #33 ),
 ( #2005, #6132, #2750 ),
 ( #2311, #3788, #347 ) ),
 .UNSPECIFIED., .F., .F., .T. ) 
 B_SPLINE_SURFACE_WITH_KNOTS ( ( 4, 2, 4 ),
 ( 3, 3 ),
 ( 0.000000000000000000, 0.0001952716829158633257, 0.0003905433658317266515 ),
 ( 0.000000000000000000, 1.000000000000000000 ),
 .UNSPECIFIED. ) 
 GEOMETRIC_REPRESENTATION_ITEM ( )  RATIONAL_B_SPLINE_SURFACE ( (
 ( 1.000000000000000000, 0.7068118461242128836, 1.000000000000000000),
 ( 1.000000000000000000, 0.7065059086745523187, 1.000000000000000000),
 ( 1.000000000000000000, 0.7060674156573960580, 1.000000000000000000),
 ( 1.000000000000000000, 0.7051955256580950682, 1.000000000000000000),
 ( 1.000000000000000000, 0.7047584152700264726, 1.000000000000000000),
 ( 1.000000000000000000, 0.7044479202848522581, 1.000000000000000000) ) ) 
 REPRESENTATION_ITEM ( '' )  SURFACE ( )  );
#2042 = CARTESIAN_POINT ( 'NONE',  ( -9.347878249921716787, 18.63523112814818461, 1.554514315504581523 ) ) ;
#2043 = CARTESIAN_POINT ( 'NONE',  ( 2.212790044907647857, 7.917019561128761040, -9.765766092587142566 ) ) ;
#2044 = CARTESIAN_POINT ( 'NONE',  ( 0.9332318742428630243, 10.51632293795157835, 10.33910278648638048 ) ) ;
#2045 = ORIENTED_EDGE ( 'NONE', *, *, #1738, .T. ) ;
#2046 = CARTESIAN_POINT ( 'NONE',  ( -5.946530868401221248, 5.743678914140894598, -8.404809936251677271 ) ) ;
#2047 = CIRCLE ( 'NONE', #5954, 10.49910449380211475 ) ;
#2048 = ORIENTED_EDGE ( 'NONE', *, *, #4741, .T. ) ;
#2049 = CARTESIAN_POINT ( 'NONE',  ( 2.866303143363345018, 3.939984671814131811, -9.921740647484728726 ) ) ;
#2050 = CARTESIAN_POINT ( 'NONE',  ( -8.883099609179863521, 4.186525597138651023, -4.639176520381907309 ) ) ;
#2051 = TOROIDAL_SURFACE ( 'NONE', #92, 59.89924874320212211, 0.1000000000000000056 ) ;
#2052 = DIRECTION ( 'NONE',  ( 0.000000000000000000, 0.000000000000000000, -1.000000000000000000 ) ) ;
#2053 = EDGE_CURVE ( 'NONE', #1610, #4919, #5392, .T. ) ;
#2054 = EDGE_CURVE ( 'NONE', #4337, #1204, #3743, .T. ) ;
#2055 = DIRECTION ( 'NONE',  ( -0.000000000000000000, 1.000000000000000000, -0.000000000000000000 ) ) ;
#2056 = CARTESIAN_POINT ( 'NONE',  ( -3.649013514342748898, 7.124177037183084593, -9.781897183703945231 ) ) ;
#2057 = CARTESIAN_POINT ( 'NONE',  ( 2.250000000001116884, 7.048797016243383062, -9.607805339252164956 ) ) ;
#2058 = CARTESIAN_POINT ( 'NONE',  ( -0.4000000000000013545, 14.22254638226896795, 9.299999999999997158 ) ) ;
#2059 = CARTESIAN_POINT ( 'NONE',  ( 0.2461257250287196552, 4.556959419711777315, -9.699108017390303260 ) ) ;
#2060 = ADVANCED_FACE ( 'NONE', ( #5448 ), #6234, .F. ) ;
#2061 = CARTESIAN_POINT ( 'NONE',  ( -10.24669090236731606, 7.547373101114112082, -0.5955814389414003651 ) ) ;
#2062 = CARTESIAN_POINT ( 'NONE',  ( 1.722432033089869918, 3.939984672447488734, 10.18282176337811507 ) ) ;
#2063 =( GEOMETRIC_REPRESENTATION_CONTEXT ( 3 ) GLOBAL_UNCERTAINTY_ASSIGNED_CONTEXT ( ( #3504 ) ) GLOBAL_UNIT_ASSIGNED_CONTEXT ( ( #3330, #4234, #406 ) ) REPRESENTATION_CONTEXT ( 'NONE', 'WORKASPACE' ) );
#2064 = CARTESIAN_POINT ( 'NONE',  ( -2.249999999999999112, 6.899999999999999467, -12.50000000000000000 ) ) ;
#2065 = FACE_OUTER_BOUND ( 'NONE', #6140, .T. ) ;
#2066 = FACE_OUTER_BOUND ( 'NONE', #300, .T. ) ;
#2067 = CARTESIAN_POINT ( 'NONE',  ( 1.684566336114389662, 8.397639655747578757, -9.514678358714151685 ) ) ;
#2068 = CARTESIAN_POINT ( 'NONE',  ( 0.2635413258610866949, 2.986016501833950620, 11.07509298715617518 ) ) ;
#2069 = ORIENTED_EDGE ( 'NONE', *, *, #1709, .F. ) ;
#2070 = SPHERICAL_SURFACE ( 'NONE', #2163, 59.79999999999999716 ) ;
#2071 = CARTESIAN_POINT ( 'NONE',  ( -0.2999999999999993783, 14.89891484826749313, 0.2000000000000014544 ) ) ;
#2072 = VERTEX_POINT ( 'NONE', #2637 ) ;
#2073 =( LENGTH_UNIT ( ) NAMED_UNIT ( * ) SI_UNIT ( .MILLI., .METRE. ) );
#2074 = EDGE_LOOP ( 'NONE', ( #892, #4952, #5733, #4817 ) ) ;
#2075 = EDGE_LOOP ( 'NONE', ( #2372, #3014, #5104, #4330 ) ) ;
#2076 = CARTESIAN_POINT ( 'NONE',  ( -0.01970746986368126716, 1.819863460435319436, 12.10309902492679868 ) ) ;
#2077 = CIRCLE ( 'NONE', #5986, 59.18445741915692793 ) ;
#2078 = CARTESIAN_POINT ( 'NONE',  ( 0.9100665785395399832, 13.89599898141139889, 10.28193008137297859 ) ) ;
#2079 = CARTESIAN_POINT ( 'NONE',  ( -8.228424546695235264, 4.413118821790580348, -5.329373071328554090 ) ) ;
#2080 = DIRECTION ( 'NONE',  ( 1.000000000000000000, 0.000000000000000000, -1.906289534040448226E-16 ) ) ;
#2081 = EDGE_LOOP ( 'NONE', ( #173, #6321, #4369, #5173, #6359 ) ) ;
#2082 = CONICAL_SURFACE ( 'NONE', #2399, 1000.000000000003297, 0.7853981633974499443 ) ;
#2083 = DIRECTION ( 'NONE',  ( 0.000000000000000000, 0.000000000000000000, 1.000000000000000000 ) ) ;
#2084 = CARTESIAN_POINT ( 'NONE',  ( -0.2614512388665569675, 14.06189898538780270, 9.362891192871117596 ) ) ;
#2085 = CARTESIAN_POINT ( 'NONE',  ( 1.485713415046052255, 8.596211939901195365, -9.491809973630951802 ) ) ;
#2086 = CARTESIAN_POINT ( 'NONE',  ( -0.3783419365392695077, 14.94850345355162879, 0.09552561167297962674 ) ) ;
#2087 = UNCERTAINTY_MEASURE_WITH_UNIT (LENGTH_MEASURE( 1.000000000000000082E-05 ), #6110, 'distance_accuracy_value', 'NONE');
#2088 = EDGE_CURVE ( 'NONE', #1141, #995, #4783, .T. ) ;
#2089 = ADVANCED_FACE ( 'NONE', ( #3058 ), #36, .T. ) ;
#2090 = CARTESIAN_POINT ( 'NONE',  ( 9.462957394827059332, 9.380226453325203551, -3.891087384106712843 ) ) ;
#2091 = CARTESIAN_POINT ( 'NONE',  ( -8.648132537521552976, 14.16691473700008430, 4.948333468757240006 ) ) ;
#2092 = CARTESIAN_POINT ( 'NONE',  ( -0.2994991652754582789, 14.79891665987305416, 0.1996661101836401109 ) ) ;
#2093 = CARTESIAN_POINT ( 'NONE',  ( 1.530676447642744575, 3.774516735749632090, 10.32087868964678279 ) ) ;
#2094 = CARTESIAN_POINT ( 'NONE',  ( 3.566732706751584825, 14.14193358903626496, -9.460978234232069184 ) ) ;
#2095 = EDGE_CURVE ( 'NONE', #2106, #4106, #5453, .T. ) ;
#2096 = CARTESIAN_POINT ( 'NONE',  ( 0.2314261080588894404, 14.05934526589313016, 9.379781682900581785 ) ) ;
#2097 = CARTESIAN_POINT ( 'NONE',  ( -2.158210395483520561, 5.776379881910276737, -9.797265537471112395 ) ) ;
#2098 = DIRECTION ( 'NONE',  ( -0.5413460826922139590, -0.8407998684311235316, 0.000000000000000000 ) ) ;
#2099 = CARTESIAN_POINT ( 'NONE',  ( 0.1996661101836373076, 14.79958333304300666, 0.09983305509181969462 ) ) ;
#2100 = ORIENTED_EDGE ( 'NONE', *, *, #1076, .T. ) ;
#2101 = CARTESIAN_POINT ( 'NONE',  ( -2.866521638112196957, 14.13480330067615398, -9.741874037048262380 ) ) ;
#2102 = DIRECTION ( 'NONE',  ( -1.000000000000000000, 0.000000000000000000, 0.000000000000000000 ) ) ;
#2103 = CARTESIAN_POINT ( 'NONE',  ( -3.285892762015123036, 17.85361724131588090, -9.742603451600619024 ) ) ;
#2104 = ORIENTED_EDGE ( 'NONE', *, *, #4151, .F. ) ;
#2105 = CARTESIAN_POINT ( 'NONE',  ( 2.018443886581087643, 7.905024129195603599, -3.918553192704459232 ) ) ;
#2106 = VERTEX_POINT ( 'NONE', #4580 ) ;
#2107 = CARTESIAN_POINT ( 'NONE',  ( -8.665303133319362416, 10.51632293795393558, 5.716685206153087506 ) ) ;
#2108 = CARTESIAN_POINT ( 'NONE',  ( -3.665706306926726388, 3.669383407414261278, -9.878048799489082654 ) ) ;
#2109 = CARTESIAN_POINT ( 'NONE',  ( -6.249920909522885815, 4.042580926300932020, -8.024623382904360724 ) ) ;
#2110 = CARTESIAN_POINT ( 'NONE',  ( 6.495709196216091108, 4.199595321139883097, -7.625112996295380974 ) ) ;
#2111 = ORIENTED_EDGE ( 'NONE', *, *, #3505, .T. ) ;
#2112 = CARTESIAN_POINT ( 'NONE',  ( 5.092491061355829629, 4.449008462777807260, 8.335223308240376383 ) ) ;
#2113 = ORIENTED_EDGE ( 'NONE', *, *, #5038, .F. ) ;
#2114 = SURFACE_SIDE_STYLE ('',( #5470 ) ) ;
#2115 = CARTESIAN_POINT ( 'NONE',  ( 1.128931979212018488, 8.851778373028517777, -9.458825493661462858 ) ) ;
#2116 = CARTESIAN_POINT ( 'NONE',  ( -0.3048355759824663558, 14.99926523551580715, 0.02187929653378814510 ) ) ;
#2117 = AXIS2_PLACEMENT_3D ( 'NONE', #3922, #2947, #3457 ) ;
#2118 = CARTESIAN_POINT ( 'NONE',  ( 0.000000000000000000, 2.600000000000046718, 0.000000000000000000 ) ) ;
#2119 = CARTESIAN_POINT ( 'NONE',  ( -2.850717588750804943, 13.92087438190181281, -9.743328298661177556 ) ) ;
#2120 = STYLED_ITEM ( 'NONE', ( #3142 ), #2453 ) ;
#2121 = CARTESIAN_POINT ( 'NONE',  ( 6.887347911552358148, 3.939973367885884148, 7.695536940860502106 ) ) ;
#2122 = EDGE_CURVE ( 'NONE', #2273, #4341, #4844, .T. ) ;
#2123 = CARTESIAN_POINT ( 'NONE',  ( -5.418243420288388457, 3.756969513007399897, -8.992988013462351660 ) ) ;
#2124 = DIRECTION ( 'NONE',  ( -0.000000000000000000, 1.000000000000000000, -0.000000000000000000 ) ) ;
#2125 = AXIS2_PLACEMENT_3D ( 'NONE', #3473, #3023, #4505 ) ;
#2126 = CARTESIAN_POINT ( 'NONE',  ( 2.249999999998121503, 6.650020675096954825, -9.615443855803734508 ) ) ;
#2127 = CARTESIAN_POINT ( 'NONE',  ( -1.624301634302766972, 5.078268813028739004, -9.757384803182169719 ) ) ;
#2128 = CIRCLE ( 'NONE', #1626, 0.2539999999999998370 ) ;
#2129 = EDGE_CURVE ( 'NONE', #3555, #1317, #2802, .T. ) ;
#2130 = EDGE_CURVE ( 'NONE', #1558, #1635, #5080, .T. ) ;
#2131 = CARTESIAN_POINT ( 'NONE',  ( 8.887039918234499680, 18.29690349409046135, -4.219466930942653349 ) ) ;
#2132 =( BOUNDED_SURFACE ( )  B_SPLINE_SURFACE ( 3, 2, ( 
 ( #4875, #2939, #29 ),
 ( #3384, #6343, #5869 ),
 ( #2457, #2030, #4423 ),
 ( #5929, #1011, #3418 ),
 ( #1524, #5900, #3476 ),
 ( #3446, #5350, #3876 ) ),
 .UNSPECIFIED., .F., .F., .T. ) 
 B_SPLINE_SURFACE_WITH_KNOTS ( ( 4, 2, 4 ),
 ( 3, 3 ),
 ( -3.388131789017201356E-19, 0.0001964370049970539755, 0.0003928740099941082763 ),
 ( 0.000000000000000000, 1.000000000000000000 ),
 .UNSPECIFIED. ) 
 GEOMETRIC_REPRESENTATION_ITEM ( )  RATIONAL_B_SPLINE_SURFACE ( (
 ( 1.000000000000000000, 0.6483442695897981833, 1.000000000000000000),
 ( 1.000000000000000000, 0.6478355887050015749, 1.000000000000000000),
 ( 1.000000000000000000, 0.6543045401722706877, 1.000000000000000000),
 ( 1.000000000000000000, 0.6754077351722569400, 1.000000000000000000),
 ( 1.000000000000000000, 0.6900544460671992342, 1.000000000000000000),
 ( 1.000000000000000000, 0.7044479202847175880, 1.000000000000000000) ) ) 
 REPRESENTATION_ITEM ( '' )  SURFACE ( )  );
#2133 = CIRCLE ( 'NONE', #4611, 0.2540000000000007807 ) ;
#2134 = DIRECTION ( 'NONE',  ( -0.000000000000000000, -1.000000000000000000, -0.000000000000000000 ) ) ;
#2135 = ORIENTED_EDGE ( 'NONE', *, *, #2881, .T. ) ;
#2136 = CARTESIAN_POINT ( 'NONE',  ( -2.899877888196911169, 14.16691473700918102, -9.532413584031662168 ) ) ;
#2137 = CARTESIAN_POINT ( 'NONE',  ( 2.276545754145100631, 6.046385078687680270, -9.806038145077778267 ) ) ;
#2138 = CARTESIAN_POINT ( 'NONE',  ( -0.2994991652754582789, 14.79891665987305416, 0.1996661101836401109 ) ) ;
#2139 = ORIENTED_EDGE ( 'NONE', *, *, #2807, .T. ) ;
#2140 = CARTESIAN_POINT ( 'NONE',  ( -2.199195665610068406, 6.408638758005263725, -9.613217874865700452 ) ) ;
#2141 = ORIENTED_EDGE ( 'NONE', *, *, #326, .F. ) ;
#2142 = ORIENTED_EDGE ( 'NONE', *, *, #6307, .F. ) ;
#2143 = CARTESIAN_POINT ( 'NONE',  ( -8.330235036321370856, 2.858123259977235708, -5.206580755667506999 ) ) ;
#2144 = B_SPLINE_CURVE_WITH_KNOTS ( 'NONE', 3,
 ( #2344, #6230, #5143, #5697, #283, #2278 ),
 .UNSPECIFIED., .F., .F.,
 ( 4, 2, 4 ),
 ( 0.000000000000000000, 0.0003403815816037678650, 0.0006807631632075357301 ),
 .UNSPECIFIED. ) ;
#2145 = DIRECTION ( 'NONE',  ( -0.000000000000000000, -0.000000000000000000, 1.000000000000000000 ) ) ;
#2146 = EDGE_LOOP ( 'NONE', ( #5430, #5223, #3718, #2649 ) ) ;
#2147 = CARTESIAN_POINT ( 'NONE',  ( -9.766445096457498920, 4.393311592515780184, 0.9760564109565910140 ) ) ;
#2148 = B_SPLINE_CURVE_WITH_KNOTS ( 'NONE', 3,
 ( #6167, #1249, #1186, #218 ),
 .UNSPECIFIED., .F., .F.,
 ( 4, 4 ),
 ( 0.005254727717175857599, 0.005871427263921743210 ),
 .UNSPECIFIED. ) ;
#2149 = CARTESIAN_POINT ( 'NONE',  ( 8.977152345069869810, 3.669383407414561482, 5.523761934013330155 ) ) ;
#2150 = VERTEX_POINT ( 'NONE', #2290 ) ;
#2151 = DIRECTION ( 'NONE',  ( 1.715124499442883482E-15, -1.000000000000000000, -0.000000000000000000 ) ) ;
#2152 = ORIENTED_EDGE ( 'NONE', *, *, #759, .F. ) ;
#2153 = CARTESIAN_POINT ( 'NONE',  ( -6.826831067728189595, 10.55301040806063817, 7.593465343065257223 ) ) ;
#2154 = CARTESIAN_POINT ( 'NONE',  ( -0.2001669449083918195, 14.99968697724847644, -1.183891796153578189E-12 ) ) ;
#2155 = CARTESIAN_POINT ( 'NONE',  ( 4.995986905334469874, 14.02536218353519004, 8.175786036263538392 ) ) ;
#2156 = TOROIDAL_SURFACE ( 'NONE', #2983, 10.62608515108770213, 0.1270000000000000018 ) ;
#2157 = CARTESIAN_POINT ( 'NONE',  ( -0.3000000000000013767, 14.17288230262237825, 9.299999999999997158 ) ) ;
#2158 = CARTESIAN_POINT ( 'NONE',  ( 9.507033802403329403, 14.02536218359793629, 1.191499368274088422 ) ) ;
#2159 = CARTESIAN_POINT ( 'NONE',  ( 0.2776976977506967481, 2.076228194610281630, 12.03219760723900400 ) ) ;
#2160 = CARTESIAN_POINT ( 'NONE',  ( 0.2700628431277273256, 14.06292915301142266, 9.356152769191336205 ) ) ;
#2161 = CARTESIAN_POINT ( 'NONE',  ( -2.198107569213906931, 7.452751276783130763, -9.593055378233341202 ) ) ;
#2162 = CARTESIAN_POINT ( 'NONE',  ( 6.053012125624929851, 2.392826442515029406, -8.325071236476611958 ) ) ;
#2163 = AXIS2_PLACEMENT_3D ( 'NONE', #4044, #1479, #477 ) ;
#2164 = CARTESIAN_POINT ( 'NONE',  ( 0.2327116050743215092, 14.79945420588271077, 0.1054608334928076596 ) ) ;
#2165 = ORIENTED_EDGE ( 'NONE', *, *, #3831, .T. ) ;
#2166 = CARTESIAN_POINT ( 'NONE',  ( -2.180375261619987605E-14, 3.756969513007412775, 0.000000000000000000 ) ) ;
#2167 = CARTESIAN_POINT ( 'NONE',  ( -2.276556174665657295, 6.046412342907374615, -9.806046401192634931 ) ) ;
#2168 = EDGE_LOOP ( 'NONE', ( #1217, #800, #221, #1765 ) ) ;
#2169 = CARTESIAN_POINT ( 'NONE',  ( -4.429982211308887585, 4.556959065070158132, 8.631830879506050991 ) ) ;
#2170 = EDGE_CURVE ( 'NONE', #149, #6033, #3121, .T. ) ;
#2171 = EDGE_CURVE ( 'NONE', #2185, #4750, #1793, .T. ) ;
#2172 = CARTESIAN_POINT ( 'NONE',  ( -1.336041944871266374, 5.085405231866729991, -9.546045353474916340 ) ) ;
#2173 =( BOUNDED_SURFACE ( )  B_SPLINE_SURFACE ( 3, 2, ( 
 ( #2108, #4597, #1147 ),
 ( #6133, #2178, #4084 ),
 ( #180, #1214, #3109 ),
 ( #670, #2211, #5201 ) ),
 .UNSPECIFIED., .F., .F., .T. ) 
 B_SPLINE_SURFACE_WITH_KNOTS ( ( 4, 4 ),
 ( 3, 3 ),
 ( 0.000000000000000000, 0.0008838515631907512557 ),
 ( 0.000000000000000000, 1.000000000000000000 ),
 .UNSPECIFIED. ) 
 GEOMETRIC_REPRESENTATION_ITEM ( )  RATIONAL_B_SPLINE_SURFACE ( (
 ( 1.000000000000000000, 0.9271838545667764331, 1.000000000000000000),
 ( 1.000000000000000000, 0.9273783597731158901, 1.000000000000000000),
 ( 1.000000000000000000, 0.9211205640407104100, 1.000000000000000000),
 ( 1.000000000000000000, 0.9101417911050552201, 1.000000000000000000) ) ) 
 REPRESENTATION_ITEM ( '' )  SURFACE ( )  );
#2174 = VERTEX_POINT ( 'NONE', #331 ) ;
#2175 = ORIENTED_EDGE ( 'NONE', *, *, #6027, .F. ) ;
#2176 = CARTESIAN_POINT ( 'NONE',  ( 0.4000000000000010769, 14.22254638226897150, 9.299999999999997158 ) ) ;
#2177 = CARTESIAN_POINT ( 'NONE',  ( -8.869726122463555740, 14.27184673331891851, 3.019727897436577546 ) ) ;
#2178 = CARTESIAN_POINT ( 'NONE',  ( -3.386727787091247333, 3.705625223539738222, -9.942919836390181842 ) ) ;
#2179 = ORIENTED_EDGE ( 'NONE', *, *, #6223, .F. ) ;
#2180 = CARTESIAN_POINT ( 'NONE',  ( -9.380863374011703115, 3.947596969270864342, -4.155651405646112906 ) ) ;
#2181 = CARTESIAN_POINT ( 'NONE',  ( -0.1996661101836380292, 14.79958333304300844, 0.09983305509181965298 ) ) ;
#2182 = VERTEX_POINT ( 'NONE', #2193 ) ;
#2183 = EDGE_CURVE ( 'NONE', #1866, #6099, #3530, .T. ) ;
#2184 = CARTESIAN_POINT ( 'NONE',  ( -0.06516451050615146290, 3.284976997755467476, 10.89998112005626574 ) ) ;
#2185 = VERTEX_POINT ( 'NONE', #715 ) ;
#2186 = CARTESIAN_POINT ( 'NONE',  ( 0.2532142199141724781, 14.15741172574625750, 9.500000000000225597 ) ) ;
#2187 = SURFACE_STYLE_USAGE ( .BOTH. , #1710 ) ;
#2188 = DIRECTION ( 'NONE',  ( -1.903723382878104366E-16, 0.000000000000000000, -1.000000000000000000 ) ) ;
#2189 = MECHANICAL_DESIGN_GEOMETRIC_PRESENTATION_REPRESENTATION (  '', ( #2804 ), #1374 ) ;
#2190 = CARTESIAN_POINT ( 'NONE',  ( 10.46487146153733505, 3.685834350341200771, -1.083148694215723351 ) ) ;
#2191 = B_SPLINE_CURVE_WITH_KNOTS ( 'NONE', 3,
 ( #5280, #2828, #394, #427, #4444, #5495 ),
 .UNSPECIFIED., .F., .F.,
 ( 4, 2, 4 ),
 ( 2.181707067802803128E-34, 0.0001574981787666057415, 0.0003149963575332114830 ),
 .UNSPECIFIED. ) ;
#2192 = DIRECTION ( 'NONE',  ( 0.000000000000000000, 0.000000000000000000, -1.000000000000000000 ) ) ;
#2193 = CARTESIAN_POINT ( 'NONE',  ( -0.8914615600104460746, 14.14193358903627917, 10.07159310323083368 ) ) ;
#2194 = CARTESIAN_POINT ( 'NONE',  ( 3.641220613398505446, 13.89599898141108270, -9.658561995461498739 ) ) ;
#2195 = DIRECTION ( 'NONE',  ( 0.000000000000000000, 1.000000000000000000, 0.000000000000000000 ) ) ;
#2196 = CARTESIAN_POINT ( 'NONE',  ( -2.113811762945982498, 7.716655989807208904, -9.576559666404484972 ) ) ;
#2197 = CARTESIAN_POINT ( 'NONE',  ( 0.000000000000000000, 14.14193358903626674, 0.000000000000000000 ) ) ;
#2198 = ORIENTED_EDGE ( 'NONE', *, *, #2925, .F. ) ;
#2199 = DIRECTION ( 'NONE',  ( -2.710490322108843648E-16, -0.003338940040097484237, 0.9999944257241680790 ) ) ;
#2200 = CARTESIAN_POINT ( 'NONE',  ( -2.087838216606905828, 5.648258915050966777, -9.791735082231095788 ) ) ;
#2201 = VERTEX_POINT ( 'NONE', #4222 ) ;
#2202 = CARTESIAN_POINT ( 'NONE',  ( -1.722421871015298978, 3.939973368873172621, 10.18283422933146731 ) ) ;
#2203 = CARTESIAN_POINT ( 'NONE',  ( -10.18225241350927845, 13.91281420046227524, -0.7366994130320134726 ) ) ;
#2204 = CARTESIAN_POINT ( 'NONE',  ( 5.643598101944234280, 3.773495035838664968, -8.835811316922184133 ) ) ;
#2205 = ORIENTED_EDGE ( 'NONE', *, *, #1039, .F. ) ;
#2206 = EDGE_CURVE ( 'NONE', #3524, #2889, #2746, .T. ) ;
#2207 = EDGE_CURVE ( 'NONE', #5696, #4703, #2609, .T. ) ;
#2208 = VERTEX_POINT ( 'NONE', #5643 ) ;
#2209 = CARTESIAN_POINT ( 'NONE',  ( 0.3788587777271598678, 14.20229551719796035, 9.403605459876422046 ) ) ;
#2210 = CARTESIAN_POINT ( 'NONE',  ( -9.301863349013505200, 14.27181953751373022, 1.126658860881582402 ) ) ;
#2211 = CARTESIAN_POINT ( 'NONE',  ( -2.844120216712421101, 3.886646805610680211, -9.919381628254408056 ) ) ;
#2212 = CARTESIAN_POINT ( 'NONE',  ( 8.648128197992061672, 14.16691622592401956, 4.948323249908358257 ) ) ;
#2213 = CARTESIAN_POINT ( 'NONE',  ( -0.1997371060786206631, 4.516780565698732985, -9.706373909650070075 ) ) ;
#2214 = ORIENTED_EDGE ( 'NONE', *, *, #2130, .T. ) ;
#2215 = CARTESIAN_POINT ( 'NONE',  ( 0.4975039660853443624, 2.999140517839685494, 11.15184831586064362 ) ) ;
#2216 =( BOUNDED_SURFACE ( )  B_SPLINE_SURFACE ( 3, 2, ( 
 ( #6334, #3286, #3841 ),
 ( #431, #1936, #3412 ),
 ( #3806, #5283, #5380 ),
 ( #1875, #1329, #1906 ),
 ( #4775, #6308, #1390 ),
 ( #6244, #5775, #2388 ),
 ( #3900, #1843, #1425 ),
 ( #2327, #3379, #4870 ),
 ( #939, #878, #5253 ),
 ( #5345, #5805, #2865 ),
 ( #361, #3349, #2898 ),
 ( #6274, #974, #5313 ) ),
 .UNSPECIFIED., .F., .F., .T. ) 
 B_SPLINE_SURFACE_WITH_KNOTS ( ( 4, 2, 2, 2, 2, 4 ),
 ( 3, 3 ),
 ( 0.000000000000000000, 0.001464990606554627487, 0.002197485909831941447, 0.002929981213109254974, 0.004394971819663882895, 0.005859962426218509948 ),
 ( 0.000000000000000000, 1.000000000000000000 ),
 .UNSPECIFIED. ) 
 GEOMETRIC_REPRESENTATION_ITEM ( )  RATIONAL_B_SPLINE_SURFACE ( (
 ( 1.000000000000000000, 0.9101407219117526592, 1.000000000000000000),
 ( 1.000000000000000000, 0.9152134586485537460, 1.000000000000000000),
 ( 1.000000000000000000, 0.9194871961736603705, 1.000000000000000000),
 ( 1.000000000000000000, 0.9239906476892123521, 1.000000000000000000),
 ( 1.000000000000000000, 0.9251722141504969965, 1.000000000000000000),
 ( 1.000000000000000000, 0.9267758961962822006, 1.000000000000000000),
 ( 1.000000000000000000, 0.9271835648396421492, 1.000000000000000000),
 ( 1.000000000000000000, 0.9271844335502562595, 1.000000000000000000),
 ( 1.000000000000000000, 0.9255576591389212959, 1.000000000000000000),
 ( 1.000000000000000000, 0.9195535734989187526, 1.000000000000000000),
 ( 1.000000000000000000, 0.9152044624424143793, 1.000000000000000000),
 ( 1.000000000000000000, 0.9101417909991345034, 1.000000000000000000) ) ) 
 REPRESENTATION_ITEM ( '' )  SURFACE ( )  );
#2217 = EDGE_LOOP ( 'NONE', ( #3341, #2660, #4373, #1144 ) ) ;
#2218 = EDGE_CURVE ( 'NONE', #599, #1854, #1153, .T. ) ;
#2219 = CARTESIAN_POINT ( 'NONE',  ( 0.1996661101836956220, 14.05874120078698297, 9.384307178631306812 ) ) ;
#2220 = CARTESIAN_POINT ( 'NONE',  ( -7.562391510013240392, 3.695303782909777457, 7.284506367464513410 ) ) ;
#2221 = CARTESIAN_POINT ( 'NONE',  ( 0.3205917440242928018, 3.234894181611604580, 10.96619186181165695 ) ) ;
#2222 = CARTESIAN_POINT ( 'NONE',  ( -1.778348075403614725, 3.852387265922261328, 10.19940481656214892 ) ) ;
#2223 = FACE_OUTER_BOUND ( 'NONE', #1825, .T. ) ;
#2224 = CARTESIAN_POINT ( 'NONE',  ( 9.082318809017138506, 14.02533505579702222, 3.052541459978433291 ) ) ;
#2225 = DIRECTION ( 'NONE',  ( -0.000000000000000000, -1.000000000000000000, -0.000000000000000000 ) ) ;
#2226 = CARTESIAN_POINT ( 'NONE',  ( 1.128801961754701155, 4.949732715053904109, -9.533249692000822506 ) ) ;
#2227 = CARTESIAN_POINT ( 'NONE',  ( -0.5556731930363262295, 4.719695594064717170, -9.508894046428107316 ) ) ;
#2228 = CARTESIAN_POINT ( 'NONE',  ( -7.318479740795221566, 14.14193358903613884, 6.976499525808705471 ) ) ;
#2229 = AXIS2_PLACEMENT_3D ( 'NONE', #1730, #3628, #3107 ) ;
#2230 = EDGE_LOOP ( 'NONE', ( #4949, #4923, #4979, #1785 ) ) ;
#2231 = CARTESIAN_POINT ( 'NONE',  ( 9.214167557328865499, 4.042580927438383043, -4.307575654000520338 ) ) ;
#2232 = CARTESIAN_POINT ( 'NONE',  ( 1.688008616612720836, 9.351067230573566036, 10.09203913525078633 ) ) ;
#2233 = ORIENTED_EDGE ( 'NONE', *, *, #4419, .F. ) ;
#2234 = CARTESIAN_POINT ( 'NONE',  ( -2.245174345559646678, 18.29540030710387910, -9.579506161615320536 ) ) ;
#2235 = CARTESIAN_POINT ( 'NONE',  ( -1.852086606418209769, 5.616438451655976216, -9.585689419022342506 ) ) ;
#2236 = MECHANICAL_DESIGN_GEOMETRIC_PRESENTATION_REPRESENTATION (  '', ( #2350 ), #5840 ) ;
#2237 = CARTESIAN_POINT ( 'NONE',  ( -0.3999999999999993006, -45.00000000000000000, -7.625158136161780825E-17 ) ) ;
#2238 = ORIENTED_EDGE ( 'NONE', *, *, #4743, .T. ) ;
#2239 = CARTESIAN_POINT ( 'NONE',  ( -5.808162342592658511, 2.150903574822202735, -8.776161376014977478 ) ) ;
#2240 = CARTESIAN_POINT ( 'NONE',  ( -0.4041829777698335291, 4.521813868613346443, -9.705613742060991811 ) ) ;
#2241 = DIRECTION ( 'NONE',  ( 0.4002916384227642177, -0.9163878023025070485, 0.000000000000000000 ) ) ;
#2242 = VERTEX_POINT ( 'NONE', #3644 ) ;
#2243 = SPHERICAL_SURFACE ( 'NONE', #3441, 60.00000000000000000 ) ;
#2244 = CARTESIAN_POINT ( 'NONE',  ( 0.1997115352205509065, 4.516780252220423897, -9.706374016692958406 ) ) ;
#2245 = VERTEX_POINT ( 'NONE', #5612 ) ;
#2246 = CARTESIAN_POINT ( 'NONE',  ( 9.299999896600670724, 4.399048105824337362, 3.120597240372606773 ) ) ;
#2247 = ORIENTED_EDGE ( 'NONE', *, *, #1819, .F. ) ;
#2248 =( NAMED_UNIT ( * ) PLANE_ANGLE_UNIT ( ) SI_UNIT ( $, .RADIAN. ) );
#2249 = CARTESIAN_POINT ( 'NONE',  ( -6.795304444218152717, 13.98186336898920068, 7.540614550451680387 ) ) ;
#2250 = CARTESIAN_POINT ( 'NONE',  ( 0.5276929832337809989, 2.983837954256092218, 11.20947640380438415 ) ) ;
#2251 =( BOUNDED_SURFACE ( )  B_SPLINE_SURFACE ( 3, 2, ( 
 ( #1972, #2970, #2491 ),
 ( #3941, #405, #2940 ),
 ( #1885, #3329, #4876 ),
 ( #5386, #5870, #3849 ) ),
 .UNSPECIFIED., .F., .F., .T. ) 
 B_SPLINE_SURFACE_WITH_KNOTS ( ( 4, 4 ),
 ( 3, 3 ),
 ( 5.421010862427522170E-20, 0.0006708533578650858814 ),
 ( 0.000000000000000000, 1.000000000000000000 ),
 .UNSPECIFIED. ) 
 GEOMETRIC_REPRESENTATION_ITEM ( )  RATIONAL_B_SPLINE_SURFACE ( (
 ( 1.000000000000000000, 0.7639881486112402031, 1.000000000000000000),
 ( 1.000000000000000000, 0.7681424318451638422, 1.000000000000000000),
 ( 1.000000000000000000, 0.7702057175163730118, 1.000000000000000000),
 ( 1.000000000000000000, 0.7699653562337781532, 1.000000000000000000) ) ) 
 REPRESENTATION_ITEM ( '' )  SURFACE ( )  );
#2252 = CARTESIAN_POINT ( 'NONE',  ( 1.961117074395894555, 5.758722614359883529, -3.990985657664030573 ) ) ;
#2253 = ADVANCED_FACE ( 'NONE', ( #228 ), #263, .T. ) ;
#2254 = CARTESIAN_POINT ( 'NONE',  ( -6.865416122263557241, 3.852398569254999128, 7.749594047728254331 ) ) ;
#2255 = EDGE_CURVE ( 'NONE', #211, #665, #6291, .T. ) ;
#2256 = PRESENTATION_LAYER_ASSIGNMENT (  '', '', ( #4732 ) ) ;
#2257 = TOROIDAL_SURFACE ( 'NONE', #6156, 10.06816576155229193, 0.2540000000000000036 ) ;
#2258 = CARTESIAN_POINT ( 'NONE',  ( 0.3308687106379724074, 14.99911880772896922, -0.02294654150666169609 ) ) ;
#2259 = CARTESIAN_POINT ( 'NONE',  ( -10.41010850658596709, 3.705665997290377600, -1.370999956640989170 ) ) ;
#2260 = MECHANICAL_DESIGN_GEOMETRIC_PRESENTATION_REPRESENTATION (  '', ( #5027 ), #6059 ) ;
#2261 = ORIENTED_EDGE ( 'NONE', *, *, #1625, .T. ) ;
#2262 = CARTESIAN_POINT ( 'NONE',  ( -3.845471670111197504, 18.65358411158080187, 8.640224398740677714 ) ) ;
#2263 = CARTESIAN_POINT ( 'NONE',  ( 6.865433900379652066, 3.852387264938378131, 7.749593400256168607 ) ) ;
#2264 = EDGE_LOOP ( 'NONE', ( #1735, #3423, #2142, #2351 ) ) ;
#2265 = EDGE_CURVE ( 'NONE', #3741, #4209, #975, .T. ) ;
#2266 = CARTESIAN_POINT ( 'NONE',  ( -5.418243420288388457, 3.756969513007399897, -8.992988013462351660 ) ) ;
#2267 = CARTESIAN_POINT ( 'NONE',  ( -0.4655213862519789747, 2.012860336458001775, 11.90192547584578087 ) ) ;
#2268 = CARTESIAN_POINT ( 'NONE',  ( 1.659072168858043206, 13.92087586580219494, 10.01530372681640912 ) ) ;
#2269 = CARTESIAN_POINT ( 'NONE',  ( 2.251607692464246302, 6.638235762680253060, -9.791900195641863647 ) ) ;
#2270 = CARTESIAN_POINT ( 'NONE',  ( -2.239890997378119586, 6.653452305552920443, -9.613999352305006241 ) ) ;
#2271 = TOROIDAL_SURFACE ( 'NONE', #1045, 59.15783971714991907, 0.1000000000000000056 ) ;
#2272 = PRESENTATION_STYLE_ASSIGNMENT (( #761 ) ) ;
#2273 = VERTEX_POINT ( 'NONE', #492 ) ;
#2274 =( NAMED_UNIT ( * ) PLANE_ANGLE_UNIT ( ) SI_UNIT ( $, .RADIAN. ) );
#2275 = CARTESIAN_POINT ( 'NONE',  ( -8.648132537521552976, 14.16691473700008430, 4.948333468757240006 ) ) ;
#2276 = CARTESIAN_POINT ( 'NONE',  ( -6.858438385526601344, 14.02533505560516147, -6.690915277894993629 ) ) ;
#2277 = ORIENTED_EDGE ( 'NONE', *, *, #326, .T. ) ;
#2278 = CARTESIAN_POINT ( 'NONE',  ( -0.8914615600104460746, 14.14193358903627917, 10.07159310323083368 ) ) ;
#2279 = CARTESIAN_POINT ( 'NONE',  ( 9.040807000818416483, 2.150912899738451678, 5.386980975643457015 ) ) ;
#2280 = ORIENTED_EDGE ( 'NONE', *, *, #3238, .F. ) ;
#2281 = CARTESIAN_POINT ( 'NONE',  ( 10.13548598750611873, 14.13480330072930791, -0.6268810463430788404 ) ) ;
#2282 = VERTEX_POINT ( 'NONE', #1938 ) ;
#2283 = CARTESIAN_POINT ( 'NONE',  ( 10.31080423936761647, 3.939973368112489549, -0.5866566252628444555 ) ) ;
#2284 = FACE_OUTER_BOUND ( 'NONE', #2567, .T. ) ;
#2285 = PRESENTATION_STYLE_ASSIGNMENT (( #2187 ) ) ;
#2286 = CARTESIAN_POINT ( 'NONE',  ( 0.5786079643969462838, 2.817799299587606221, 11.31525390272112652 ) ) ;
#2287 = DIRECTION ( 'NONE',  ( 0.9318170918490016330, 0.000000000000000000, 0.3629282399291484107 ) ) ;
#2288 = CARTESIAN_POINT ( 'NONE',  ( -1.504189993895214794, 3.837294472448366189, 10.31542722238362231 ) ) ;
#2289 = CARTESIAN_POINT ( 'NONE',  ( 1.659072168858030105, 13.92087586580232816, 10.01530372681641623 ) ) ;
#2290 = CARTESIAN_POINT ( 'NONE',  ( -10.00850003627170537, 3.669383407414077425, -3.292898090995661775 ) ) ;
#2291 = EDGE_CURVE ( 'NONE', #4334, #4015, #3413, .T. ) ;
#2292 = DIRECTION ( 'NONE',  ( -0.000000000000000000, -1.000000000000000000, -0.000000000000000000 ) ) ;
#2293 = EDGE_CURVE ( 'NONE', #2788, #599, #1628, .T. ) ;
#2294 = CIRCLE ( 'NONE', #2393, 10.49910449380284838 ) ;
#2295 = CARTESIAN_POINT ( 'NONE',  ( 0.8914494823680497726, 14.14193358903626319, 10.07159417224553088 ) ) ;
#2296 = ORIENTED_EDGE ( 'NONE', *, *, #5554, .T. ) ;
#2297 = AXIS2_PLACEMENT_3D ( 'NONE', #3024, #2452, #3503 ) ;
#2298 = CARTESIAN_POINT ( 'NONE',  ( -6.887331829017108831, 3.939984671681221684, 7.695537113495491077 ) ) ;
#2299 = CARTESIAN_POINT ( 'NONE',  ( 5.437439037282167931, 3.669383407414288811, -9.024827285304130697 ) ) ;
#2300 = EDGE_LOOP ( 'NONE', ( #6277, #5332, #1728, #3494 ) ) ;
#2301 = CIRCLE ( 'NONE', #1062, 10.11096886307257492 ) ;
#2302 = CARTESIAN_POINT ( 'NONE',  ( -6.748648018451319786, 14.16691622592068711, 7.330196057264510401 ) ) ;
#2303 = EDGE_CURVE ( 'NONE', #6129, #320, #1937, .T. ) ;
#2304 = CARTESIAN_POINT ( 'NONE',  ( 1.722432033089867920, 3.939984672447514935, 10.18282176337811862 ) ) ;
#2305 = CARTESIAN_POINT ( 'NONE',  ( -9.394121070470603740, 13.98186169396789857, -3.845481435878028709 ) ) ;
#2306 = DIRECTION ( 'NONE',  ( -0.3076115753923708285, -1.128674814242069718E-15, 0.9515120170994288973 ) ) ;
#2307 = FACE_OUTER_BOUND ( 'NONE', #1242, .T. ) ;
#2308 = ORIENTED_EDGE ( 'NONE', *, *, #1516, .T. ) ;
#2309 = ORIENTED_EDGE ( 'NONE', *, *, #3353, .F. ) ;
#2310 = DIRECTION ( 'NONE',  ( 0.000000000000000000, -1.000000000000000000, -0.000000000000000000 ) ) ;
#2311 = CARTESIAN_POINT ( 'NONE',  ( 0.4000000000011760815, 14.94797744711669374, 0.1999999999997899569 ) ) ;
#2312 = TOROIDAL_SURFACE ( 'NONE', #978, 10.62608515108698626, 0.1270000000000000018 ) ;
#2313 = DIRECTION ( 'NONE',  ( 0.000000000000000000, -0.000000000000000000, -1.000000000000000000 ) ) ;
#2314 = ORIENTED_EDGE ( 'NONE', *, *, #6260, .T. ) ;
#2315 = CARTESIAN_POINT ( 'NONE',  ( 8.767156069700869025, 17.85361989809399930, 5.371441786711933730 ) ) ;
#2316 = VERTEX_POINT ( 'NONE', #6275 ) ;
#2317 = CARTESIAN_POINT ( 'NONE',  ( -2.180375261619992338E-14, 3.756969513007440753, 0.000000000000000000 ) ) ;
#2318 = AXIS2_PLACEMENT_3D ( 'NONE', #6166, #4699, #5202 ) ;
#2319 = VERTEX_POINT ( 'NONE', #5346 ) ;
#2320 = CARTESIAN_POINT ( 'NONE',  ( 0.3044743357516697668, 14.89937206303427963, 0.02165801102644514600 ) ) ;
#2321 = CARTESIAN_POINT ( 'NONE',  ( 0.2137104683747838019, 2.038663056218206648, 11.88229040380549861 ) ) ;
#2322 = DIRECTION ( 'NONE',  ( 3.430248998885766964E-15, -1.000000000000000000, -0.000000000000000000 ) ) ;
#2323 = CARTESIAN_POINT ( 'NONE',  ( 0.4374650484815972851, 3.111239361417028171, 11.08586651981358884 ) ) ;
#2324 = COLOUR_RGB ( '',1.000000000000000000, 1.000000000000000000, 1.000000000000000000 ) ;
#2325 = CARTESIAN_POINT ( 'NONE',  ( -9.346595724968802088, 4.556990391258691986, 2.637235688010206136 ) ) ;
#2326 = CARTESIAN_POINT ( 'NONE',  ( -10.22510240548243665, 13.98186332376959129, -1.400945922797631082 ) ) ;
#2327 = CARTESIAN_POINT ( 'NONE',  ( -3.765498387022087279, 4.556989683326274410, 8.951817559735527396 ) ) ;
#2328 = CARTESIAN_POINT ( 'NONE',  ( -5.772555745527305326, 13.91281420044884776, -8.420130070504466602 ) ) ;
#2329 = CARTESIAN_POINT ( 'NONE',  ( -0.5923849376432466229, 2.427024166390039372, 11.65220416742551102 ) ) ;
#2330 = CARTESIAN_POINT ( 'NONE',  ( 1.004914398957809096, 14.14193358903626496, 10.06155124960280034 ) ) ;
#2331 = CARTESIAN_POINT ( 'NONE',  ( -1.841462312263481893, 2.392822747199396360, 10.12693371474366799 ) ) ;
#2332 = FACE_OUTER_BOUND ( 'NONE', #4281, .T. ) ;
#2333 = DIRECTION ( 'NONE',  ( 0.000000000000000000, 1.000000000000000000, 0.000000000000000000 ) ) ;
#2334 = VERTEX_POINT ( 'NONE', #2833 ) ;
#2335 = CARTESIAN_POINT ( 'NONE',  ( 0.8850754498955625271, 4.603054158112561467, -9.716261883767634444 ) ) ;
#2336 = CARTESIAN_POINT ( 'NONE',  ( 2.866677286096018129, 3.695303822357749457, -9.926114489906238347 ) ) ;
#2337 = TOROIDAL_SURFACE ( 'NONE', #4596, 59.89991652748775408, 0.1000000000000000056 ) ;
#2338 = ADVANCED_FACE ( 'NONE', ( #4776 ), #1326, .T. ) ;
#2339 = EDGE_CURVE ( 'NONE', #3271, #278, #3141, .T. ) ;
#2340 = ORIENTED_EDGE ( 'NONE', *, *, #2799, .F. ) ;
#2341 = CARTESIAN_POINT ( 'NONE',  ( -5.996672885464719549, 4.196815461006658587, 8.026776991286398655 ) ) ;
#2342 = ORIENTED_EDGE ( 'NONE', *, *, #3544, .F. ) ;
#2343 = CARTESIAN_POINT ( 'NONE',  ( -9.395034150589930633, 13.92087438211473938, -3.846085072605324395 ) ) ;
#2344 = CARTESIAN_POINT ( 'NONE',  ( -1.523259551158697489, 14.16691473715516203, 9.846617735345226663 ) ) ;
#2345 = CARTESIAN_POINT ( 'NONE',  ( 7.287489845729649751, 13.89156607017689282, 6.946974417001656299 ) ) ;
#2346 = ORIENTED_EDGE ( 'NONE', *, *, #5679, .T. ) ;
#2347 = CIRCLE ( 'NONE', #1621, 0.2539999999999998370 ) ;
#2348 = CARTESIAN_POINT ( 'NONE',  ( -9.074013872322815644, 3.794958671610505707, 5.104938820647406672 ) ) ;
#2349 = EDGE_CURVE ( 'NONE', #320, #1924, #2133, .T. ) ;
#2350 = STYLED_ITEM ( 'NONE', ( #2272 ), #1398 ) ;
#2351 = ORIENTED_EDGE ( 'NONE', *, *, #532, .F. ) ;
#2352 = CARTESIAN_POINT ( 'NONE',  ( -1.547531569759890591, 13.91281333093889749, 10.09089962199968404 ) ) ;
#2353 = CARTESIAN_POINT ( 'NONE',  ( 0.4328828090595068789, 2.232844549561104230, 11.68198873537995830 ) ) ;
#2354 = DIRECTION ( 'NONE',  ( -1.224646799147353454E-16, 0.000000000000000000, -1.000000000000000000 ) ) ;
#2355 = CARTESIAN_POINT ( 'NONE',  ( 0.6508655705811396963, 2.757150842255806200, 11.42999969460932341 ) ) ;
#2356 = CARTESIAN_POINT ( 'NONE',  ( 3.116199306275473369, 4.445072331429560819, 9.308163910070202718 ) ) ;
#2357 = CARTESIAN_POINT ( 'NONE',  ( 1.180060563615228819, 13.89619475092352729, 10.25802914324747306 ) ) ;
#2358 = PRESENTATION_STYLE_ASSIGNMENT (( #5381 ) ) ;
#2359 = CARTESIAN_POINT ( 'NONE',  ( -9.898483998855404309, 3.685834350464606946, -3.564654306131576078 ) ) ;
#2360 = ORIENTED_EDGE ( 'NONE', *, *, #6067, .T. ) ;
#2361 = CARTESIAN_POINT ( 'NONE',  ( 1.117010179269624093, 14.14412282275985788, 10.03681848006057820 ) ) ;
#2362 = CARTESIAN_POINT ( 'NONE',  ( 5.922300920510305211, 7.605684247524613362, -8.381819077559192976 ) ) ;
#2363 = CARTESIAN_POINT ( 'NONE',  ( -1.271135707741127767E-14, 3.705665997290549019, 0.000000000000000000 ) ) ;
#2364 = AXIS2_PLACEMENT_3D ( 'NONE', #2676, #1271, #6153 ) ;
#2365 = CARTESIAN_POINT ( 'NONE',  ( 7.008374498362621274, 3.882853096945494187, 7.659022426148895946 ) ) ;
#2366 = FACE_OUTER_BOUND ( 'NONE', #6136, .T. ) ;
#2367 =( NAMED_UNIT ( * ) PLANE_ANGLE_UNIT ( ) SI_UNIT ( $, .RADIAN. ) );
#2368 = CARTESIAN_POINT ( 'NONE',  ( 2.323094244386991303, 6.184608327510619397, -9.809187534693315058 ) ) ;
#2369 = CARTESIAN_POINT ( 'NONE',  ( -3.522420434133695988, 3.756919615068028406, -9.891567074273424964 ) ) ;
#2370 = ORIENTED_EDGE ( 'NONE', *, *, #1939, .F. ) ;
#2371 = DIRECTION ( 'NONE',  ( -0.000000000000000000, -1.000000000000000000, -0.000000000000000000 ) ) ;
#2372 = ORIENTED_EDGE ( 'NONE', *, *, #1440, .T. ) ;
#2373 = EDGE_CURVE ( 'NONE', #4926, #5335, #1840, .T. ) ;
#2374 = CARTESIAN_POINT ( 'NONE',  ( 10.13548598750612051, 14.13480330072932567, -0.6268810463430635194 ) ) ;
#2375 = CARTESIAN_POINT ( 'NONE',  ( 9.035169442231504533, 3.939984671706218133, 5.002233934739611421 ) ) ;
#2376 = ADVANCED_FACE ( 'NONE', ( #6245 ), #3869, .F. ) ;
#2377 = CARTESIAN_POINT ( 'NONE',  ( -10.23037113891509797, 13.90487727698535281, -0.8603170440909069239 ) ) ;
#2378 = VERTEX_POINT ( 'NONE', #4353 ) ;
#2379 = COLOUR_RGB ( '',1.000000000000000000, 1.000000000000000000, 1.000000000000000000 ) ;
#2380 = ORIENTED_EDGE ( 'NONE', *, *, #1551, .T. ) ;
#2381 = CARTESIAN_POINT ( 'NONE',  ( 10.15995744575796422, 12.42676282752992734, -0.6075311877938700533 ) ) ;
#2382 = CARTESIAN_POINT ( 'NONE',  ( 0.3988562244021938152, 2.184644558844918372, 11.94996786635641861 ) ) ;
#2383 = TOROIDAL_SURFACE ( 'NONE', #4659, 59.89924874320212211, 0.1000000000000000056 ) ;
#2384 = CARTESIAN_POINT ( 'NONE',  ( -9.938691265809923792, 14.16691622596714595, -0.7060029973724375463 ) ) ;
#2385 = ADVANCED_FACE ( 'NONE', ( #879 ), #4231, .T. ) ;
#2386 = B_SPLINE_SURFACE_WITH_KNOTS ( 'NONE', 1, 3, ( 
 ( #3725, #1705, #767, #4152, #317, #6135, #2722, #6105, #5698, #5204, #1675, #799, #3111, #2279 ),
 ( #4245, #3138, #6199, #1796, #5566, #5075, #673, #2627, #4600, #4121, #5594, #4887, #1381, #2315 ) ),
 .UNSPECIFIED., .F., .F., .F.,
 ( 2, 2 ),
 ( 4, 2, 2, 2, 2, 2, 4 ),
 ( 0.000000000000000000, 1.000000000000000000 ),
 ( 2.374120126180462183E-07, 0.001686001886041526513, 0.002528884123055980676, 0.003371766360070434839, 0.004214648597084889002, 0.005057530834099343599, 0.006743295308128251925 ),
 .UNSPECIFIED. ) ;
#2387 = FACE_OUTER_BOUND ( 'NONE', #3797, .T. ) ;
#2388 = CARTESIAN_POINT ( 'NONE',  ( -4.665236036089823735, 4.455217734102714822, 8.565347909151810768 ) ) ;
#2389 = CARTESIAN_POINT ( 'NONE',  ( -0.2472323226978197508, 3.034901470835403181, 10.93370101042859588 ) ) ;
#2390 = DIRECTION ( 'NONE',  ( -0.07709897354112206502, -0.07189808226832347660, 0.9944276816566616217 ) ) ;
#2391 = CARTESIAN_POINT ( 'NONE',  ( -9.037805734086317599, 3.886646805541350336, 4.980082249161163155 ) ) ;
#2392 = DIRECTION ( 'NONE',  ( 1.000000000000000000, 3.428144012049404027E-15, 0.000000000000000000 ) ) ;
#2393 = AXIS2_PLACEMENT_3D ( 'NONE', #4237, #308, #2814 ) ;
#2394 = CARTESIAN_POINT ( 'NONE',  ( 0.3739157311186603883, 14.25622454580815024, 9.410926755406901378 ) ) ;
#2395 = CARTESIAN_POINT ( 'NONE',  ( -0.5003738271958623196, 2.581839310222869610, 11.33002104288502032 ) ) ;
#2396 = CARTESIAN_POINT ( 'NONE',  ( -7.913769158208824095, 4.469403577569193153, -5.692220766985499836 ) ) ;
#2397 = ORIENTED_EDGE ( 'NONE', *, *, #1432, .T. ) ;
#2398 = CARTESIAN_POINT ( 'NONE',  ( 0.8135056308568222594, 4.784785883869575152, -9.710188018011882249 ) ) ;
#2399 = AXIS2_PLACEMENT_3D ( 'NONE', #3123, #624, #4513 ) ;
#2400 = CARTESIAN_POINT ( 'NONE',  ( 6.795879512146686174, 13.92087438191914472, 7.541555460265816357 ) ) ;
#2401 = FACE_OUTER_BOUND ( 'NONE', #2835, .T. ) ;
#2402 = CARTESIAN_POINT ( 'NONE',  ( 7.276738088026851514, 4.556990391271901863, -6.431403153116212579 ) ) ;
#2403 = ORIENTED_EDGE ( 'NONE', *, *, #4151, .T. ) ;
#2404 = DIRECTION ( 'NONE',  ( -0.003336114588163399328, -0.9999944351542434662, 0.000000000000000000 ) ) ;
#2405 = CARTESIAN_POINT ( 'NONE',  ( 9.260140585748324327, 4.486681183400493822, 3.126896519381201944 ) ) ;
#2406 = FACE_OUTER_BOUND ( 'NONE', #3016, .T. ) ;
#2407 = EDGE_LOOP ( 'NONE', ( #2214, #1570, #383, #6232, #4011 ) ) ;
#2408 = CARTESIAN_POINT ( 'NONE',  ( -1.116758992786386795, 14.14193359275544282, 10.05165144963254953 ) ) ;
#2409 = EDGE_CURVE ( 'NONE', #1341, #5274, #4159, .T. ) ;
#2410 = EDGE_CURVE ( 'NONE', #4323, #804, #4088, .T. ) ;
#2411 = ORIENTED_EDGE ( 'NONE', *, *, #489, .F. ) ;
#2412 = CARTESIAN_POINT ( 'NONE',  ( 0.2000000000000011491, 13.63511657567311097, 9.299999999999998934 ) ) ;
#2413 =( NAMED_UNIT ( * ) SI_UNIT ( $, .STERADIAN. ) SOLID_ANGLE_UNIT ( ) );
#2414 = CARTESIAN_POINT ( 'NONE',  ( -1.741394619791122311, 3.886646806713244473, 10.17107154873454888 ) ) ;
#2415 = ORIENTED_EDGE ( 'NONE', *, *, #6341, .F. ) ;
#2416 = CARTESIAN_POINT ( 'NONE',  ( 3.168270490033038733, 14.27181953749649246, 8.817941032758591646 ) ) ;
#2417 = EDGE_CURVE ( 'NONE', #6200, #4401, #4497, .T. ) ;
#2418 = ADVANCED_FACE ( 'NONE', ( #3602 ), #3777, .F. ) ;
#2419 = CARTESIAN_POINT ( 'NONE',  ( 1.659072168858038099, 13.92087586580232816, 10.01530372681640557 ) ) ;
#2420 = CARTESIAN_POINT ( 'NONE',  ( -5.840249803039204934, 13.92087586572965741, -8.303632425037056564 ) ) ;
#2421 = CARTESIAN_POINT ( 'NONE',  ( 0.9565474510559636157, 7.124157179979955679, 10.39643382975420138 ) ) ;
#2422 = CARTESIAN_POINT ( 'NONE',  ( -9.916017569789005393, 3.669383428088003107, -3.573991075273360796 ) ) ;
#2423 = CARTESIAN_POINT ( 'NONE',  ( 0.5979180643016025476, 2.625158972817870584, 11.41388284307771173 ) ) ;
#2424 = CARTESIAN_POINT ( 'NONE',  ( -8.940012246851956945, 3.705625223534394497, 5.514323258835640118 ) ) ;
#2425 =( BOUNDED_SURFACE ( )  B_SPLINE_SURFACE ( 3, 2, ( 
 ( #4813, #1809, #3354 ),
 ( #5747, #4225, #5256 ),
 ( #2806, #402, #4779 ),
 ( #5318, #2704, #6148 ),
 ( #1261, #1745, #4291 ),
 ( #6248, #5287, #3809 ),
 ( #1366, #3709, #2836 ),
 ( #4324, #5675, #2735 ),
 ( #6011, #2454, #148 ),
 ( #4905, #4532, #2110 ),
 ( #5529, #2566, #3082 ),
 ( #1943, #114, #5835 ) ),
 .UNSPECIFIED., .F., .F., .F. ) 
 B_SPLINE_SURFACE_WITH_KNOTS ( ( 4, 2, 2, 2, 2, 4 ),
 ( 3, 3 ),
 ( -5.204170427930421283E-18, 0.001464990606430635525, 0.002197485909645955672, 0.002929981212861276253, 0.004394971819291916548, 0.005859962425722557711 ),
 ( 0.000000000000000000, 1.000000000000000000 ),
 .UNSPECIFIED. ) 
 GEOMETRIC_REPRESENTATION_ITEM ( )  RATIONAL_B_SPLINE_SURFACE ( (
 ( 1.000000000000000000, 0.9101407218200092686, 1.000000000000000000),
 ( 1.000000000000000000, 0.9152134588693450201, 1.000000000000000000),
 ( 1.000000000000000000, 0.9194871961314499131, 1.000000000000000000),
 ( 1.000000000000000000, 0.9239906476586654538, 1.000000000000000000),
 ( 1.000000000000000000, 0.9251722141559249879, 1.000000000000000000),
 ( 1.000000000000000000, 0.9267758961992754729, 1.000000000000000000),
 ( 1.000000000000000000, 0.9271835648411219655, 1.000000000000000000),
 ( 1.000000000000000000, 0.9271844335473019560, 1.000000000000000000),
 ( 1.000000000000000000, 0.9255576592137622072, 1.000000000000000000),
 ( 1.000000000000000000, 0.9195535729735018204, 1.000000000000000000),
 ( 1.000000000000000000, 0.9152044628157478545, 1.000000000000000000),
 ( 1.000000000000000000, 0.9101417910433569070, 1.000000000000000000) ) ) 
 REPRESENTATION_ITEM ( '' )  SURFACE ( )  );
#2426 = CARTESIAN_POINT ( 'NONE',  ( 12.33672205028482516, 1.868943947005770267, 0.000000000000000000 ) ) ;
#2427 = CARTESIAN_POINT ( 'NONE',  ( 0.3084827602754544040, 2.092072938115371983, 11.82682197014734271 ) ) ;
#2428 = CARTESIAN_POINT ( 'NONE',  ( -7.431538574402800634, 4.505655870495510307, -6.238743021312708414 ) ) ;
#2429 = EDGE_LOOP ( 'NONE', ( #6290, #4048, #2587, #3403 ) ) ;
#2430 = CARTESIAN_POINT ( 'NONE',  ( 1.851398127752279965, 8.185695629530155060, -9.536481461546523875 ) ) ;
#2431 = CARTESIAN_POINT ( 'NONE',  ( 0.3782671564710465839, 14.94850429718880669, 0.09539809266450798020 ) ) ;
#2432 = CARTESIAN_POINT ( 'NONE',  ( -9.973184262161357339, 3.756969513007237804, -3.281278842883708080 ) ) ;
#2433 = ORIENTED_EDGE ( 'NONE', *, *, #3395, .T. ) ;
#2434 = CARTESIAN_POINT ( 'NONE',  ( -9.039353043790322673, 3.695334435538573103, 5.003587498098328368 ) ) ;
#2435 = FACE_OUTER_BOUND ( 'NONE', #5395, .T. ) ;
#2436 = COLOUR_RGB ( '',1.000000000000000000, 1.000000000000000000, 1.000000000000000000 ) ;
#2437 = PLANE ( 'NONE',  #3325 ) ;
#2438 = EDGE_LOOP ( 'NONE', ( #5138, #3591, #1502, #703 ) ) ;
#2439 = CARTESIAN_POINT ( 'NONE',  ( 9.974038263625748968, 3.705665997290601865, -3.281548524055212024 ) ) ;
#2440 = CONICAL_SURFACE ( 'NONE', #6031, 4.325449350717825325, 0.01745329251994336486 ) ;
#2441 = EDGE_LOOP ( 'NONE', ( #515, #4017, #1454, #219 ) ) ;
#2442 = CARTESIAN_POINT ( 'NONE',  ( -0.2994982868240639862, 14.79909792517689837, 0.1453794528624227367 ) ) ;
#2443 = MECHANICAL_DESIGN_GEOMETRIC_PRESENTATION_REPRESENTATION (  '', ( #397 ), #2643 ) ;
#2444 = CARTESIAN_POINT ( 'NONE',  ( -0.4499999999999994005, 14.94797744711659249, 0.2000000000000017597 ) ) ;
#2445 = CARTESIAN_POINT ( 'NONE',  ( -10.14083713776034479, 4.130523736148147940, -0.1605756009921635863 ) ) ;
#2446 = CARTESIAN_POINT ( 'NONE',  ( 1.741405200697620170, 3.886657980002566681, 10.17105840447891829 ) ) ;
#2447 = AXIS2_PLACEMENT_3D ( 'NONE', #5863, #3769, #907 ) ;
#2448 = FILL_AREA_STYLE_COLOUR ( '', #1424 ) ;
#2449 = AXIS2_PLACEMENT_3D ( 'NONE', #2450, #4902, #5408 ) ;
#2450 = CARTESIAN_POINT ( 'NONE',  ( 1.793784868970555113, 3.942201131231982902, 10.28785918586287096 ) ) ;
#2451 = CARTESIAN_POINT ( 'NONE',  ( -9.821627954957648399, 13.89599898141092460, -3.175205771286183865 ) ) ;
#2452 = DIRECTION ( 'NONE',  ( -0.000000000000000000, 0.000000000000000000, 1.000000000000000000 ) ) ;
#2453 = ADVANCED_FACE ( 'NONE', ( #2284 ), #222, .F. ) ;
#2454 = CARTESIAN_POINT ( 'NONE',  ( 6.993055993805313619, 4.449008459294701012, -6.819573354988642144 ) ) ;
#2455 = ADVANCED_FACE ( 'NONE', ( #5082 ), #5737, .T. ) ;
#2456 = CARTESIAN_POINT ( 'NONE',  ( 1.221653845684953055, 4.393311592425844125, -9.738772911541932586 ) ) ;
#2457 = CARTESIAN_POINT ( 'NONE',  ( -0.3050316921935661285, 14.18799570570561563, 9.478008575419368142 ) ) ;
#2458 = CARTESIAN_POINT ( 'NONE',  ( 7.561834999605695273, 3.756969513007718753, 7.283532563976659269 ) ) ;
#2459 = B_SPLINE_CURVE_WITH_KNOTS ( 'NONE', 3,
 ( #631, #2554, #3621, #1138, #3550, #2619, #3067, #5032, #4520, #4589, #694, #2137, #3979, #138, #2013, #3490, #3011, #4976, #2043, #104, #1598, #5517, #1106, #4558, #6124, #784, #4235, #4754, #2710, #1784, #1815, #1724, #4655, #6185, #1696, #6094, #4688, #3191, #238, #5232, #5162, #2741, #3745, #1337, #2167, #4624, #2200, #4719, #5717, #3685, #5652, #1303, #271, #4168, #1237, #205 ),
 .UNSPECIFIED., .F., .F.,
 ( 4, 2, 2, 2, 2, 2, 2, 2, 2, 2, 2, 2, 2, 2, 2, 2, 2, 2, 2, 2, 2, 2, 2, 2, 2, 2, 2, 4 ),
 ( 0.01219976816928981106, 0.01264421309196716442, 0.01308865801464451778, 0.01353310293732187114, 0.01397754785999922277, 0.01442199278267657613, 0.01486643770535392949, 0.01575532755070863794, 0.01619977247338599130, 0.01664421739606334466, 0.01708866231874069802, 0.01753310724141805138, 0.01797755216409540474, 0.01842199708677275810, 0.01886644200945011146, 0.01931088693212746482, 0.01975533185480481818, 0.02019977677748217154, 0.02108866662283687826, 0.02197755646819158498, 0.02286644631354628823, 0.02375533615890099842, 0.02419978108157835178, 0.02464422600425570514, 0.02508867092693305850, 0.02553311584961041186, 0.02597756077228776522, 0.02642200569496511858 ),
 .UNSPECIFIED. ) ;
#2460 = B_SPLINE_CURVE_WITH_KNOTS ( 'NONE', 3,
 ( #1083, #2474, #3013, #3040, #4951, #3491, #571 ),
 .UNSPECIFIED., .F., .F.,
 ( 4, 3, 4 ),
 ( 6.290464712363562187E-05, 0.005562355921958306304, 0.01004541243954289696 ),
 .UNSPECIFIED. ) ;
#2461 = CARTESIAN_POINT ( 'NONE',  ( -0.1221151236226691028, 3.015722044032508542, 10.90669857675855958 ) ) ;
#2462 = CARTESIAN_POINT ( 'NONE',  ( -0.2994988943622131639, 14.06998669572198146, 9.310621501964174485 ) ) ;
#2463 = EDGE_CURVE ( 'NONE', #665, #3271, #3675, .T. ) ;
#2464 = ORIENTED_EDGE ( 'NONE', *, *, #5510, .F. ) ;
#2465 = CARTESIAN_POINT ( 'NONE',  ( 1.674827758734690919, 8.408662932361284703, -9.702900735762280959 ) ) ;
#2466 = CARTESIAN_POINT ( 'NONE',  ( 2.861436956863310677, 7.124157221391990369, -9.864821354022836886 ) ) ;
#2467 = UNCERTAINTY_MEASURE_WITH_UNIT (LENGTH_MEASURE( 1.000000000000000082E-05 ), #5846, 'distance_accuracy_value', 'NONE');
#2468 =( GEOMETRIC_REPRESENTATION_CONTEXT ( 3 ) GLOBAL_UNCERTAINTY_ASSIGNED_CONTEXT ( ( #5423 ) ) GLOBAL_UNIT_ASSIGNED_CONTEXT ( ( #2073, #4562, #4049 ) ) REPRESENTATION_CONTEXT ( 'NONE', 'WORKASPACE' ) );
#2469 = FILL_AREA_STYLE_COLOUR ( '', #6286 ) ;
#2470 = CARTESIAN_POINT ( 'NONE',  ( 6.796857517480111355, 14.05996167711252554, -6.656555871296638394 ) ) ;
#2471 = EDGE_LOOP ( 'NONE', ( #817, #144, #2738, #269, #4755 ) ) ;
#2472 = CARTESIAN_POINT ( 'NONE',  ( -9.364707005022930630, 2.932362137233352595, 2.712417960367232261 ) ) ;
#2473 = CARTESIAN_POINT ( 'NONE',  ( -1.659063915805393696, 13.92087438204728223, 10.01531547227525110 ) ) ;
#2474 = CARTESIAN_POINT ( 'NONE',  ( -1.710733012150860155, 5.772828836965936183, 10.15209851498022253 ) ) ;
#2475 = VERTEX_POINT ( 'NONE', #2663 ) ;
#2476 = CIRCLE ( 'NONE', #3389, 0.2540000000000000036 ) ;
#2477 = CARTESIAN_POINT ( 'NONE',  ( -3.169124865098247521E-16, 9.150000000000005684, -4.385669324720177897 ) ) ;
#2478 = APPLICATION_CONTEXT ( 'automotive_design' ) ;
#2479 = ORIENTED_EDGE ( 'NONE', *, *, #5950, .F. ) ;
#2480 = DIRECTION ( 'NONE',  ( 0.000000000000000000, 0.000000000000000000, -1.000000000000000000 ) ) ;
#2481 = CARTESIAN_POINT ( 'NONE',  ( 2.863543659520437767, 5.743678914092771315, -9.889498326243218784 ) ) ;
#2482 = SURFACE_SIDE_STYLE ('',( #4378 ) ) ;
#2483 = AXIS2_PLACEMENT_3D ( 'NONE', #577, #1573, #3527 ) ;
#2484 = CARTESIAN_POINT ( 'NONE',  ( 0.5411055080209794532, 2.339537975491118971, 11.75923894227086919 ) ) ;
#2485 = CARTESIAN_POINT ( 'NONE',  ( -3.645103278737234387, 10.55301945947499576, -9.719459921865004404 ) ) ;
#2486 = DIRECTION ( 'NONE',  ( 3.430248998885766964E-15, -1.000000000000000000, -0.000000000000000000 ) ) ;
#2487 = CARTESIAN_POINT ( 'NONE',  ( 0.9805867914590042922, 4.435073401107976210, -9.724320734639995578 ) ) ;
#2488 = CARTESIAN_POINT ( 'NONE',  ( -3.566721360858144507, 14.14193358903626851, -9.460982511558816199 ) ) ;
#2489 = CARTESIAN_POINT ( 'NONE',  ( -10.21359120999634129, 9.409385675873233268, -0.6001462194593819577 ) ) ;
#2490 = ADVANCED_FACE ( 'NONE', ( #5180 ), #4890, .F. ) ;
#2491 = CARTESIAN_POINT ( 'NONE',  ( -6.795865183208199767, 13.92087586570314528, 7.541554589566735523 ) ) ;
#2492 = CARTESIAN_POINT ( 'NONE',  ( -3.277140034259696133, 14.02536218371655430, 9.003539062599973164 ) ) ;
#2493 = CARTESIAN_POINT ( 'NONE',  ( 0.2656442888416723491, 14.99942679981152871, -0.05004152657472084320 ) ) ;
#2494 = ORIENTED_EDGE ( 'NONE', *, *, #3318, .T. ) ;
#2495 = CARTESIAN_POINT ( 'NONE',  ( 1.843349828829178749, 8.197258755937202324, -9.721715571647463250 ) ) ;
#2496 = ADVANCED_FACE ( 'NONE', ( #4499 ), #1560, .F. ) ;
#2497 = CARTESIAN_POINT ( 'NONE',  ( 0.5371050599815108129, 2.287006849352297255, 11.90660979012110587 ) ) ;
#2498 = CARTESIAN_POINT ( 'NONE',  ( 9.544239976951864435, 3.939984672651938080, -3.945138075116883858 ) ) ;
#2499 = ORIENTED_EDGE ( 'NONE', *, *, #4705, .F. ) ;
#2500 = CARTESIAN_POINT ( 'NONE',  ( 6.795318763543983565, 13.98186169377198951, 7.540615431751775510 ) ) ;
#2501 = AXIS2_PLACEMENT_3D ( 'NONE', #197, #6150, #3680 ) ;
#2502 = CARTESIAN_POINT ( 'NONE',  ( -5.326284996444115905, 10.55301036472816278, -8.909846830483125757 ) ) ;
#2503 = ORIENTED_EDGE ( 'NONE', *, *, #454, .F. ) ;
#2504 = PRESENTATION_STYLE_ASSIGNMENT (( #4523 ) ) ;
#2505 = ORIENTED_EDGE ( 'NONE', *, *, #5328, .F. ) ;
#2506 = CARTESIAN_POINT ( 'NONE',  ( -0.2542144364468658102, 14.79940119952760291, 0.09983361814503585729 ) ) ;
#2507 = CARTESIAN_POINT ( 'NONE',  ( 2.860752198622801501, 7.547373101040475873, -9.857255630314471162 ) ) ;
#2508 = ORIENTED_EDGE ( 'NONE', *, *, #4099, .T. ) ;
#2509 = CARTESIAN_POINT ( 'NONE',  ( 9.261228997311164335, 4.357486224320537005, 3.356979923905356600 ) ) ;
#2510 = CARTESIAN_POINT ( 'NONE',  ( -0.05994237577156306257, 2.021019967252718708, 12.09037231525824652 ) ) ;
#2511 = CARTESIAN_POINT ( 'NONE',  ( -3.270277786292137723, 3.697164847801920118, -9.986235265279878703 ) ) ;
#2512 = CARTESIAN_POINT ( 'NONE',  ( 2.177283266963825348, 7.486150316965815676, -9.589663678899560395 ) ) ;
#2513 = CARTESIAN_POINT ( 'NONE',  ( -9.885277992763530364, 3.705625223546337388, -3.551458712020907793 ) ) ;
#2514 = CARTESIAN_POINT ( 'NONE',  ( -2.414585614987820428, 4.129887408109624403, -9.851097848858666239 ) ) ;
#2515 = FACE_OUTER_BOUND ( 'NONE', #386, .T. ) ;
#2516 = CIRCLE ( 'NONE', #2318, 0.1269999999999995577 ) ;
#2517 = CARTESIAN_POINT ( 'NONE',  ( 0.000000000000000000, 12.59999999999994458, 0.000000000000000000 ) ) ;
#2518 = CARTESIAN_POINT ( 'NONE',  ( -1.271135707741128398E-14, 3.705665997290550795, 0.000000000000000000 ) ) ;
#2519 = CARTESIAN_POINT ( 'NONE',  ( 1.222602313672982698E-17, 14.79991666684085239, 0.09983305509181962523 ) ) ;
#2520 = CARTESIAN_POINT ( 'NONE',  ( 0.3308686878082808258, 14.99911880786456031, -0.02294652118306208383 ) ) ;
#2521 = CARTESIAN_POINT ( 'NONE',  ( 1.616216681032256908, 5.329768882481157100, -9.566396380015802947 ) ) ;
#2522 = VERTEX_POINT ( 'NONE', #4410 ) ;
#2523 = CARTESIAN_POINT ( 'NONE',  ( 1.495230374302195742, 8.838092389488164002, -9.681182949827503492 ) ) ;
#2524 = CARTESIAN_POINT ( 'NONE',  ( -9.592626491460974236, 13.90470501656799662, -3.661712248766720190 ) ) ;
#2525 = CARTESIAN_POINT ( 'NONE',  ( 6.582760406347158977, 4.340668482509076220, -7.424261679542503600 ) ) ;
#2526 = ORIENTED_EDGE ( 'NONE', *, *, #1048, .F. ) ;
#2527 = DIRECTION ( 'NONE',  ( -0.000000000000000000, 0.000000000000000000, 1.000000000000000000 ) ) ;
#2528 = CARTESIAN_POINT ( 'NONE',  ( -5.768571123346042384, 3.697134351060273438, -8.783121359411170559 ) ) ;
#2529 = EDGE_CURVE ( 'NONE', #5699, #4587, #3776, .T. ) ;
#2530 = ORIENTED_EDGE ( 'NONE', *, *, #5720, .F. ) ;
#2531 = EDGE_CURVE ( 'NONE', #2742, #3514, #1721, .T. ) ;
#2532 = CARTESIAN_POINT ( 'NONE',  ( -8.603097773676168458, 14.10646180263991312, 5.697121199729198615 ) ) ;
#2533 = ORIENTED_EDGE ( 'NONE', *, *, #1978, .F. ) ;
#2534 = CARTESIAN_POINT ( 'NONE',  ( -0.2000000000002107869, 14.89958263627554125, -4.727392522579920708E-13 ) ) ;
#2535 = CARTESIAN_POINT ( 'NONE',  ( -1.911467760928205140, 4.186525596138830352, -9.837566186448455596 ) ) ;
#2536 = CARTESIAN_POINT ( 'NONE',  ( -8.717244298947980141, 4.252722928419525594, -4.808797093043437165 ) ) ;
#2537 = B_SPLINE_CURVE_WITH_KNOTS ( 'NONE', 3,
 ( #1910, #1264, #6181, #1778, #3740, #1300 ),
 .UNSPECIFIED., .F., .F.,
 ( 4, 2, 4 ),
 ( 0.000000000000000000, 0.0003992262146257704735, 0.0007984524292515409469 ),
 .UNSPECIFIED. ) ;
#2538 = ADVANCED_FACE ( 'NONE', ( #3928 ), #1421, .F. ) ;
#2539 = CARTESIAN_POINT ( 'NONE',  ( 6.865433900379649401, 3.852387264938372358, 7.749593400256166831 ) ) ;
#2540 = CARTESIAN_POINT ( 'NONE',  ( -0.1351531779670954447, 2.044388204680317234, 12.16069177644541810 ) ) ;
#2541 = CARTESIAN_POINT ( 'NONE',  ( 6.961306167563934721, 14.15242999199297991, 7.248651337347377321 ) ) ;
#2542 = CARTESIAN_POINT ( 'NONE',  ( -0.2001668056716573996, 14.99964524126820287, -0.05004170141903326041 ) ) ;
#2543 = UNCERTAINTY_MEASURE_WITH_UNIT (LENGTH_MEASURE( 1.000000000000000082E-05 ), #6256, 'distance_accuracy_value', 'NONE');
#2544 = CARTESIAN_POINT ( 'NONE',  ( 9.462521394671378872, 9.409385676063294568, -3.890798084402638413 ) ) ;
#2545 = CARTESIAN_POINT ( 'NONE',  ( -10.13337744111114702, 13.92087586574929681, -0.6111389737622880958 ) ) ;
#2546 = CARTESIAN_POINT ( 'NONE',  ( 0.2000000000000004552, 14.15750163757763325, 9.400000000000000355 ) ) ;
#2547 = CARTESIAN_POINT ( 'NONE',  ( -5.437429816094971002, 3.669383407414238629, -9.024832841043197718 ) ) ;
#2548 = CARTESIAN_POINT ( 'NONE',  ( 10.03381764909513407, 14.14406121269055561, -1.146834940546082926 ) ) ;
#2549 = DIRECTION ( 'NONE',  ( 1.000000000000000000, 0.000000000000000000, -1.906289534040448226E-16 ) ) ;
#2550 = CARTESIAN_POINT ( 'NONE',  ( 1.375882011768236213, 8.685511667289226523, -9.674769747002192943 ) ) ;
#2551 = CARTESIAN_POINT ( 'NONE',  ( 2.854272124596444193, 18.50825034998013763, 9.173947354509680352 ) ) ;
#2552 = ORIENTED_EDGE ( 'NONE', *, *, #5123, .F. ) ;
#2553 = CARTESIAN_POINT ( 'NONE',  ( -9.761123822673539507, 2.859994965002907286, 1.087785680086264639 ) ) ;
#2554 = CARTESIAN_POINT ( 'NONE',  ( 0.7410228474996751746, 4.565964880655082325, -9.712490005045543384 ) ) ;
#2555 =( NAMED_UNIT ( * ) PLANE_ANGLE_UNIT ( ) SI_UNIT ( $, .RADIAN. ) );
#2556 = ORIENTED_EDGE ( 'NONE', *, *, #881, .F. ) ;
#2557 = CARTESIAN_POINT ( 'NONE',  ( -5.898856751291233991, 9.409385675826213102, -8.359492204687153816 ) ) ;
#2558 = CIRCLE ( 'NONE', #4211, 10.11096886307257492 ) ;
#2559 = EDGE_LOOP ( 'NONE', ( #723, #3399, #5944, #18 ) ) ;
#2560 = ADVANCED_FACE ( 'NONE', ( #3495 ), #1822, .T. ) ;
#2561 = EDGE_CURVE ( 'NONE', #3044, #5179, #5533, .T. ) ;
#2562 = DIRECTION ( 'NONE',  ( 1.000000000000000000, 1.715124499442883482E-15, 0.000000000000000000 ) ) ;
#2563 = CARTESIAN_POINT ( 'NONE',  ( 5.883965459345904314, 10.55301949568480957, -8.345387710326043873 ) ) ;
#2564 = CARTESIAN_POINT ( 'NONE',  ( -9.732986777089045916, 4.399048105921957941, 1.223557766719174156 ) ) ;
#2565 = CIRCLE ( 'NONE', #3907, 59.99997913189734788 ) ;
#2566 = CARTESIAN_POINT ( 'NONE',  ( 6.205920248916987347, 4.076122564174339935, -8.016401139837265433 ) ) ;
#2567 = EDGE_LOOP ( 'NONE', ( #4406, #4489, #708, #109 ) ) ;
#2568 = CARTESIAN_POINT ( 'NONE',  ( -0.4718561231046721205, 2.200978289092586415, 11.99585719317302335 ) ) ;
#2569 = ADVANCED_FACE ( 'NONE', ( #1639 ), #6191, .T. ) ;
#2570 = CARTESIAN_POINT ( 'NONE',  ( 0.3864761264468115076, 14.05677632330896110, 9.391626691053234666 ) ) ;
#2571 = CARTESIAN_POINT ( 'NONE',  ( -7.114826731827386119, 3.774516735430765380, 7.631693645342621402 ) ) ;
#2572 = CARTESIAN_POINT ( 'NONE',  ( -0.4503753127606332507, 14.99797576025013512, 0.2001668056713946098 ) ) ;
#2573 = DIRECTION ( 'NONE',  ( 0.000000000000000000, -0.000000000000000000, -1.000000000000000000 ) ) ;
#2574 = CARTESIAN_POINT ( 'NONE',  ( 2.850607715618646676, 13.98186336900611160, -9.742231055426888275 ) ) ;
#2575 = AXIS2_PLACEMENT_3D ( 'NONE', #6304, #6270, #1325 ) ;
#2576 = CARTESIAN_POINT ( 'NONE',  ( -0.3315659214136396082, 14.23736016927876058, 9.530452761998702726 ) ) ;
#2577 = DIRECTION ( 'NONE',  ( -0.000000000000000000, -1.000000000000000000, -0.000000000000000000 ) ) ;
#2578 = AXIS2_PLACEMENT_3D ( 'NONE', #3773, #2225, #1846 ) ;
#2579 = CARTESIAN_POINT ( 'NONE',  ( -7.429649078458430367, 4.556959065059667857, -6.239676377509542959 ) ) ;
#2580 = CARTESIAN_POINT ( 'NONE',  ( -5.696068846445808909, 14.11644886963405021, -8.538927266828242324 ) ) ;
#2581 = CARTESIAN_POINT ( 'NONE',  ( 9.274573873900777699, 18.09583820568685653, -3.849781667588946465 ) ) ;
#2582 =( BOUNDED_SURFACE ( )  B_SPLINE_SURFACE ( 3, 2, ( 
 ( #1716, #5507, #4096 ),
 ( #5125, #3122, #5093 ),
 ( #131, #4581, #3612 ),
 ( #2094, #1654, #2194 ) ),
 .UNSPECIFIED., .F., .F., .T. ) 
 B_SPLINE_SURFACE_WITH_KNOTS ( ( 4, 4 ),
 ( 3, 3 ),
 ( 0.000000000000000000, 0.0006708533581026925822 ),
 ( 0.000000000000000000, 1.000000000000000000 ),
 .UNSPECIFIED. ) 
 GEOMETRIC_REPRESENTATION_ITEM ( )  RATIONAL_B_SPLINE_SURFACE ( (
 ( 1.000000000000000000, 0.7639881486071082861, 1.000000000000000000),
 ( 1.000000000000000000, 0.7681424318438587751, 1.000000000000000000),
 ( 1.000000000000000000, 0.7702057175165775149, 1.000000000000000000),
 ( 1.000000000000000000, 0.7699653562337719359, 1.000000000000000000) ) ) 
 REPRESENTATION_ITEM ( '' )  SURFACE ( )  );
#2583 = CARTESIAN_POINT ( 'NONE',  ( 1.266670123782759338, 17.85361810297424867, 10.20347782786156543 ) ) ;
#2584 = EDGE_LOOP ( 'NONE', ( #5581, #4884, #5462, #3863 ) ) ;
#2585 = CARTESIAN_POINT ( 'NONE',  ( -8.922197723084380527, 10.55301949564190700, 4.965977583958198771 ) ) ;
#2586 = CARTESIAN_POINT ( 'NONE',  ( 10.22568368987572995, 4.035402914225826976, -0.3732573564487007833 ) ) ;
#2587 = ORIENTED_EDGE ( 'NONE', *, *, #4157, .F. ) ;
#2588 = CARTESIAN_POINT ( 'NONE',  ( -8.859763843584946841, 14.13480330066581736, 4.962422865154389129 ) ) ;
#2589 = ORIENTED_EDGE ( 'NONE', *, *, #6144, .F. ) ;
#2590 = EDGE_LOOP ( 'NONE', ( #5919, #739, #2918, #1861 ) ) ;
#2591 = FACE_OUTER_BOUND ( 'NONE', #3112, .T. ) ;
#2592 = AXIS2_PLACEMENT_3D ( 'NONE', #3255, #1883, #5749 ) ;
#2593 = CARTESIAN_POINT ( 'NONE',  ( 0.2028406213850658391, 2.953545055726397361, 10.96755666060732182 ) ) ;
#2594 = CARTESIAN_POINT ( 'NONE',  ( -6.886854090788605554, 4.357257229112621921, -7.043822284367758257 ) ) ;
#2595 = ORIENTED_EDGE ( 'NONE', *, *, #4672, .F. ) ;
#2596 = CARTESIAN_POINT ( 'NONE',  ( 9.035169442231502757, 3.939984671706192820, 5.002233934739622079 ) ) ;
#2597 = EDGE_CURVE ( 'NONE', #1418, #2072, #3311, .T. ) ;
#2598 = CIRCLE ( 'NONE', #2699, 59.05907871595265846 ) ;
#2599 = ORIENTED_EDGE ( 'NONE', *, *, #3034, .F. ) ;
#2600 = CARTESIAN_POINT ( 'NONE',  ( -2.866691831187503592, 3.695334435540454265, -9.926120553623922760 ) ) ;
#2601 = FACE_OUTER_BOUND ( 'NONE', #2081, .T. ) ;
#2602 = CARTESIAN_POINT ( 'NONE',  ( -0.6010574585974149953, 2.527355057132456118, 11.58245216638347763 ) ) ;
#2603 = CARTESIAN_POINT ( 'NONE',  ( -0.9716580509453796033, 4.449008463673768787, -9.719325769962994244 ) ) ;
#2604 = EDGE_CURVE ( 'NONE', #797, #3492, #3221, .T. ) ;
#2605 = FACE_OUTER_BOUND ( 'NONE', #5112, .T. ) ;
#2606 = EDGE_CURVE ( 'NONE', #1210, #5589, #1006, .T. ) ;
#2607 = DIRECTION ( 'NONE',  ( 0.000000000000000000, 0.000000000000000000, -1.000000000000000000 ) ) ;
#2608 = DIRECTION ( 'NONE',  ( -0.7202368969927650522, 0.000000000000000000, 0.6937281976467680744 ) ) ;
#2609 = B_SPLINE_CURVE_WITH_KNOTS ( 'NONE', 3,
 ( #3215, #5219, #4646, #193, #3182, #3677 ),
 .UNSPECIFIED., .F., .F.,
 ( 4, 2, 4 ),
 ( 0.000000000000000000, 0.0004385534992109753468, 0.0008771069984219506937 ),
 .UNSPECIFIED. ) ;
#2610 = CIRCLE ( 'NONE', #3436, 59.79924999738707925 ) ;
#2611 = CARTESIAN_POINT ( 'NONE',  ( -0.1999999999999994005, 14.18411949163390595, 9.549999999999997158 ) ) ;
#2612 = CARTESIAN_POINT ( 'NONE',  ( -1.696664731962471917, 5.416063748719720294, -9.572769864024575526 ) ) ;
#2613 = AXIS2_PLACEMENT_3D ( 'NONE', #4729, #3757, #1830 ) ;
#2614 = PRODUCT_DEFINITION_FORMATION_WITH_SPECIFIED_SOURCE ( 'ANY', '', #486, .NOT_KNOWN. ) ;
#2615 = CARTESIAN_POINT ( 'NONE',  ( 5.808162230240865753, 2.150910931635109158, -8.776161313828682253 ) ) ;
#2616 = CARTESIAN_POINT ( 'NONE',  ( 0.2108398928361277513, 14.79954602466067826, 0.09983305509181954196 ) ) ;
#2617 = ORIENTED_EDGE ( 'NONE', *, *, #5841, .F. ) ;
#2618 = CARTESIAN_POINT ( 'NONE',  ( -5.644697277988059980, 14.16691622594742306, -8.210567395228764553 ) ) ;
#2619 = CARTESIAN_POINT ( 'NONE',  ( 1.513690352194910771, 4.983594458113175918, -9.750027307871942384 ) ) ;
#2620 = CARTESIAN_POINT ( 'NONE',  ( 3.240149305745736452, 2.150915556516569627, -10.01285108592792028 ) ) ;
#2621 = VERTEX_POINT ( 'NONE', #5590 ) ;
#2622 = CARTESIAN_POINT ( 'NONE',  ( -8.648132537521560081, 14.16691473700008963, 4.948333468757233788 ) ) ;
#2623 = ORIENTED_EDGE ( 'NONE', *, *, #1905, .T. ) ;
#2624 = EDGE_LOOP ( 'NONE', ( #3139, #1633, #4855, #2016 ) ) ;
#2625 = CARTESIAN_POINT ( 'NONE',  ( 9.547892858845278496, 3.695303822352110412, -3.947572604706078625 ) ) ;
#2626 = DIRECTION ( 'NONE',  ( -1.908032556012690373E-16, 6.250389112397969467E-15, -1.000000000000000000 ) ) ;
#2627 = CARTESIAN_POINT ( 'NONE',  ( 9.153207481083766694, 18.65366110482926842, 2.378718958823908380 ) ) ;
#2628 = ORIENTED_EDGE ( 'NONE', *, *, #6067, .F. ) ;
#2629 = CARTESIAN_POINT ( 'NONE',  ( 9.350695770738667534, 4.542803839248832354, 2.641527264340758130 ) ) ;
#2630 = ORIENTED_EDGE ( 'NONE', *, *, #3439, .F. ) ;
#2631 = CARTESIAN_POINT ( 'NONE',  ( 0.3813889863722850770, 2.837860062660363170, 11.07902569062462561 ) ) ;
#2632 = CARTESIAN_POINT ( 'NONE',  ( 10.22510411767312277, 13.98186165599619102, -1.400933640411323289 ) ) ;
#2633 = CARTESIAN_POINT ( 'NONE',  ( -0.3784886199080000346, 14.99877355208488261, 0.09575989064750355106 ) ) ;
#2634 = CARTESIAN_POINT ( 'NONE',  ( -2.398146800514493027, 4.076122563709645874, -9.850128187207266350 ) ) ;
#2635 = TOROIDAL_SURFACE ( 'NONE', #5418, 10.06816576155229370, 0.2540000000000000036 ) ;
#2636 = CARTESIAN_POINT ( 'NONE',  ( 4.898447697415489799, 14.30659557966364659, 7.906166109904898320 ) ) ;
#2637 = CARTESIAN_POINT ( 'NONE',  ( -8.783585782545076270, 3.756969513006662265, 5.751505539635979325 ) ) ;
#2638 = B_SPLINE_CURVE_WITH_KNOTS ( 'NONE', 3,
 ( #2477, #1513, #77, #3983, #17, #1540, #2017, #1601, #993, #3493, #2105, #4016, #5492, #4440, #5460, #4079 ),
 .UNSPECIFIED., .F., .F.,
 ( 4, 2, 2, 2, 2, 2, 2, 4 ),
 ( 0.005307744233487267371, 0.005754559728726160381, 0.006201375223965053390, 0.007095006214442836807, 0.007541821709681730684, 0.007988637204920623694, 0.008435452700159516704, 0.008882268195398409713 ),
 .UNSPECIFIED. ) ;
#2639 = ADVANCED_FACE ( 'NONE', ( #4664 ), #2944, .T. ) ;
#2640 = B_SPLINE_CURVE_WITH_KNOTS ( 'NONE', 3,
 ( #3421, #982, #5933, #2547 ),
 .UNSPECIFIED., .F., .F.,
 ( 4, 4 ),
 ( 0.000000000000000000, 0.0008791099590411409785 ),
 .UNSPECIFIED. ) ;
#2641 = ADVANCED_FACE ( 'NONE', ( #2591 ), #1136, .T. ) ;
#2642 = CARTESIAN_POINT ( 'NONE',  ( 0.4680707143724642250, 2.220131508604644033, 11.88205570696943525 ) ) ;
#2643 =( GEOMETRIC_REPRESENTATION_CONTEXT ( 3 ) GLOBAL_UNCERTAINTY_ASSIGNED_CONTEXT ( ( #4543 ) ) GLOBAL_UNIT_ASSIGNED_CONTEXT ( ( #1411, #2274, #923 ) ) REPRESENTATION_CONTEXT ( 'NONE', 'WORKASPACE' ) );
#2644 = CARTESIAN_POINT ( 'NONE',  ( -0.8850793801295109287, 4.603055174788187820, -9.716261948646806701 ) ) ;
#2645 = MECHANICAL_DESIGN_GEOMETRIC_PRESENTATION_REPRESENTATION (  '', ( #5221 ), #591 ) ;
#2646 = CARTESIAN_POINT ( 'NONE',  ( -7.561842441819396576, 3.756969513006664929, 7.283524837390905837 ) ) ;
#2647 = EDGE_CURVE ( 'NONE', #72, #5524, #286, .T. ) ;
#2648 = CARTESIAN_POINT ( 'NONE',  ( 0.2707566024798642723, 14.79924961610905321, 0.1286898161104467753 ) ) ;
#2649 = ORIENTED_EDGE ( 'NONE', *, *, #1001, .F. ) ;
#2650 = CARTESIAN_POINT ( 'NONE',  ( -8.890207454603476833, 12.42676282742597493, 4.955607012843872283 ) ) ;
#2651 = CARTESIAN_POINT ( 'NONE',  ( 1.111541617775822832, 2.859994441938612297, -9.758447155129896800 ) ) ;
#2652 = CARTESIAN_POINT ( 'NONE',  ( -8.630505921194005836, 14.15048065420654844, 5.175640560471377327 ) ) ;
#2653 = VERTEX_POINT ( 'NONE', #6258 ) ;
#2654 = CARTESIAN_POINT ( 'NONE',  ( 8.556344130303555673, 14.14193359095397717, 5.391933554466482370 ) ) ;
#2655 = CARTESIAN_POINT ( 'NONE',  ( -0.2044054991256419040, 4.517755712856079242, -9.705865983924871543 ) ) ;
#2656 = CARTESIAN_POINT ( 'NONE',  ( -1.130856969435048764, 3.669383407414268827, 10.47646869313760298 ) ) ;
#2657 = VERTEX_POINT ( 'NONE', #5236 ) ;
#2658 = CARTESIAN_POINT ( 'NONE',  ( -0.1999999999999997335, 14.18411949163389707, 9.500000000000000000 ) ) ;
#2659 = DIRECTION ( 'NONE',  ( 0.4002832186202889275, 0.9163914801497131668, 0.000000000000000000 ) ) ;
#2660 = ORIENTED_EDGE ( 'NONE', *, *, #4672, .T. ) ;
#2661 = CARTESIAN_POINT ( 'NONE',  ( 10.14140610449856972, 4.129887408231891044, -0.1619714191689803628 ) ) ;
#2662 = EDGE_LOOP ( 'NONE', ( #3343, #2878, #641, #424, #184, #3927 ) ) ;
#2663 = CARTESIAN_POINT ( 'NONE',  ( 0.9797573747282238843, 3.756969513007422101, 10.45328994424441404 ) ) ;
#2664 = FACE_OUTER_BOUND ( 'NONE', #2584, .T. ) ;
#2665 = CARTESIAN_POINT ( 'NONE',  ( 6.027592150641011060, 3.852387265455593734, -8.417749899147468184 ) ) ;
#2666 = CARTESIAN_POINT ( 'NONE',  ( -1.516811085725459085, 13.91644146476787824, 9.804933720265596619 ) ) ;
#2667 = CARTESIAN_POINT ( 'NONE',  ( -2.180375261620058918E-14, 3.756969513007696548, 0.000000000000000000 ) ) ;
#2668 = CARTESIAN_POINT ( 'NONE',  ( 6.887347911552355484, 3.939973367885870381, 7.695536940860502995 ) ) ;
#2669 = CARTESIAN_POINT ( 'NONE',  ( -0.3277031371022072759, 2.109909399620633064, 11.99692462417245764 ) ) ;
#2670 = CARTESIAN_POINT ( 'NONE',  ( 4.660810215629691555, 4.469400801780780697, 8.561923684209800101 ) ) ;
#2671 = COLOUR_RGB ( '',1.000000000000000000, 1.000000000000000000, 1.000000000000000000 ) ;
#2672 = CARTESIAN_POINT ( 'NONE',  ( -2.276141457211644070, 6.045206916452523060, -9.806018031697602666 ) ) ;
#2673 = ADVANCED_FACE ( 'NONE', ( #833 ), #2440, .F. ) ;
#2674 = ADVANCED_FACE ( 'NONE', ( #2884 ), #4240, .T. ) ;
#2675 = B_SPLINE_CURVE_WITH_KNOTS ( 'NONE', 3,
 ( #3662, #5662, #766, #3203, #2789, #5727 ),
 .UNSPECIFIED., .F., .F.,
 ( 4, 2, 4 ),
 ( 2.742838647325547832E-18, 0.0004114321561739601443, 0.0008228643123479174697 ),
 .UNSPECIFIED. ) ;
#2676 = CARTESIAN_POINT ( 'NONE',  ( -1.271135707741128398E-14, 13.89599898141124967, 0.000000000000000000 ) ) ;
#2677 = B_SPLINE_CURVE_WITH_KNOTS ( 'NONE', 3,
 ( #2693, #1286, #1216, #5144 ),
 .UNSPECIFIED., .F., .F.,
 ( 4, 4 ),
 ( 0.000000000000000000, 0.0008791099610037008674 ),
 .UNSPECIFIED. ) ;
#2678 = AXIS2_PLACEMENT_3D ( 'NONE', #1173, #1137, #3100 ) ;
#2679 = ORIENTED_EDGE ( 'NONE', *, *, #3538, .T. ) ;
#2680 = CARTESIAN_POINT ( 'NONE',  ( -2.850717588750699250, 13.92087438190184656, -9.743328298661147358 ) ) ;
#2681 = SURFACE_STYLE_FILL_AREA ( #5132 ) ;
#2682 = FACE_OUTER_BOUND ( 'NONE', #4243, .T. ) ;
#2683 = CARTESIAN_POINT ( 'NONE',  ( 10.24606489948196675, 13.89826178181930416, -1.133799029290713190 ) ) ;
#2684 = ADVANCED_FACE ( 'NONE', ( #4276 ), #2635, .T. ) ;
#2685 = CARTESIAN_POINT ( 'NONE',  ( 0.3215206183302272702, 2.107235274219841692, 12.09426638991419445 ) ) ;
#2686 = ORIENTED_EDGE ( 'NONE', *, *, #3081, .F. ) ;
#2687 = B_SPLINE_CURVE_WITH_KNOTS ( 'NONE', 3,
 ( #5454, #2850, #4822, #412, #2369, #2883 ),
 .UNSPECIFIED., .F., .F.,
 ( 4, 2, 4 ),
 ( 8.673617379884035472E-19, 0.0004114321562573870078, 0.0008228643125147731482 ),
 .UNSPECIFIED. ) ;
#2688 = ORIENTED_EDGE ( 'NONE', *, *, #2597, .T. ) ;
#2689 = CARTESIAN_POINT ( 'NONE',  ( -8.783585782545076270, 3.756969513006662265, 5.751505539635979325 ) ) ;
#2690 = CARTESIAN_POINT ( 'NONE',  ( -0.09668800121773034328, 4.650031630493509205, -9.659194184274987549 ) ) ;
#2691 = CARTESIAN_POINT ( 'NONE',  ( -4.900113313327614684, 14.30647375411179212, 7.905613339782060933 ) ) ;
#2692 = CARTESIAN_POINT ( 'NONE',  ( 1.278511955137954459, 3.669383407414272824, 10.46262956006811784 ) ) ;
#2693 = CARTESIAN_POINT ( 'NONE',  ( 9.547949032085734089, 3.852398570225727514, -4.003350558846301865 ) ) ;
#2694 = VERTEX_POINT ( 'NONE', #894 ) ;
#2695 = CARTESIAN_POINT ( 'NONE',  ( 9.352337949684487839, 4.491428936562768648, 2.638060600219604535 ) ) ;
#2696 = SURFACE_STYLE_USAGE ( .BOTH. , #1190 ) ;
#2697 = CARTESIAN_POINT ( 'NONE',  ( -0.2000000000000011491, 13.63511657567311097, 9.299999999999998934 ) ) ;
#2698 = CARTESIAN_POINT ( 'NONE',  ( -0.9797680555444744366, 3.756969513007413219, 10.45328894315615109 ) ) ;
#2699 = AXIS2_PLACEMENT_3D ( 'NONE', #2029, #2573, #1125 ) ;
#2700 = CARTESIAN_POINT ( 'NONE',  ( 5.372504112337077586, 7.136646439224469951, -8.951673456246611593 ) ) ;
#2701 = CARTESIAN_POINT ( 'NONE',  ( -1.250991340390641637, 3.773495035884127269, 10.40945636572490507 ) ) ;
#2702 = CARTESIAN_POINT ( 'NONE',  ( -6.865416122263557241, 3.852398569254999128, 7.749594047728254331 ) ) ;
#2703 = DIRECTION ( 'NONE',  ( 0.000000000000000000, 0.000000000000000000, -1.000000000000000000 ) ) ;
#2704 = CARTESIAN_POINT ( 'NONE',  ( 8.375767977081011395, 4.393311591546794403, -5.116898157352307130 ) ) ;
#2705 = DIRECTION ( 'NONE',  ( 1.000000000000000000, 6.270449305370495173E-13, 0.000000000000000000 ) ) ;
#2706 = CARTESIAN_POINT ( 'NONE',  ( -2.251435961014893739, 6.638631407383755345, -9.615740981477562954 ) ) ;
#2707 = DIRECTION ( 'NONE',  ( 3.430248998885766964E-15, -1.000000000000000000, -0.000000000000000000 ) ) ;
#2708 = VERTEX_POINT ( 'NONE', #1826 ) ;
#2709 = CARTESIAN_POINT ( 'NONE',  ( 6.499538300036200589, 4.186525596447969733, -7.628067865061504804 ) ) ;
#2710 = CARTESIAN_POINT ( 'NONE',  ( 0.5826326668701022893, 9.286367578831299596, -9.624673000912951082 ) ) ;
#2711 = CARTESIAN_POINT ( 'NONE',  ( -8.814689101527370951, 3.669383407413502773, 5.771872040955202898 ) ) ;
#2712 = CARTESIAN_POINT ( 'NONE',  ( -10.22664949251440092, 13.89599898141194245, -1.400695374760454692 ) ) ;
#2713 = DIRECTION ( 'NONE',  ( 1.000000000000000000, 0.000000000000000000, 0.000000000000000000 ) ) ;
#2714 = CARTESIAN_POINT ( 'NONE',  ( -7.567897916331566499, 18.65358787094169202, -5.671688451993669666 ) ) ;
#2715 = CARTESIAN_POINT ( 'NONE',  ( -2.850717588750804943, 13.92087438190181281, -9.743328298661177556 ) ) ;
#2716 = AXIS2_PLACEMENT_3D ( 'NONE', #775, #4288, #4742 ) ;
#2717 = EDGE_CURVE ( 'NONE', #5426, #1184, #622, .T. ) ;
#2718 = CARTESIAN_POINT ( 'NONE',  ( 10.30355830754413127, 3.886646805964701468, -0.5655421202686942150 ) ) ;
#2719 = CARTESIAN_POINT ( 'NONE',  ( 9.938699609312063643, 14.16691473705594895, -0.7060103213211036399 ) ) ;
#2720 = B_SPLINE_CURVE_WITH_KNOTS ( 'NONE', 3,
 ( #2797, #2896, #3865, #5772, #4770, #4865, #1387, #2929, #3836, #3346, #3376, #4894, #4806, #6330, #5339, #3896, #1801, #5310, #457, #2862, #1452, #4832, #3800, #484 ),
 .UNSPECIFIED., .F., .F.,
 ( 4, 2, 2, 2, 2, 2, 2, 2, 2, 2, 2, 4 ),
 ( 0.0003526136945497245845, 0.0007681306572555867676, 0.001183647619961448842, 0.001599164582667311242, 0.001806923064020241141, 0.002014681545373171040, 0.002222440026726100939, 0.002430198508079030838, 0.002637956989431960737, 0.002845715470784890636, 0.003261232433490749566, 0.003676749396196608496 ),
 .UNSPECIFIED. ) ;
#2721 = ADVANCED_FACE ( 'NONE', ( #1858 ), #6243, .F. ) ;
#2722 = CARTESIAN_POINT ( 'NONE',  ( 9.545637255622283490, 2.950871554327835877, 1.891257106580087610 ) ) ;
#2723 = ORIENTED_EDGE ( 'NONE', *, *, #259, .F. ) ;
#2724 = FACE_OUTER_BOUND ( 'NONE', #5277, .T. ) ;
#2725 = ORIENTED_EDGE ( 'NONE', *, *, #5357, .T. ) ;
#2726 = DIRECTION ( 'NONE',  ( 0.8647343380718758299, 0.000000000000000000, 0.5022295536499170598 ) ) ;
#2727 = CARTESIAN_POINT ( 'NONE',  ( 10.34862649367368093, 7.124177037181782524, -1.380848230199677396 ) ) ;
#2728 = CARTESIAN_POINT ( 'NONE',  ( -0.4676238135031320908, 3.129255016309620441, 11.06695218867341524 ) ) ;
#2729 = ADVANCED_FACE ( 'NONE', ( #3822 ), #1803, .T. ) ;
#2730 = CARTESIAN_POINT ( 'NONE',  ( -0.2528217548698611927, 14.89949445243100001, -8.897115493346555160E-13 ) ) ;
#2731 = CARTESIAN_POINT ( 'NONE',  ( -1.618414831045508873, 3.882853097640612372, 10.25469019789062308 ) ) ;
#2732 = CARTESIAN_POINT ( 'NONE',  ( 6.748658946505858403, 14.16691473702655202, 7.330198014049593702 ) ) ;
#2733 = CARTESIAN_POINT ( 'NONE',  ( 2.100184300668996418, 4.130617287687685213, 9.922188702901401314 ) ) ;
#2734 = STYLED_ITEM ( 'NONE', ( #3815 ), #793 ) ;
#2735 = CARTESIAN_POINT ( 'NONE',  ( 7.310484211340563476, 4.469403577464054145, -6.448716162716877420 ) ) ;
#2736 = CARTESIAN_POINT ( 'NONE',  ( 1.335370063619945258, 5.084917868310104616, -9.546003230230214243 ) ) ;
#2737 = CARTESIAN_POINT ( 'NONE',  ( -1.318504314920807552, 13.98371528655500029, 10.24425945829274553 ) ) ;
#2738 = ORIENTED_EDGE ( 'NONE', *, *, #4900, .F. ) ;
#2739 = CARTESIAN_POINT ( 'NONE',  ( -5.823009415479158513, 14.23679851436122945, 7.618331545239599656 ) ) ;
#2740 = AXIS2_PLACEMENT_3D ( 'NONE', #3518, #987, #568 ) ;
#2741 = CARTESIAN_POINT ( 'NONE',  ( -2.442816391225999251, 6.911896782095695357, -9.811118376943978703 ) ) ;
#2742 = VERTEX_POINT ( 'NONE', #1954 ) ;
#2743 = CARTESIAN_POINT ( 'NONE',  ( -2.503952603963602641, 4.274516321612312986, 9.670486726642785413 ) ) ;
#2744 = CARTESIAN_POINT ( 'NONE',  ( 8.664654621299028747, 10.55301036473359844, 5.716506161949991949 ) ) ;
#2745 = AXIS2_PLACEMENT_3D ( 'NONE', #1241, #4793, #2713 ) ;
#2746 = CIRCLE ( 'NONE', #1017, 59.89924874320212211 ) ;
#2747 = DIRECTION ( 'NONE',  ( -1.909595388877091901E-16, 0.000000000000000000, 1.000000000000000000 ) ) ;
#2748 = EDGE_LOOP ( 'NONE', ( #3276, #6071, #67, #5030 ) ) ;
#2749 = CARTESIAN_POINT ( 'NONE',  ( -5.112787876905493079, 4.398893506469880421, 8.372017534199247990 ) ) ;
#2750 = CARTESIAN_POINT ( 'NONE',  ( 0.4503751985569068861, 14.99819615326040534, 0.1341064866168528436 ) ) ;
#2751 = CARTESIAN_POINT ( 'NONE',  ( -0.3965572267700378517, 2.794475579424217759, 11.12136510495117747 ) ) ;
#2752 = ORIENTED_EDGE ( 'NONE', *, *, #5803, .F. ) ;
#2753 = FACE_OUTER_BOUND ( 'NONE', #3581, .T. ) ;
#2754 = DIRECTION ( 'NONE',  ( 0.2972161178868112374, 0.000000000000000000, -0.9548102320714274560 ) ) ;
#2755 = ORIENTED_EDGE ( 'NONE', *, *, #5679, .F. ) ;
#2756 = EDGE_CURVE ( 'NONE', #1470, #2201, #2923, .T. ) ;
#2757 = EDGE_CURVE ( 'NONE', #16, #3955, #1475, .T. ) ;
#2758 = ORIENTED_EDGE ( 'NONE', *, *, #3715, .T. ) ;
#2759 = CARTESIAN_POINT ( 'NONE',  ( -1.963091895622739225, 5.761915810113400482, -3.989945300621476232 ) ) ;
#2760 = FILL_AREA_STYLE ('',( #4252 ) ) ;
#2761 = CARTESIAN_POINT ( 'NONE',  ( 10.13230249098616298, 13.98186169380110577, -0.6112973211115945160 ) ) ;
#2762 = CARTESIAN_POINT ( 'NONE',  ( -0.06868280380154720421, 3.320341956861992294, 10.88532581524472143 ) ) ;
#2763 = CARTESIAN_POINT ( 'NONE',  ( 10.44608188349801736, 3.669383407414302134, -1.375726752296552613 ) ) ;
#2764 = CARTESIAN_POINT ( 'NONE',  ( -10.34862535999729971, 7.124157179987480326, -1.380859355982863690 ) ) ;
#2765 = CIRCLE ( 'NONE', #1646, 59.94997914928744365 ) ;
#2766 = EDGE_CURVE ( 'NONE', #1563, #6033, #4306, .T. ) ;
#2767 = CARTESIAN_POINT ( 'NONE',  ( 6.809487488148215029, 14.13480330069589286, 7.533388095797342032 ) ) ;
#2768 = CARTESIAN_POINT ( 'NONE',  ( 3.328897078555654421, 4.486681183542390094, 9.189457532863659850 ) ) ;
#2769 = B_SPLINE_CURVE_WITH_KNOTS ( 'NONE', 3,
 ( #1074, #2126, #686, #1688, #5614, #1199, #3031, #3158, #2521, #589, #2736, #2226, #779, #1810, #1299, #4681 ),
 .UNSPECIFIED., .F., .F.,
 ( 4, 2, 2, 2, 2, 2, 2, 4 ),
 ( 0.01419098078302454338, 0.01493638763543352066, 0.01530909106163800756, 0.01568179448784249447, 0.01605449791404698137, 0.01642720134025147175, 0.01679990476645595865, 0.01717260819266044555 ),
 .UNSPECIFIED. ) ;
#2770 = CARTESIAN_POINT ( 'NONE',  ( 5.694647251372662922, 14.11625251779499557, -8.541319099784024260 ) ) ;
#2771 = CARTESIAN_POINT ( 'NONE',  ( -10.40922066690136916, 3.756969513007248906, -1.370883029121134244 ) ) ;
#2772 = AXIS2_PLACEMENT_3D ( 'NONE', #5467, #2052, #5979 ) ;
#2773 = CARTESIAN_POINT ( 'NONE',  ( -2.844132994745563359, 18.50563690731370059, 9.179857389000828150 ) ) ;
#2774 = CARTESIAN_POINT ( 'NONE',  ( -5.279224381130530830, 14.10646180264004634, -8.865679398754366503 ) ) ;
#2775 = ORIENTED_EDGE ( 'NONE', *, *, #5203, .F. ) ;
#2776 = CARTESIAN_POINT ( 'NONE',  ( -8.680683766184708716, 13.89609646582198721, 5.586610801736736853 ) ) ;
#2777 = PRESENTATION_STYLE_ASSIGNMENT (( #5193 ) ) ;
#2778 = DIRECTION ( 'NONE',  ( 0.5478100078107990267, 4.651169656884821680E-15, -0.8366027703410576777 ) ) ;
#2779 = ORIENTED_EDGE ( 'NONE', *, *, #6223, .T. ) ;
#2780 = CARTESIAN_POINT ( 'NONE',  ( -9.744912430678805748, 10.55532556802823763, -3.599762356860604307 ) ) ;
#2781 = CARTESIAN_POINT ( 'NONE',  ( -9.579980712266179310, 13.89156607017597977, -3.097084331222673459 ) ) ;
#2782 = CIRCLE ( 'NONE', #5781, 10.49910449380211830 ) ;
#2783 = CARTESIAN_POINT ( 'NONE',  ( -0.2999999999999992117, -45.00000000000000000, -5.718868602121330380E-17 ) ) ;
#2784 = ORIENTED_EDGE ( 'NONE', *, *, #6376, .F. ) ;
#2785 = CARTESIAN_POINT ( 'NONE',  ( 9.496704663817277847, 7.124157221374993298, -3.913454013816400678 ) ) ;
#2786 = CARTESIAN_POINT ( 'NONE',  ( 0.09311742108526488426, 4.649969959368084105, -9.517864075674577151 ) ) ;
#2787 = DIRECTION ( 'NONE',  ( 0.000000000000000000, -0.9999944257241680790, -0.003338940040090199266 ) ) ;
#2788 = VERTEX_POINT ( 'NONE', #4400 ) ;
#2789 = CARTESIAN_POINT ( 'NONE',  ( -8.859752551159107981, 3.756919615067296547, 5.635186743302295298 ) ) ;
#2790 = CARTESIAN_POINT ( 'NONE',  ( -7.354130121473004123E-29, 2.143905624303604560E-14, 0.000000000000000000 ) ) ;
#2791 = ORIENTED_EDGE ( 'NONE', *, *, #2968, .F. ) ;
#2792 = CARTESIAN_POINT ( 'NONE',  ( -5.898477690959363251, 9.438544898428126828, -8.359131504551211123 ) ) ;
#2793 = VERTEX_POINT ( 'NONE', #1507 ) ;
#2794 = CARTESIAN_POINT ( 'NONE',  ( 0.000000000000000000, 2.600000000000046718, 0.000000000000000000 ) ) ;
#2795 = CARTESIAN_POINT ( 'NONE',  ( 0.03381851262557997867, 2.063505702006505071, 12.10092394304450458 ) ) ;
#2796 =( BOUNDED_SURFACE ( )  B_SPLINE_SURFACE ( 3, 2, ( 
 ( #1896, #2822, #962 ),
 ( #5793, #4309, #2377 ),
 ( #4280, #4340, #5728 ),
 ( #2921, #3307, #3827 ) ),
 .UNSPECIFIED., .F., .F., .T. ) 
 B_SPLINE_SURFACE_WITH_KNOTS ( ( 4, 4 ),
 ( 3, 3 ),
 ( 5.421010862427522170E-20, 0.0006708533585027820489 ),
 ( 0.000000000000000000, 1.000000000000000000 ),
 .UNSPECIFIED. ) 
 GEOMETRIC_REPRESENTATION_ITEM ( )  RATIONAL_B_SPLINE_SURFACE ( (
 ( 1.000000000000000000, 0.7639881486001273148, 1.000000000000000000),
 ( 1.000000000000000000, 0.7681424318416392172, 1.000000000000000000),
 ( 1.000000000000000000, 0.7702057175169060299, 1.000000000000000000),
 ( 1.000000000000000000, 0.7699653562337749335, 1.000000000000000000) ) ) 
 REPRESENTATION_ITEM ( '' )  SURFACE ( )  );
#2797 = CARTESIAN_POINT ( 'NONE',  ( -0.5879546903060817176, 2.374893314551368206, 11.81615383924883034 ) ) ;
#2798 = CARTESIAN_POINT ( 'NONE',  ( 0.6329887547935487691, 2.466236655956329571, 11.72245665886808474 ) ) ;
#2799 = EDGE_CURVE ( 'NONE', #415, #3925, #1318, .T. ) ;
#2800 = DIRECTION ( 'NONE',  ( 0.000000000000000000, 0.000000000000000000, -1.000000000000000000 ) ) ;
#2801 = CARTESIAN_POINT ( 'NONE',  ( -7.382874013811820291, 3.669383407413521869, 7.522923728607048055 ) ) ;
#2802 = LINE ( 'NONE', #5674, #1496 ) ;
#2803 = CARTESIAN_POINT ( 'NONE',  ( -9.739842725659045186, 3.749418216605364673, -3.806372190257888199 ) ) ;
#2804 = STYLED_ITEM ( 'NONE', ( #6373 ), #4821 ) ;
#2805 = ADVANCED_FACE ( 'NONE', ( #4488 ), #6281, .T. ) ;
#2806 = CARTESIAN_POINT ( 'NONE',  ( 8.873447550501245118, 4.284774968551565699, -4.583718101872439554 ) ) ;
#2807 = EDGE_CURVE ( 'NONE', #5208, #2973, #4614, .T. ) ;
#2808 = CARTESIAN_POINT ( 'NONE',  ( -6.795865183208212201, 13.92087586570300850, 7.541554589566731970 ) ) ;
#2809 = CARTESIAN_POINT ( 'NONE',  ( -0.9094904080649637290, 13.98186165609541476, 10.28047647143335475 ) ) ;
#2810 = CARTESIAN_POINT ( 'NONE',  ( -8.639349702914953966, 14.15872610221583905, 5.061594100314012579 ) ) ;
#2811 = CARTESIAN_POINT ( 'NONE',  ( -0.5137489991846831972, 2.077456987381778752, 11.83514217757517883 ) ) ;
#2812 = CARTESIAN_POINT ( 'NONE',  ( -0.3132112181990811539, 14.04400959357540657, 9.474349467011363046 ) ) ;
#2813 = EDGE_LOOP ( 'NONE', ( #4108, #4149, #5459, #4594 ) ) ;
#2814 = DIRECTION ( 'NONE',  ( 5.329070518200751394E-15, 0.000000000000000000, -1.000000000000000000 ) ) ;
#2815 = CARTESIAN_POINT ( 'NONE',  ( -0.5556731930363210115, 4.719695594064715394, -9.508894046428105540 ) ) ;
#2816 = LINE ( 'NONE', #3786, #4609 ) ;
#2817 = CARTESIAN_POINT ( 'NONE',  ( -2.748461166829800018, 4.252722927847357504, 9.568742805367531190 ) ) ;
#2818 = ORIENTED_EDGE ( 'NONE', *, *, #5357, .F. ) ;
#2819 = CARTESIAN_POINT ( 'NONE',  ( -9.516890301211756054, 5.772828837392681933, -3.926895807311288511 ) ) ;
#2820 = ORIENTED_EDGE ( 'NONE', *, *, #3956, .T. ) ;
#2821 = CARTESIAN_POINT ( 'NONE',  ( -9.637452524486926464, 3.882853098008993697, -3.859721032817590824 ) ) ;
#2822 = CARTESIAN_POINT ( 'NONE',  ( -10.13547675249610336, 14.13480499336863438, -0.6268707714397827591 ) ) ;
#2823 = EDGE_LOOP ( 'NONE', ( #5535, #3977, #5872, #5 ) ) ;
#2824 = CARTESIAN_POINT ( 'NONE',  ( -1.170801803340848268, 14.10648931882261792, 10.25500217598123776 ) ) ;
#2825 = CIRCLE ( 'NONE', #5296, 59.94831106878658034 ) ;
#2826 = DIRECTION ( 'NONE',  ( -0.000000000000000000, 1.000000000000000000, -0.000000000000000000 ) ) ;
#2827 = CARTESIAN_POINT ( 'NONE',  ( 0.2463112690341572875, 2.055300976591092343, 11.86500243520177200 ) ) ;
#2828 = CARTESIAN_POINT ( 'NONE',  ( -0.2528219956979433358, 14.94942526038654584, -3.735415297391463509E-16 ) ) ;
#2829 = CARTESIAN_POINT ( 'NONE',  ( 0.5597516439268649391, 2.993687366635928271, 11.19801624601119272 ) ) ;
#2830 = CARTESIAN_POINT ( 'NONE',  ( -7.129442095831166171, 3.825714322112018451, 7.622494808104625541 ) ) ;
#2831 =( BOUNDED_SURFACE ( )  B_SPLINE_SURFACE ( 3, 2, ( 
 ( #6279, #5836, #3383 ),
 ( #3327, #1462, #2966 ),
 ( #3417, #1399, #5384 ),
 ( #497, #2456, #4422 ),
 ( #4937, #2487, #5928 ),
 ( #912, #91, #124 ),
 ( #2059, #5474, #4093 ),
 ( #4061, #5504, #191 ),
 ( #1523, #2603, #6018 ),
 ( #4478, #156, #4030 ),
 ( #2514, #2634, #5052 ),
 ( #4989, #1068, #3055 ) ),
 .UNSPECIFIED., .F., .F., .T. ) 
 B_SPLINE_SURFACE_WITH_KNOTS ( ( 4, 2, 2, 2, 2, 4 ),
 ( 3, 3 ),
 ( -5.204170427930421283E-18, 0.001464990606999239066, 0.002197485910498861092, 0.002929981213998483335, 0.004394971820997727388, 0.005859962427996971875 ),
 ( 0.000000000000000000, 1.000000000000000000 ),
 .UNSPECIFIED. ) 
 GEOMETRIC_REPRESENTATION_ITEM ( )  RATIONAL_B_SPLINE_SURFACE ( (
 ( 1.000000000000000000, 0.9101407218992590975, 1.000000000000000000),
 ( 1.000000000000000000, 0.9152134589429887779, 1.000000000000000000),
 ( 1.000000000000000000, 0.9194871958869199613, 1.000000000000000000),
 ( 1.000000000000000000, 0.9239906475939788644, 1.000000000000000000),
 ( 1.000000000000000000, 0.9251722141539638899, 1.000000000000000000),
 ( 1.000000000000000000, 0.9267758961970528064, 1.000000000000000000),
 ( 1.000000000000000000, 0.9271835648407803498, 1.000000000000000000),
 ( 1.000000000000000000, 0.9271844335479777488, 1.000000000000000000),
 ( 1.000000000000000000, 0.9255576593029783972, 1.000000000000000000),
 ( 1.000000000000000000, 0.9195535722911787335, 1.000000000000000000),
 ( 1.000000000000000000, 0.9152044633146800834, 1.000000000000000000),
 ( 1.000000000000000000, 0.9101417911050576626, 1.000000000000000000) ) ) 
 REPRESENTATION_ITEM ( '' )  SURFACE ( )  );
#2832 = FACE_OUTER_BOUND ( 'NONE', #1928, .T. ) ;
#2833 = CARTESIAN_POINT ( 'NONE',  ( 8.430099064083000471, 14.14193358903630404, 5.582572983827947866 ) ) ;
#2834 = CARTESIAN_POINT ( 'NONE',  ( -0.5721281811462426425, 2.712449934580877908, 11.31015045008253317 ) ) ;
#2835 = EDGE_LOOP ( 'NONE', ( #2688, #3367, #2679, #2346 ) ) ;
#2836 = CARTESIAN_POINT ( 'NONE',  ( 7.763201847901482822, 4.469373314213970438, -5.881043333476147161 ) ) ;
#2837 = CARTESIAN_POINT ( 'NONE',  ( 0.000000000000000000, -45.00000000000000000, 9.557964970808997762 ) ) ;
#2838 = LINE ( 'NONE', #1400, #3419 ) ;
#2839 = EDGE_CURVE ( 'NONE', #3237, #1558, #3687, .T. ) ;
#2840 = EDGE_CURVE ( 'NONE', #37, #2982, #5521, .T. ) ;
#2841 = FACE_BOUND ( 'NONE', #6014, .T. ) ;
#2842 = CARTESIAN_POINT ( 'NONE',  ( -0.5948702395102873908, 2.270535662475812178, 11.63780607797169964 ) ) ;
#2843 = SURFACE_SIDE_STYLE ('',( #2681 ) ) ;
#2844 = ORIENTED_EDGE ( 'NONE', *, *, #1747, .F. ) ;
#2845 = CARTESIAN_POINT ( 'NONE',  ( 1.777085364579046534, 5.513153874872137372, -9.762695588554295867 ) ) ;
#2846 = CARTESIAN_POINT ( 'NONE',  ( -0.2999999999999992117, -45.00000000000000000, -5.718868602121330380E-17 ) ) ;
#2847 =( GEOMETRIC_REPRESENTATION_CONTEXT ( 3 ) GLOBAL_UNCERTAINTY_ASSIGNED_CONTEXT ( ( #3295 ) ) GLOBAL_UNIT_ASSIGNED_CONTEXT ( ( #596, #3521, #4462 ) ) REPRESENTATION_CONTEXT ( 'NONE', 'WORKASPACE' ) );
#2848 = AXIS2_PLACEMENT_3D ( 'NONE', #4026, #3086, #3532 ) ;
#2849 = ADVANCED_FACE ( 'NONE', ( #3580 ), #3780, .T. ) ;
#2850 = CARTESIAN_POINT ( 'NONE',  ( -2.991201949520231995, 3.882853096852491692, -9.941360497061863200 ) ) ;
#2851 = ORIENTED_EDGE ( 'NONE', *, *, #1312, .F. ) ;
#2852 = DIRECTION ( 'NONE',  ( 0.000000000000000000, 0.000000000000000000, -1.000000000000000000 ) ) ;
#2853 = EDGE_LOOP ( 'NONE', ( #3696, #3625, #2885, #4969, #1512 ) ) ;
#2854 = CARTESIAN_POINT ( 'NONE',  ( -8.048569278437911478, 14.02536218378954302, -5.198451213645011393 ) ) ;
#2855 = CARTESIAN_POINT ( 'NONE',  ( -0.8876877060730733460, 13.89156607017600997, 10.02895669242721155 ) ) ;
#2856 = CARTESIAN_POINT ( 'NONE',  ( -0.4000000000000013545, 14.17288230262238535, 9.299999999999997158 ) ) ;
#2857 = VERTEX_POINT ( 'NONE', #5514 ) ;
#2858 = DIRECTION ( 'NONE',  ( 0.000000000000000000, 1.000000000000000000, 0.000000000000000000 ) ) ;
#2859 = ORIENTED_EDGE ( 'NONE', *, *, #6299, .F. ) ;
#2860 = CARTESIAN_POINT ( 'NONE',  ( -10.28754352177626252, 10.51632293795187678, -1.390833005142966483 ) ) ;
#2861 = CARTESIAN_POINT ( 'NONE',  ( 0.3673316382957164672, 2.163451113051516383, 11.97627143379959236 ) ) ;
#2862 = CARTESIAN_POINT ( 'NONE',  ( 0.6286812160266660454, 2.853529578327330896, 11.33479023648376405 ) ) ;
#2863 = CARTESIAN_POINT ( 'NONE',  ( 9.736480970200533491, 14.10648961878879071, -3.426114236902845889 ) ) ;
#2864 = CARTESIAN_POINT ( 'NONE',  ( -0.5879546903060817176, 2.374893314551368206, 11.81615383924883034 ) ) ;
#2865 = CARTESIAN_POINT ( 'NONE',  ( -2.544019222826597648, 4.199595323084718501, 9.688372016164766620 ) ) ;
#2866 = DIRECTION ( 'NONE',  ( 3.430248998885766964E-15, -1.000000000000000000, -0.000000000000000000 ) ) ;
#2867 = CARTESIAN_POINT ( 'NONE',  ( 1.702119959647454550, 7.124157221377132920, 10.12942789286614698 ) ) ;
#2868 = PRESENTATION_STYLE_ASSIGNMENT (( #910 ) ) ;
#2869 = CARTESIAN_POINT ( 'NONE',  ( 0.4444636454272123394, 2.899716821071085082, 11.09012195436722870 ) ) ;
#2870 = CARTESIAN_POINT ( 'NONE',  ( 5.970014673274078199, 3.939973368405798482, -8.427085786542029666 ) ) ;
#2871 = CARTESIAN_POINT ( 'NONE',  ( 0.000000000000000000, -45.00000000000000000, 9.500000000000000000 ) ) ;
#2872 = CIRCLE ( 'NONE', #413, 10.32212707612201363 ) ;
#2873 =( BOUNDED_SURFACE ( )  B_SPLINE_SURFACE ( 3, 2, ( 
 ( #3057, #5054, #5961 ),
 ( #4063, #4579, #584 ),
 ( #620, #158, #3508 ),
 ( #6020, #6052, #2121 ) ),
 .UNSPECIFIED., .F., .F., .T. ) 
 B_SPLINE_SURFACE_WITH_KNOTS ( ( 4, 4 ),
 ( 3, 3 ),
 ( 1.843143693225357538E-18, 0.0008838515635260020716 ),
 ( 0.000000000000000000, 1.000000000000000000 ),
 .UNSPECIFIED. ) 
 GEOMETRIC_REPRESENTATION_ITEM ( )  RATIONAL_B_SPLINE_SURFACE ( (
 ( 1.000000000000000000, 0.9271838545667845377, 1.000000000000000000),
 ( 1.000000000000000000, 0.9273783597732705442, 1.000000000000000000),
 ( 1.000000000000000000, 0.9211205640359639846, 1.000000000000000000),
 ( 1.000000000000000000, 0.9101417910926306032, 1.000000000000000000) ) ) 
 REPRESENTATION_ITEM ( '' )  SURFACE ( )  );
#2874 = CARTESIAN_POINT ( 'NONE',  ( 6.823333982742922466, 10.93265123270155215, 7.587624186896531953 ) ) ;
#2875 = COLOUR_RGB ( '',1.000000000000000000, 1.000000000000000000, 1.000000000000000000 ) ;
#2876 =( LENGTH_UNIT ( ) NAMED_UNIT ( * ) SI_UNIT ( .MILLI., .METRE. ) );
#2877 = CARTESIAN_POINT ( 'NONE',  ( -6.206644006516328638, 4.076753322632957754, -8.015111455250881534 ) ) ;
#2878 = ORIENTED_EDGE ( 'NONE', *, *, #4224, .T. ) ;
#2879 = CARTESIAN_POINT ( 'NONE',  ( 2.772721350778008631, 18.09583374905635722, -9.651453466852613516 ) ) ;
#2880 = ADVANCED_FACE ( 'NONE', ( #692 ), #4442, .T. ) ;
#2881 = EDGE_CURVE ( 'NONE', #517, #2889, #499, .T. ) ;
#2882 = CARTESIAN_POINT ( 'NONE',  ( 6.809487488148205259, 14.13480330069589996, 7.533388095797343809 ) ) ;
#2883 = CARTESIAN_POINT ( 'NONE',  ( -3.652771575905980228, 3.756969513007422101, -9.843193332756866809 ) ) ;
#2884 = FACE_OUTER_BOUND ( 'NONE', #110, .T. ) ;
#2885 = ORIENTED_EDGE ( 'NONE', *, *, #5288, .F. ) ;
#2886 = CARTESIAN_POINT ( 'NONE',  ( 9.938699609312061867, 14.16691473705595783, -0.7060103213210984219 ) ) ;
#2887 = ORIENTED_EDGE ( 'NONE', *, *, #729, .F. ) ;
#2888 = FACE_OUTER_BOUND ( 'NONE', #2471, .T. ) ;
#2889 = VERTEX_POINT ( 'NONE', #593 ) ;
#2890 = B_SPLINE_CURVE_WITH_KNOTS ( 'NONE', 3,
 ( #5791, #2819, #5759, #1378, #925, #5238, #2343 ),
 .UNSPECIFIED., .F., .F.,
 ( 4, 3, 4 ),
 ( 6.290464715661880024E-05, 0.005562355921715462365, 0.01004541243912466381 ),
 .UNSPECIFIED. ) ;
#2891 = ADVANCED_FACE ( 'NONE', ( #101 ), #1178, .T. ) ;
#2892 = CARTESIAN_POINT ( 'NONE',  ( -0.8914615600104506266, 14.14193358903626674, 10.07159310323088519 ) ) ;
#2893 = VERTEX_POINT ( 'NONE', #3808 ) ;
#2894 = CARTESIAN_POINT ( 'NONE',  ( -2.250000000000000000, 6.750326080999218270, -3.813233882538160646 ) ) ;
#2895 = CIRCLE ( 'NONE', #108, 59.05783971714991765 ) ;
#2896 = CARTESIAN_POINT ( 'NONE',  ( -0.6325679483474684339, 2.465383014322314548, 11.72333229533903953 ) ) ;
#2897 = CARTESIAN_POINT ( 'NONE',  ( 3.358673927089831146, 4.399048105979272982, 9.216693260700273171 ) ) ;
#2898 = CARTESIAN_POINT ( 'NONE',  ( -2.148706887986983283, 4.042299446346140357, 9.942052484030503123 ) ) ;
#2899 = CARTESIAN_POINT ( 'NONE',  ( 3.382490248251363815E-12, -986.0771767151841232, 0.000000000000000000 ) ) ;
#2900 = CARTESIAN_POINT ( 'NONE',  ( -0.02887000989864451847, 3.067584030960696317, 10.89616135079601733 ) ) ;
#2901 =( NAMED_UNIT ( * ) SI_UNIT ( $, .STERADIAN. ) SOLID_ANGLE_UNIT ( ) );
#2902 = FILL_AREA_STYLE_COLOUR ( '', #3093 ) ;
#2903 = CARTESIAN_POINT ( 'NONE',  ( -9.082997677555749050, 3.852387264736695904, 4.968856377826642579 ) ) ;
#2904 = FILL_AREA_STYLE ('',( #57 ) ) ;
#2905 = TOROIDAL_SURFACE ( 'NONE', #23, 10.62608515108672336, 0.1270000000000000018 ) ;
#2906 = DIRECTION ( 'NONE',  ( -0.000000000000000000, -1.000000000000000000, -0.000000000000000000 ) ) ;
#2907 = COLOUR_RGB ( '',1.000000000000000000, 1.000000000000000000, 1.000000000000000000 ) ;
#2908 = CARTESIAN_POINT ( 'NONE',  ( -0.2481821653089240076, 2.930596891425756301, 10.98964426090195090 ) ) ;
#2909 = CARTESIAN_POINT ( 'NONE',  ( -8.227782004167057295, 4.413260037150029902, -5.330098833342704623 ) ) ;
#2910 = ORIENTED_EDGE ( 'NONE', *, *, #565, .T. ) ;
#2911 = CARTESIAN_POINT ( 'NONE',  ( 0.1467528632996081828, 9.353431437833869211, -9.615389153971223735 ) ) ;
#2912 = AXIS2_PLACEMENT_3D ( 'NONE', #4262, #1333, #2705 ) ;
#2913 = CARTESIAN_POINT ( 'NONE',  ( 0.3999999999999993561, 14.94797744711659426, 0.2000000000000014266 ) ) ;
#2914 = UNCERTAINTY_MEASURE_WITH_UNIT (LENGTH_MEASURE( 1.000000000000000082E-05 ), #5573, 'distance_accuracy_value', 'NONE');
#2915 = B_SPLINE_CURVE_WITH_KNOTS ( 'NONE', 3,
 ( #1431, #1945, #1465, #3906, #1971, #980 ),
 .UNSPECIFIED., .F., .F.,
 ( 4, 2, 4 ),
 ( 8.673617379884035472E-19, 0.0003992262151813503069, 0.0007984524303626997464 ),
 .UNSPECIFIED. ) ;
#2916 = DIRECTION ( 'NONE',  ( -0.000000000000000000, -1.000000000000000000, -0.000000000000000000 ) ) ;
#2917 = CARTESIAN_POINT ( 'NONE',  ( 3.969621814833688145, 2.950955884720828148, 8.884624192960082212 ) ) ;
#2918 = ORIENTED_EDGE ( 'NONE', *, *, #721, .F. ) ;
#2919 = CARTESIAN_POINT ( 'NONE',  ( -9.545192008602615630, 2.950957301811203415, 1.893080377043997675 ) ) ;
#2920 = CARTESIAN_POINT ( 'NONE',  ( 1.722432033089867920, 3.939984672447514935, 10.18282176337811862 ) ) ;
#2921 = CARTESIAN_POINT ( 'NONE',  ( -10.01744445014300844, 14.14193358903623299, -1.372041558527590688 ) ) ;
#2922 = ORIENTED_EDGE ( 'NONE', *, *, #1003, .T. ) ;
#2923 = B_SPLINE_CURVE_WITH_KNOTS ( 'NONE', 3,
 ( #1079, #2039, #2010, #2432 ),
 .UNSPECIFIED., .F., .F.,
 ( 4, 4 ),
 ( 0.001104184918958110587, 0.01124490182513636707 ),
 .UNSPECIFIED. ) ;
#2924 = ORIENTED_EDGE ( 'NONE', *, *, #6260, .F. ) ;
#2925 = EDGE_CURVE ( 'NONE', #2657, #3823, #465, .T. ) ;
#2926 = AXIS2_PLACEMENT_3D ( 'NONE', #6086, #5710, #4192 ) ;
#2927 = EDGE_CURVE ( 'NONE', #2150, #1274, #4223, .T. ) ;
#2928 = CARTESIAN_POINT ( 'NONE',  ( -0.01427722557955317731, 2.062849747889706542, 12.10174595783645124 ) ) ;
#2929 = CARTESIAN_POINT ( 'NONE',  ( -0.3196024189194394682, 3.235463847110292335, 10.96565075882207374 ) ) ;
#2930 = CARTESIAN_POINT ( 'NONE',  ( -10.30354784699288651, 3.886657979598342028, -0.5655288793739307041 ) ) ;
#2931 = CARTESIAN_POINT ( 'NONE',  ( 0.3316799364764041469, 14.23736738389553480, 9.530404403505469801 ) ) ;
#2932 = FILL_AREA_STYLE ('',( #2448 ) ) ;
#2933 = EDGE_CURVE ( 'NONE', #4519, #517, #3566, .T. ) ;
#2934 = CARTESIAN_POINT ( 'NONE',  ( 2.249999999999999112, 6.899999999999999467, -12.50000000000000000 ) ) ;
#2935 = CARTESIAN_POINT ( 'NONE',  ( 5.510910596163089556E-16, 2.600000000000046718, 4.500000000000000000 ) ) ;
#2936 = B_SPLINE_CURVE_WITH_KNOTS ( 'NONE', 3,
 ( #5406, #3932, #396, #5861 ),
 .UNSPECIFIED., .F., .F.,
 ( 4, 4 ),
 ( 2.491306920542243817E-18, 0.0008208498711164756260 ),
 .UNSPECIFIED. ) ;
#2937 = CARTESIAN_POINT ( 'NONE',  ( 0.6038851545310313096, 2.566005999908252733, 11.48466824658630969 ) ) ;
#2938 = CARTESIAN_POINT ( 'NONE',  ( 2.536722567257859051, 4.196815460442018697, 9.693001247840484780 ) ) ;
#2939 = CARTESIAN_POINT ( 'NONE',  ( -0.2001984126984125423, 14.24283389589147752, 9.500000000000001776 ) ) ;
#2940 = CARTESIAN_POINT ( 'NONE',  ( -7.051155024483382938, 13.90487727697180276, 7.462027330375299528 ) ) ;
#2941 = CARTESIAN_POINT ( 'NONE',  ( 0.3677821623497918302, 2.829055855431905186, 11.08771997026823009 ) ) ;
#2942 = ORIENTED_EDGE ( 'NONE', *, *, #259, .T. ) ;
#2943 = CARTESIAN_POINT ( 'NONE',  ( 1.590213329017779564, 8.497514414923887927, -9.503375821715890126 ) ) ;
#2944 = B_SPLINE_SURFACE_WITH_KNOTS ( 'NONE', 1, 3, ( 
 ( #4144, #6102, #5628, #1146, #2143, #6040, #5658, #1212, #1244, #3167, #5140, #1182, #4115, #2239 ),
 ( #6008, #6072, #3198, #1669, #5169, #762, #2714, #3076, #3134, #4082, #5040, #1701, #4695, #5071 ) ),
 .UNSPECIFIED., .F., .F., .F.,
 ( 2, 2 ),
 ( 4, 2, 2, 2, 2, 2, 4 ),
 ( 0.000000000000000000, 1.000000000000000000 ),
 ( 2.912594681817553815E-07, 0.001686056028579234912, 0.002528938413134761316, 0.003371820797690288155, 0.004214703182245814993, 0.005057585566801341831, 0.006743350335912394640 ),
 .UNSPECIFIED. ) ;
#2945 = CARTESIAN_POINT ( 'NONE',  ( 8.218309359673273917, 4.486681183534104278, -5.290281351381347363 ) ) ;
#2946 = ORIENTED_EDGE ( 'NONE', *, *, #2339, .F. ) ;
#2947 = DIRECTION ( 'NONE',  ( 0.9999944258484556592, 0.003338902816470929857, 7.105195569356263049E-15 ) ) ;
#2948 = AXIS2_PLACEMENT_3D ( 'NONE', #5553, #2527, #3039 ) ;
#2949 = CARTESIAN_POINT ( 'NONE',  ( -9.005911726931023153, 14.27269387273384282, 3.058253282584920907 ) ) ;
#2950 = ORIENTED_EDGE ( 'NONE', *, *, #4944, .F. ) ;
#2951 = FILL_AREA_STYLE_COLOUR ( '', #5545 ) ;
#2952 =( GEOMETRIC_REPRESENTATION_CONTEXT ( 3 ) GLOBAL_UNCERTAINTY_ASSIGNED_CONTEXT ( ( #615 ) ) GLOBAL_UNIT_ASSIGNED_CONTEXT ( ( #4527, #996, #19 ) ) REPRESENTATION_CONTEXT ( 'NONE', 'WORKASPACE' ) );
#2953 = ORIENTED_EDGE ( 'NONE', *, *, #5037, .F. ) ;
#2954 = CARTESIAN_POINT ( 'NONE',  ( -0.1996661101837443053, 14.79958333304302620, 0.09983305509134775269 ) ) ;
#2955 = CIRCLE ( 'NONE', #3990, 0.1270000000000007234 ) ;
#2956 = CARTESIAN_POINT ( 'NONE',  ( 2.855451552505590129, 10.93265526029055401, -9.796739886586543378 ) ) ;
#2957 = CARTESIAN_POINT ( 'NONE',  ( -9.768208386917200059, 4.445072331710136382, 0.9668083562450805468 ) ) ;
#2958 = CARTESIAN_POINT ( 'NONE',  ( 0.4503753127606354156, 14.26162750483364761, 9.373424464032320103 ) ) ;
#2959 = EDGE_CURVE ( 'NONE', #1470, #5076, #4524, .T. ) ;
#2960 = CONICAL_SURFACE ( 'NONE', #700, 8.863739773864104166, 0.05235987755982453307 ) ;
#2961 = CARTESIAN_POINT ( 'NONE',  ( 0.2921334490124123939, 2.087350265383078440, 12.02051678395402945 ) ) ;
#2962 = VECTOR ( 'NONE', #940, 1000.000000000000000 ) ;
#2963 = CARTESIAN_POINT ( 'NONE',  ( 0.4000000000000013545, 14.07359894305421655, 9.284395973154362380 ) ) ;
#2964 = CARTESIAN_POINT ( 'NONE',  ( 0.1999999999999997335, 14.18411949163389707, 9.500000000000000000 ) ) ;
#2965 = DIRECTION ( 'NONE',  ( 1.715124499442883482E-15, -1.000000000000000000, -0.000000000000000000 ) ) ;
#2966 = CARTESIAN_POINT ( 'NONE',  ( 2.376318293605448329, 4.042931879704894982, -9.889524235732336521 ) ) ;
#2967 = DIRECTION ( 'NONE',  ( 1.715124499442883482E-15, -1.000000000000000000, -0.000000000000000000 ) ) ;
#2968 = EDGE_CURVE ( 'NONE', #4122, #3492, #697, .T. ) ;
#2969 = CARTESIAN_POINT ( 'NONE',  ( -3.641209030556613158, 13.89599898141095480, -9.658566362116294712 ) ) ;
#2970 = CARTESIAN_POINT ( 'NONE',  ( -6.809473697130989045, 14.13480499331583040, 7.533387281880407293 ) ) ;
#2971 = DIRECTION ( 'NONE',  ( -0.08816657379134310024, 0.000000000000000000, -0.9961057450220310860 ) ) ;
#2972 = CARTESIAN_POINT ( 'NONE',  ( 10.03290213343588455, 14.14193358903625963, -1.259182101826723965 ) ) ;
#2973 = VERTEX_POINT ( 'NONE', #1907 ) ;
#2974 = CARTESIAN_POINT ( 'NONE',  ( 1.815773719068579872, 8.534253662379292393, -9.713789489151476886 ) ) ;
#2975 = PRESENTATION_STYLE_ASSIGNMENT (( #157 ) ) ;
#2976 = SURFACE_STYLE_USAGE ( .BOTH. , #6353 ) ;
#2977 = CARTESIAN_POINT ( 'NONE',  ( 6.769422261563361687, 2.392830267617291451, 7.753753073604396029 ) ) ;
#2978 = VERTEX_POINT ( 'NONE', #3870 ) ;
#2979 = SURFACE_STYLE_FILL_AREA ( #2012 ) ;
#2980 = CARTESIAN_POINT ( 'NONE',  ( 6.889582394317522507, 3.695334435537753315, 7.699314627256295118 ) ) ;
#2981 = LINE ( 'NONE', #1958, #123 ) ;
#2982 = VERTEX_POINT ( 'NONE', #2935 ) ;
#2983 = AXIS2_PLACEMENT_3D ( 'NONE', #4154, #2151, #5636 ) ;
#2984 = EDGE_LOOP ( 'NONE', ( #1057, #676, #206, #2628 ) ) ;
#2985 = CARTESIAN_POINT ( 'NONE',  ( -0.3189893607006109022, 1.894915923095646271, 12.02449130539123168 ) ) ;
#2986 = CARTESIAN_POINT ( 'NONE',  ( 0.000000000000000000, -45.00000000000000000, 0.09983305509181962523 ) ) ;
#2987 = CARTESIAN_POINT ( 'NONE',  ( -9.979923136798168670, 14.15872707065369873, -0.8118612311290296368 ) ) ;
#2988 =( NAMED_UNIT ( * ) SI_UNIT ( $, .STERADIAN. ) SOLID_ANGLE_UNIT ( ) );
#2989 = B_SPLINE_CURVE_WITH_KNOTS ( 'NONE', 3,
 ( #6358, #6265, #1923, #928, #5852, #1316 ),
 .UNSPECIFIED., .F., .F.,
 ( 4, 2, 4 ),
 ( 0.000000000000000000, 0.002909774478578478884, 0.005819548957156956900 ),
 .UNSPECIFIED. ) ;
#2990 = CIRCLE ( 'NONE', #2678, 10.53628258987628996 ) ;
#2991 = CARTESIAN_POINT ( 'NONE',  ( 0.5879546903064380992, 2.374893314551398404, 11.81615383924878415 ) ) ;
#2992 = CARTESIAN_POINT ( 'NONE',  ( 0.3133079074201159386, 14.04401628491389786, 9.474304861719234694 ) ) ;
#2993 = CARTESIAN_POINT ( 'NONE',  ( -7.370371886811326156, 3.756870477111820428, 7.482314345371488429 ) ) ;
#2994 = CARTESIAN_POINT ( 'NONE',  ( -9.974034910740456894, 3.705665997290361613, -3.281558714899695861 ) ) ;
#2995 = CARTESIAN_POINT ( 'NONE',  ( 2.249999999999998668, 6.748303806858574561, -3.813274876646993938 ) ) ;
#2996 = CARTESIAN_POINT ( 'NONE',  ( -3.514908946129351452, 13.89609646582215063, -9.706178753711252938 ) ) ;
#2997 = LINE ( 'NONE', #1653, #3959 ) ;
#2998 = CIRCLE ( 'NONE', #4135, 59.79924874320212069 ) ;
#2999 = EDGE_CURVE ( 'NONE', #2694, #3741, #4272, .T. ) ;
#3000 = ADVANCED_FACE ( 'NONE', ( #2601 ), #3997, .F. ) ;
#3001 = CARTESIAN_POINT ( 'NONE',  ( -0.3464934245337748520, 2.913133214813219851, 11.00442571769668376 ) ) ;
#3002 = CARTESIAN_POINT ( 'NONE',  ( 0.3782671973681871469, 14.94850429684833237, 0.09539813344280299867 ) ) ;
#3003 = ORIENTED_EDGE ( 'NONE', *, *, #2129, .F. ) ;
#3004 = CARTESIAN_POINT ( 'NONE',  ( -0.2652830113057487171, 9.138360660317697892, -9.620469870059121575 ) ) ;
#3005 = AXIS2_PLACEMENT_3D ( 'NONE', #4736, #1323, #5247 ) ;
#3006 = CARTESIAN_POINT ( 'NONE',  ( 8.322496395288604631, 2.859989750475926407, -5.215253809284182474 ) ) ;
#3007 = EDGE_CURVE ( 'NONE', #2316, #2150, #4397, .T. ) ;
#3008 = CARTESIAN_POINT ( 'NONE',  ( 5.246232069236738127, 2.858134310602633565, 8.305320329858718154 ) ) ;
#3009 = ORIENTED_EDGE ( 'NONE', *, *, #454, .T. ) ;
#3010 = CARTESIAN_POINT ( 'NONE',  ( -8.792451489067500958, 18.09553334086705334, 4.851498355217365166 ) ) ;
#3011 = CARTESIAN_POINT ( 'NONE',  ( 2.356462229005000353, 7.500827767360251919, -9.790051295377791618 ) ) ;
#3012 = CIRCLE ( 'NONE', #3940, 10.11096886307330323 ) ;
#3013 = CARTESIAN_POINT ( 'NONE',  ( -1.699073754124261093, 7.605684247826277833, 10.12134811234158960 ) ) ;
#3014 = ORIENTED_EDGE ( 'NONE', *, *, #1405, .F. ) ;
#3015 = SURFACE_STYLE_FILL_AREA ( #107 ) ;
#3016 = EDGE_LOOP ( 'NONE', ( #6202, #5115, #3064, #1056 ) ) ;
#3017 = CARTESIAN_POINT ( 'NONE',  ( -0.3087987704239263942, 14.79938591549237614, -0.0001810852059596177333 ) ) ;
#3018 = CARTESIAN_POINT ( 'NONE',  ( 2.850705056305381735, 13.92087586572035640, -9.743321296933855180 ) ) ;
#3019 = CARTESIAN_POINT ( 'NONE',  ( 12.41076882969110429, 1.702632157470088892, 0.000000000000000000 ) ) ;
#3020 = CARTESIAN_POINT ( 'NONE',  ( 9.160062720746195097, 4.197188862764174466, 4.058939903712870390 ) ) ;
#3021 = CARTESIAN_POINT ( 'NONE',  ( 0.06275231339405919206, 2.021279404382952283, 12.09009833279920798 ) ) ;
#3022 =( LENGTH_UNIT ( ) NAMED_UNIT ( * ) SI_UNIT ( .MILLI., .METRE. ) );
#3023 = DIRECTION ( 'NONE',  ( 0.9999942851264702615, 0.003380786062443320254, -0.000000000000000000 ) ) ;
#3024 = CARTESIAN_POINT ( 'NONE',  ( -0.1999999999999997335, 13.63511657567311097, 9.500000000000000000 ) ) ;
#3025 = DIRECTION ( 'NONE',  ( 0.000000000000000000, 0.000000000000000000, -1.000000000000000000 ) ) ;
#3026 = DIRECTION ( 'NONE',  ( 0.8592056091397882733, 5.623801675593392303E-15, 0.5116304537678787456 ) ) ;
#3027 = CARTESIAN_POINT ( 'NONE',  ( -0.2662492399306686242, 14.99942478146842717, -0.05004170141896318452 ) ) ;
#3028 = B_SPLINE_CURVE_WITH_KNOTS ( 'NONE', 3,
 ( #5068, #5135, #174, #666, #3655, #2172, #5587, #3105, #4142, #2235, #3193, #1208, #1142, #1726, #2140, #2270, #4593, #4110 ),
 .UNSPECIFIED., .F., .F.,
 ( 4, 2, 2, 2, 2, 2, 2, 2, 4 ),
 ( 0.004107009818488670076, 0.004480118277363810686, 0.004853226736238950428, 0.005226335195114091038, 0.005599443653989231648, 0.005972552112864371390, 0.006345660571739512000, 0.006718769030614652610, 0.007091877489489793220 ),
 .UNSPECIFIED. ) ;
#3029 = CARTESIAN_POINT ( 'NONE',  ( 8.430099064083000471, 14.14193358903630404, 5.582572983827947866 ) ) ;
#3030 = CARTESIAN_POINT ( 'NONE',  ( -9.207367942327719490, 4.129887408650314562, -4.254259992212686470 ) ) ;
#3031 = CARTESIAN_POINT ( 'NONE',  ( 1.851106213431058745, 5.615038722342113431, -9.585602764034366174 ) ) ;
#3032 = CARTESIAN_POINT ( 'NONE',  ( -0.6606687081499105219, 9.055006446264894038, -9.631232000726379638 ) ) ;
#3033 = ADVANCED_FACE ( 'NONE', ( #5017 ), #5755, .F. ) ;
#3034 = EDGE_CURVE ( 'NONE', #278, #211, #2347, .T. ) ;
#3035 = DIRECTION ( 'NONE',  ( -1.000000000000000000, -0.000000000000000000, -1.906289534040448719E-16 ) ) ;
#3036 =( BOUNDED_SURFACE ( )  B_SPLINE_SURFACE ( 3, 2, ( 
 ( #4116, #3169, #736 ),
 ( #4632, #6042, #5172 ),
 ( #2691, #1732, #6073 ),
 ( #3593, #5072, #3135 ) ),
 .UNSPECIFIED., .F., .F., .F. ) 
 B_SPLINE_SURFACE_WITH_KNOTS ( ( 4, 4 ),
 ( 3, 3 ),
 ( 0.000000000000000000, 0.005799967190123603983 ),
 ( 0.000000000000000000, 1.000000000000000000 ),
 .UNSPECIFIED. ) 
 GEOMETRIC_REPRESENTATION_ITEM ( )  RATIONAL_B_SPLINE_SURFACE ( (
 ( 1.000000000000000000, 0.7639885047639070059, 1.000000000000000000),
 ( 1.000000000000000000, 0.7662491059687542849, 1.000000000000000000),
 ( 1.000000000000000000, 0.7662486929925257373, 1.000000000000000000),
 ( 1.000000000000000000, 0.7639881486112400921, 1.000000000000000000) ) ) 
 REPRESENTATION_ITEM ( '' )  SURFACE ( )  );
#3037 = CARTESIAN_POINT ( 'NONE',  ( 4.728255190559511156, 2.932360740025576007, 8.526344559273910662 ) ) ;
#3038 = ORIENTED_EDGE ( 'NONE', *, *, #3626, .F. ) ;
#3039 = DIRECTION ( 'NONE',  ( 1.000000000000000000, 0.000000000000000000, 0.000000000000000000 ) ) ;
#3040 = CARTESIAN_POINT ( 'NONE',  ( -1.687444378186570448, 9.438539599273578773, 10.09058289233476557 ) ) ;
#3041 = VERTEX_POINT ( 'NONE', #5955 ) ;
#3042 = DIRECTION ( 'NONE',  ( 0.9115096162791821444, -0.3857600617603409443, -0.1426162479566633057 ) ) ;
#3043 = EDGE_CURVE ( 'NONE', #916, #1799, #6028, .T. ) ;
#3044 = VERTEX_POINT ( 'NONE', #2964 ) ;
#3045 = ORIENTED_EDGE ( 'NONE', *, *, #3512, .T. ) ;
#3046 = DIRECTION ( 'NONE',  ( 1.715124499442883482E-15, -1.000000000000000000, -0.000000000000000000 ) ) ;
#3047 = CARTESIAN_POINT ( 'NONE',  ( 5.928547443768990455, 7.124177071708889031, -8.387791895667779940 ) ) ;
#3048 = CARTESIAN_POINT ( 'NONE',  ( -7.460924620535361207, 4.469374704107202056, -6.260086199338569024 ) ) ;
#3049 =( LENGTH_UNIT ( ) NAMED_UNIT ( * ) SI_UNIT ( .MILLI., .METRE. ) );
#3050 =( NAMED_UNIT ( * ) PLANE_ANGLE_UNIT ( ) SI_UNIT ( $, .RADIAN. ) );
#3051 = PRESENTATION_STYLE_ASSIGNMENT (( #5500 ) ) ;
#3052 = CARTESIAN_POINT ( 'NONE',  ( 1.788448832523783061, 8.273085596635260330, -9.527922474412998000 ) ) ;
#3053 = CARTESIAN_POINT ( 'NONE',  ( -0.5891719355355039545, 2.845277350903236080, 11.34523529562052424 ) ) ;
#3054 = UNCERTAINTY_MEASURE_WITH_UNIT (LENGTH_MEASURE( 1.000000000000000082E-05 ), #5827, 'distance_accuracy_value', 'NONE');
#3055 = CARTESIAN_POINT ( 'NONE',  ( -2.823119647935207865, 3.852387264806823808, -9.960942523975427676 ) ) ;
#3056 = TOROIDAL_SURFACE ( 'NONE', #3371, 59.89924874320212211, 0.1000000000000000056 ) ;
#3057 = CARTESIAN_POINT ( 'NONE',  ( 7.588612009804835523, 3.669383407414557485, 7.309324084918536357 ) ) ;
#3058 = FACE_OUTER_BOUND ( 'NONE', #4006, .T. ) ;
#3059 = CARTESIAN_POINT ( 'NONE',  ( 0.3999999999999993561, 13.63511657567311097, 0.2000000000000014266 ) ) ;
#3060 = FACE_OUTER_BOUND ( 'NONE', #5488, .T. ) ;
#3061 = CARTESIAN_POINT ( 'NONE',  ( -2.086497232179170602, 5.645956207613798128, -9.791630194709322055 ) ) ;
#3062 = CARTESIAN_POINT ( 'NONE',  ( -9.821627954957648399, 13.89599898141105250, -3.175205771286183865 ) ) ;
#3063 = CARTESIAN_POINT ( 'NONE',  ( 4.357586735141073753, 18.65357677455042307, 8.393602914990019315 ) ) ;
#3064 = ORIENTED_EDGE ( 'NONE', *, *, #4024, .F. ) ;
#3065 = EDGE_CURVE ( 'NONE', #2174, #1857, #5217, .T. ) ;
#3066 = CARTESIAN_POINT ( 'NONE',  ( -8.604658155190319846, 13.98186165594062835, 5.698704003055802048 ) ) ;
#3067 = CARTESIAN_POINT ( 'NONE',  ( 1.626821101313604911, 5.080563082857387336, -9.757556532102082514 ) ) ;
#3068 = EDGE_CURVE ( 'NONE', #645, #2522, #5938, .T. ) ;
#3069 = ORIENTED_EDGE ( 'NONE', *, *, #5089, .T. ) ;
#3070 = CARTESIAN_POINT ( 'NONE',  ( 0.1996661101836380570, 14.79958333304301554, 0.09983305509181969462 ) ) ;
#3071 = ORIENTED_EDGE ( 'NONE', *, *, #533, .F. ) ;
#3072 = CARTESIAN_POINT ( 'NONE',  ( -10.40922066690138514, 3.756969513007232031, -1.370883029121127805 ) ) ;
#3073 =( GEOMETRIC_REPRESENTATION_CONTEXT ( 3 ) GLOBAL_UNCERTAINTY_ASSIGNED_CONTEXT ( ( #2467 ) ) GLOBAL_UNIT_ASSIGNED_CONTEXT ( ( #5846, #1890, #6285 ) ) REPRESENTATION_CONTEXT ( 'NONE', 'WORKASPACE' ) );
#3074 = ORIENTED_EDGE ( 'NONE', *, *, #932, .T. ) ;
#3075 = B_SPLINE_CURVE_WITH_KNOTS ( 'NONE', 3,
 ( #2266, #3188, #3293, #6183 ),
 .UNSPECIFIED., .F., .F.,
 ( 4, 4 ),
 ( 2.453269466693398698E-18, 0.0008208498692967586144 ),
 .UNSPECIFIED. ) ;
#3076 = CARTESIAN_POINT ( 'NONE',  ( -7.214667526016448562, 18.65367043635870203, -6.114579324034813190 ) ) ;
#3077 = EDGE_CURVE ( 'NONE', #3887, #5179, #3156, .T. ) ;
#3078 = CARTESIAN_POINT ( 'NONE',  ( 3.348420934032341645, 14.14412282275260679, -9.527513536680221051 ) ) ;
#3079 = CARTESIAN_POINT ( 'NONE',  ( -9.257327328564139535, 4.500846155640459756, 3.116003538795677041 ) ) ;
#3080 = CIRCLE ( 'NONE', #5862, 0.1270000000000001406 ) ;
#3081 = EDGE_CURVE ( 'NONE', #4717, #2742, #6333, .T. ) ;
#3082 = CARTESIAN_POINT ( 'NONE',  ( 6.249612918838180597, 4.042299445801232238, -8.025190792860872335 ) ) ;
#3083 = ORIENTED_EDGE ( 'NONE', *, *, #1118, .F. ) ;
#3084 = FILL_AREA_STYLE ('',( #22 ) ) ;
#3085 = CARTESIAN_POINT ( 'NONE',  ( -0.2261105084149954980, 2.124298593265316892, 12.07942288333832082 ) ) ;
#3086 = DIRECTION ( 'NONE',  ( 0.07711316222331968118, -0.07189609628200166469, 0.9944267250789919910 ) ) ;
#3087 = DIRECTION ( 'NONE',  ( 0.8592062226705925454, 1.083005891122708784E-15, -0.5116294234347084080 ) ) ;
#3088 = CARTESIAN_POINT ( 'NONE',  ( 5.644696753999447481, 14.16691473709441240, -8.210578484418029177 ) ) ;
#3089 = CARTESIAN_POINT ( 'NONE',  ( -5.418243420288376022, 3.756969513007417216, -8.992988013462342778 ) ) ;
#3090 = CARTESIAN_POINT ( 'NONE',  ( 3.641120620422886311, 13.98186332374034357, -9.656997944948765067 ) ) ;
#3091 = VECTOR ( 'NONE', #73, 1000.000000000000114 ) ;
#3092 = CARTESIAN_POINT ( 'NONE',  ( -0.9100789084132823170, 13.89599898141095657, 10.28192899003259164 ) ) ;
#3093 = COLOUR_RGB ( '',1.000000000000000000, 1.000000000000000000, 1.000000000000000000 ) ;
#3094 = CARTESIAN_POINT ( 'NONE',  ( -6.443516553095078869, 4.284880636289546629, -7.630694424650948271 ) ) ;
#3095 = CARTESIAN_POINT ( 'NONE',  ( 3.653093192592979932, 3.705665997290573888, -9.844029161183470933 ) ) ;
#3096 = CARTESIAN_POINT ( 'NONE',  ( -1.777059780706035763, 5.513121955614840530, -9.762694346398298251 ) ) ;
#3097 = CARTESIAN_POINT ( 'NONE',  ( 5.816738663558472133, 18.09553844041675674, -8.185950803159871114 ) ) ;
#3098 = CARTESIAN_POINT ( 'NONE',  ( 0.2902428360848303135, 14.79909262265590897, 0.1562224697236568594 ) ) ;
#3099 = ORIENTED_EDGE ( 'NONE', *, *, #1904, .T. ) ;
#3100 = DIRECTION ( 'NONE',  ( 1.000000000000000000, 3.416338905061712207E-15, 0.000000000000000000 ) ) ;
#3101 = FACE_OUTER_BOUND ( 'NONE', #2407, .T. ) ;
#3102 = ORIENTED_EDGE ( 'NONE', *, *, #2373, .T. ) ;
#3103 = CARTESIAN_POINT ( 'NONE',  ( -1.123148575215583866, 2.858135129145613185, -9.759089841536898291 ) ) ;
#3104 = EDGE_LOOP ( 'NONE', ( #6108, #4430, #6012, #2006, #2953, #4863 ) ) ;
#3105 = CARTESIAN_POINT ( 'NONE',  ( -1.617110187243761432, 5.330676492141483536, -9.566465955617207584 ) ) ;
#3106 = ORIENTED_EDGE ( 'NONE', *, *, #4190, .F. ) ;
#3107 = DIRECTION ( 'NONE',  ( -0.3479126794158822200, 0.000000000000000000, -0.9375269422804133335 ) ) ;
#3108 = AXIS2_PLACEMENT_3D ( 'NONE', #5633, #4700, #4730 ) ;
#3109 = CARTESIAN_POINT ( 'NONE',  ( -3.117050367688049661, 3.825291821747026422, -9.961124947813949859 ) ) ;
#3110 = CARTESIAN_POINT ( 'NONE',  ( -9.570776931829396261, 4.491428936622512857, 1.681016887334433108 ) ) ;
#3111 = CARTESIAN_POINT ( 'NONE',  ( 9.065719308516337449, 2.393128105162440455, 4.873691374029306189 ) ) ;
#3112 = EDGE_LOOP ( 'NONE', ( #5626, #2296, #3852, #4167 ) ) ;
#3113 = PRESENTATION_STYLE_ASSIGNMENT (( #1152 ) ) ;
#3114 =( BOUNDED_SURFACE ( )  B_SPLINE_SURFACE ( 3, 2, ( 
 ( #4191, #5611, #3705 ),
 ( #5673, #1258, #5709 ),
 ( #813, #330, #1164 ),
 ( #4130, #5091, #3321 ) ),
 .UNSPECIFIED., .F., .F., .T. ) 
 B_SPLINE_SURFACE_WITH_KNOTS ( ( 4, 4 ),
 ( 3, 3 ),
 ( 0.000000000000000000, 0.0008858189357371759175 ),
 ( 0.000000000000000000, 1.000000000000000000 ),
 .UNSPECIFIED. ) 
 GEOMETRIC_REPRESENTATION_ITEM ( )  RATIONAL_B_SPLINE_SURFACE ( (
 ( 1.000000000000000000, 0.9101407219094895806, 1.000000000000000000),
 ( 1.000000000000000000, 0.9211338130609827424, 1.000000000000000000),
 ( 1.000000000000000000, 0.9273812954083976434, 1.000000000000000000),
 ( 1.000000000000000000, 0.9271838545667867582, 1.000000000000000000) ) ) 
 REPRESENTATION_ITEM ( '' )  SURFACE ( )  );
#3115 = EDGE_CURVE ( 'NONE', #4926, #2208, #2955, .T. ) ;
#3116 = ADVANCED_FACE ( 'NONE', ( #2664 ), #3145, .T. ) ;
#3117 = CARTESIAN_POINT ( 'NONE',  ( 9.109626291195390024, 4.022685851603148066, 4.565338695004120595 ) ) ;
#3118 = CARTESIAN_POINT ( 'NONE',  ( -0.2530416887282022076, 14.99951061652659767, 4.419112563177140200E-05 ) ) ;
#3119 = DIRECTION ( 'NONE',  ( -0.1464941645477951804, 0.000000000000000000, -0.9892115343815212070 ) ) ;
#3120 = CARTESIAN_POINT ( 'NONE',  ( 1.741405200697613731, 3.886657980002570234, 10.17105840447892184 ) ) ;
#3121 = CIRCLE ( 'NONE', #2926, 0.1269999999999998075 ) ;
#3122 = CARTESIAN_POINT ( 'NONE',  ( 3.124561327288617907, 14.11644886962832501, -9.777300020151752591 ) ) ;
#3123 = CARTESIAN_POINT ( 'NONE',  ( 3.381520027320055350E-12, -985.7943340027095473, 0.000000000000000000 ) ) ;
#3124 = CARTESIAN_POINT ( 'NONE',  ( -2.154404667703486709, 6.236579029599626622, -9.788073854764339998 ) ) ;
#3125 = TOROIDAL_SURFACE ( 'NONE', #362, 12.15711692786344678, 0.2540000000000000036 ) ;
#3126 = CARTESIAN_POINT ( 'NONE',  ( -9.403750826755171488, 14.13480330091908677, -3.832822251953033277 ) ) ;
#3127 = CARTESIAN_POINT ( 'NONE',  ( 0.2432554608081292646, 14.79940665136439470, 0.1091594260028973806 ) ) ;
#3128 = PLANE ( 'NONE',  #2297 ) ;
#3129 = CARTESIAN_POINT ( 'NONE',  ( -0.9829919615312440184, 14.30659557968350981, -9.248566332533405543 ) ) ;
#3130 = ORIENTED_EDGE ( 'NONE', *, *, #1351, .T. ) ;
#3131 = CARTESIAN_POINT ( 'NONE',  ( -0.2842024269620408439, 18.65357590105382357, -9.453060961268027640 ) ) ;
#3132 = CARTESIAN_POINT ( 'NONE',  ( 8.784659005847533564, 3.695303782911716350, 5.751831405675203790 ) ) ;
#3133 = VERTEX_POINT ( 'NONE', #4185 ) ;
#3134 = CARTESIAN_POINT ( 'NONE',  ( -7.043675143696825458, 18.63524370942686303, -6.339241115300272789 ) ) ;
#3135 = CARTESIAN_POINT ( 'NONE',  ( -6.795865183208204208, 13.92087586570314528, 7.541554589566733746 ) ) ;
#3136 = ORIENTED_EDGE ( 'NONE', *, *, #1674, .F. ) ;
#3137 = CARTESIAN_POINT ( 'NONE',  ( -9.384511764830580915, 4.469403577451863896, 2.638192276493505961 ) ) ;
#3138 = CARTESIAN_POINT ( 'NONE',  ( 10.02671131691269757, 18.09553647687820899, -0.5561474104868210366 ) ) ;
#3139 = ORIENTED_EDGE ( 'NONE', *, *, #3880, .T. ) ;
#3140 = CARTESIAN_POINT ( 'NONE',  ( 9.442076291792417919, 14.05996167716298118, 1.163702490133510903 ) ) ;
#3141 = B_SPLINE_CURVE_WITH_KNOTS ( 'NONE', 3,
 ( #2420, #2328, #4871, #5777, #432, #4289 ),
 .UNSPECIFIED., .F., .F.,
 ( 4, 2, 4 ),
 ( 1.544293669917822768E-17, 0.0003992241971449475547, 0.0007984483942898796052 ),
 .UNSPECIFIED. ) ;
#3142 = PRESENTATION_STYLE_ASSIGNMENT (( #4639 ) ) ;
#3143 = CARTESIAN_POINT ( 'NONE',  ( -6.858251190831628819, 7.124157221322981570, 7.646365961226789132 ) ) ;
#3144 = CARTESIAN_POINT ( 'NONE',  ( -0.3787420994257899021, 14.20226241025840430, 9.403776563527538102 ) ) ;
#3145 =( BOUNDED_SURFACE ( )  B_SPLINE_SURFACE ( 3, 2, ( 
 ( #5602, #1191, #2220 ),
 ( #3143, #292, #4674 ),
 ( #2153, #4640, #1680 ),
 ( #2249, #3639, #5117 ) ),
 .UNSPECIFIED., .F., .F., .T. ) 
 B_SPLINE_SURFACE_WITH_KNOTS ( ( 4, 4 ),
 ( 3, 3 ),
 ( 0.02767059393396675490, 0.03795882460289985022 ),
 ( 0.000000000000000000, 1.000000000000000000 ),
 .UNSPECIFIED. ) 
 GEOMETRIC_REPRESENTATION_ITEM ( )  RATIONAL_B_SPLINE_SURFACE ( (
 ( 1.000000000000000000, 0.9685162344445878979, 1.000000000000000000),
 ( 1.000000000000000000, 0.9683929457005890917, 1.000000000000000000),
 ( 1.000000000000000000, 0.9682663970184927082, 1.000000000000000000),
 ( 1.000000000000000000, 0.9681363960257716172, 1.000000000000000000) ) ) 
 REPRESENTATION_ITEM ( '' )  SURFACE ( )  );
#3146 = ADVANCED_FACE ( 'NONE', ( #6142 ), #6111, .F. ) ;
#3147 = ADVANCED_FACE ( 'NONE', ( #1253 ), #3818, .T. ) ;
#3148 = CIRCLE ( 'NONE', #1201, 0.1269999999999997242 ) ;
#3149 = CARTESIAN_POINT ( 'NONE',  ( -9.570761064548474195, 4.542813483332329483, 1.677343111444833168 ) ) ;
#3150 = DIRECTION ( 'NONE',  ( 1.000000000000000000, 0.000000000000000000, -1.906289534040448226E-16 ) ) ;
#3151 = COLOUR_RGB ( '',1.000000000000000000, 1.000000000000000000, 1.000000000000000000 ) ;
#3152 = DIRECTION ( 'NONE',  ( 0.000000000000000000, 1.000000000000000000, 0.000000000000000000 ) ) ;
#3153 = CARTESIAN_POINT ( 'NONE',  ( -0.1884166572455500399, 4.650061179188238469, -9.517828643608359229 ) ) ;
#3154 = B_SPLINE_CURVE_WITH_KNOTS ( 'NONE', 3,
 ( #456, #5798, #5278, #5770 ),
 .UNSPECIFIED., .F., .F.,
 ( 4, 4 ),
 ( 3.252606517456513302E-19, 0.0008791099594312600136 ),
 .UNSPECIFIED. ) ;
#3155 = CARTESIAN_POINT ( 'NONE',  ( -0.2572887180206741009, 2.067691947385287055, 12.04110895666500980 ) ) ;
#3156 = CIRCLE ( 'NONE', #5742, 0.05000000000000052319 ) ;
#3157 = EDGE_CURVE ( 'NONE', #1602, #4750, #816, .T. ) ;
#3158 = CARTESIAN_POINT ( 'NONE',  ( 1.699522158531318938, 5.420356755449370567, -9.573076720830542286 ) ) ;
#3159 = DIRECTION ( 'NONE',  ( 1.000000000000000000, 3.430248998885767359E-15, 0.000000000000000000 ) ) ;
#3160 = ORIENTED_EDGE ( 'NONE', *, *, #3917, .F. ) ;
#3161 = SURFACE_STYLE_FILL_AREA ( #204 ) ;
#3162 = FILL_AREA_STYLE_COLOUR ( '', #6235 ) ;
#3163 = CARTESIAN_POINT ( 'NONE',  ( -10.13547675249610691, 14.13480499336863083, -0.6268707714397879771 ) ) ;
#3164 = CARTESIAN_POINT ( 'NONE',  ( -8.747666538587720808, 14.10648931882005463, 5.478519564744222414 ) ) ;
#3165 = EDGE_LOOP ( 'NONE', ( #1893, #2530, #3038, #1412 ) ) ;
#3166 = ORIENTED_EDGE ( 'NONE', *, *, #540, .F. ) ;
#3167 = CARTESIAN_POINT ( 'NONE',  ( -6.936426651362628704, 2.859982505562275179, -6.953330436963833350 ) ) ;
#3168 = CARTESIAN_POINT ( 'NONE',  ( 0.4710042094505245691, 4.698321652703628892, -9.683695719544534342 ) ) ;
#3169 = CARTESIAN_POINT ( 'NONE',  ( -1.644193978849174398, 14.13480330084209768, 10.02086234791100772 ) ) ;
#3170 = EDGE_LOOP ( 'NONE', ( #1603, #5369, #4230, #5909 ) ) ;
#3171 = DIRECTION ( 'NONE',  ( -0.000000000000000000, -1.000000000000000000, -0.000000000000000000 ) ) ;
#3172 = DIRECTION ( 'NONE',  ( 0.8831205555341226088, -0.3857503545768289355, -0.2670107644589507223 ) ) ;
#3173 = ORIENTED_EDGE ( 'NONE', *, *, #2925, .T. ) ;
#3174 = CARTESIAN_POINT ( 'NONE',  ( -0.5992634869519813945, 2.717947273532806296, 11.40634124996232757 ) ) ;
#3175 = CIRCLE ( 'NONE', #359, 0.09999999999999932554 ) ;
#3176 = B_SPLINE_CURVE_WITH_KNOTS ( 'NONE', 3,
 ( #1474, #4914, #4545, #5608, #4128, #985, #2119 ),
 .UNSPECIFIED., .F., .F.,
 ( 4, 3, 4 ),
 ( 6.290464705248931308E-05, 0.005562355922482144222, 0.01004541244044506940 ),
 .UNSPECIFIED. ) ;
#3177 = ORIENTED_EDGE ( 'NONE', *, *, #2183, .F. ) ;
#3178 = CARTESIAN_POINT ( 'NONE',  ( 5.359351316080823047, 14.14406121269385253, -8.559794417309507963 ) ) ;
#3179 = CARTESIAN_POINT ( 'NONE',  ( 1.007111475153457114, 4.882616307679036538, -4.347168780508377850 ) ) ;
#3180 = CARTESIAN_POINT ( 'NONE',  ( 0.5411055080210902535, 2.339537975489829780, 11.75923894226994015 ) ) ;
#3181 = DIRECTION ( 'NONE',  ( 0.000000000000000000, -0.1552607118642087003, 0.9878735300388502560 ) ) ;
#3182 = CARTESIAN_POINT ( 'NONE',  ( 6.996105387590132452, 3.794958671752637347, 7.710553645520262123 ) ) ;
#3183 = CARTESIAN_POINT ( 'NONE',  ( -1.948085865153571072, 8.035180655532641936, -3.951959786239371830 ) ) ;
#3184 = CARTESIAN_POINT ( 'NONE',  ( 6.430638670886973607, 4.034081443413479739, 7.883924258703308929 ) ) ;
#3185 = CARTESIAN_POINT ( 'NONE',  ( -0.8135101954000772961, 4.784787041261115981, -9.710188088109836357 ) ) ;
#3186 = EDGE_CURVE ( 'NONE', #3795, #706, #3498, .T. ) ;
#3187 = EDGE_CURVE ( 'NONE', #5696, #3761, #1552, .T. ) ;
#3188 = CARTESIAN_POINT ( 'NONE',  ( -5.656470062352015660, 3.756869696480750420, -8.849459339640581845 ) ) ;
#3189 = ORIENTED_EDGE ( 'NONE', *, *, #1637, .T. ) ;
#3190 = CARTESIAN_POINT ( 'NONE',  ( -9.260785332309213302, 14.16691473722287320, -3.676146828825674007 ) ) ;
#3191 = CARTESIAN_POINT ( 'NONE',  ( -1.826946779275412824, 8.541289445794713941, -9.713696368261919289 ) ) ;
#3192 = CARTESIAN_POINT ( 'NONE',  ( -9.938691265809925568, 14.16691622596714417, -0.7060029973724433194 ) ) ;
#3193 = CARTESIAN_POINT ( 'NONE',  ( -1.920832903779304601, 5.721755515944293435, -9.591580231987981264 ) ) ;
#3194 = ADVANCED_FACE ( 'NONE', ( #1356 ), #2271, .F. ) ;
#3195 = CARTESIAN_POINT ( 'NONE',  ( 0.9100665785395399832, 13.89599898141139889, 10.28193008137297859 ) ) ;
#3196 = EDGE_LOOP ( 'NONE', ( #1599, #4246, #2340, #1049 ) ) ;
#3197 = EDGE_LOOP ( 'NONE', ( #379, #4801, #5592, #6350 ) ) ;
#3198 = CARTESIAN_POINT ( 'NONE',  ( -8.889403104840493341, 18.29541210623126801, -4.217375815054434263 ) ) ;
#3199 = CARTESIAN_POINT ( 'NONE',  ( -3.355083029292898367, 14.14193359275653883, -9.540768594772066180 ) ) ;
#3200 = CIRCLE ( 'NONE', #443, 8.863739773864104166 ) ;
#3201 = CARTESIAN_POINT ( 'NONE',  ( 10.40256693376093722, 3.774689921015619287, -0.8039415925308716071 ) ) ;
#3202 = EDGE_LOOP ( 'NONE', ( #5664, #867, #4840, #2139 ) ) ;
#3203 = CARTESIAN_POINT ( 'NONE',  ( -8.918421045244135925, 3.773495035767985950, 5.512125472591844932 ) ) ;
#3204 = CARTESIAN_POINT ( 'NONE',  ( 9.922734455605072057, 7.136646439231514982, -3.245858753850874301 ) ) ;
#3205 = ORIENTED_EDGE ( 'NONE', *, *, #4157, .T. ) ;
#3206 = CARTESIAN_POINT ( 'NONE',  ( -0.1308439201780816907, 3.272107352488768051, 10.91117583244887612 ) ) ;
#3207 = CONICAL_SURFACE ( 'NONE', #6188, 10.50000000000000178, 0.01745329251994333364 ) ;
#3208 = SURFACE_STYLE_FILL_AREA ( #5704 ) ;
#3209 = CARTESIAN_POINT ( 'NONE',  ( -1.513604797796721746, 3.825291822202923075, 10.32710093531154882 ) ) ;
#3210 = AXIS2_PLACEMENT_3D ( 'NONE', #1497, #4906, #1010 ) ;
#3211 = CARTESIAN_POINT ( 'NONE',  ( -0.3999999999999996891, 14.89900303309609697, 0.1471782446070972750 ) ) ;
#3212 = B_SPLINE_CURVE_WITH_KNOTS ( 'NONE', 3,
 ( #3792, #5761, #1762, #868, #4799, #384 ),
 .UNSPECIFIED., .F., .F.,
 ( 4, 2, 4 ),
 ( 1.632507516731328823E-17, 0.0003992241979577801575, 0.0007984483959155440520 ),
 .UNSPECIFIED. ) ;
#3213 = DIRECTION ( 'NONE',  ( 0.3076104343909898398, 8.768433238969461877E-15, 0.9515123859697186548 ) ) ;
#3214 = DIRECTION ( 'NONE',  ( 0.000000000000000000, -0.9878735300388491458, -0.1552607118642151951 ) ) ;
#3215 = CARTESIAN_POINT ( 'NONE',  ( 7.588612009804837299, 3.669383407414551268, 7.309324084918539022 ) ) ;
#3216 = CARTESIAN_POINT ( 'NONE',  ( -10.48466939117987273, 3.669383429049914547, -1.082728662006497089 ) ) ;
#3217 = EDGE_LOOP ( 'NONE', ( #545, #1722, #4525, #2820, #1706, #3335, #244, #1262, #5966, #5685, #290, #1080, #1447, #3973, #34, #3553, #4734, #441, #781, #2100, #3312, #572 ) ) ;
#3218 = ORIENTED_EDGE ( 'NONE', *, *, #4311, .T. ) ;
#3219 = CARTESIAN_POINT ( 'NONE',  ( -4.612937987118488792, 18.63523994621698066, 8.277689404161213460 ) ) ;
#3220 = EDGE_LOOP ( 'NONE', ( #445, #3224, #1111, #2617 ) ) ;
#3221 = B_SPLINE_CURVE_WITH_KNOTS ( 'NONE', 3,
 ( #4565, #3556, #4175, #3592, #5559, #212 ),
 .UNSPECIFIED., .F., .F.,
 ( 4, 2, 4 ),
 ( 0.000000000000000000, 0.0003404253019290612824, 0.0006808506038581225647 ),
 .UNSPECIFIED. ) ;
#3222 = DIRECTION ( 'NONE',  ( 0.000000000000000000, -0.1551336448716597871, 0.9878934923506854648 ) ) ;
#3223 = DIRECTION ( 'NONE',  ( -1.000000000000000000, -3.430248998885766964E-15, 0.000000000000000000 ) ) ;
#3224 = ORIENTED_EDGE ( 'NONE', *, *, #3007, .F. ) ;
#3225 = CARTESIAN_POINT ( 'NONE',  ( -0.2144098491597647704, 14.79953136175674189, 0.1006546032862142698 ) ) ;
#3226 = EDGE_CURVE ( 'NONE', #5551, #5036, #2720, .T. ) ;
#3227 = EDGE_CURVE ( 'NONE', #1317, #3548, #534, .T. ) ;
#3228 = CARTESIAN_POINT ( 'NONE',  ( 5.970014673274078199, 3.939973368405798482, -8.427085786542029666 ) ) ;
#3229 = CARTESIAN_POINT ( 'NONE',  ( -0.2652963476516708718, 2.137480220049879698, 11.92381345887441846 ) ) ;
#3230 = VERTEX_POINT ( 'NONE', #875 ) ;
#3231 = CARTESIAN_POINT ( 'NONE',  ( 0.09519915471070176938, 4.649968615672277927, -9.659172484264292535 ) ) ;
#3232 = B_SPLINE_CURVE_WITH_KNOTS ( 'NONE', 3,
 ( #3899, #5312, #2830, #459 ),
 .UNSPECIFIED., .F., .F.,
 ( 4, 4 ),
 ( 0.000000000000000000, 0.0008208498688101468869 ),
 .UNSPECIFIED. ) ;
#3233 = CARTESIAN_POINT ( 'NONE',  ( 0.2618591808795105447, 2.915305823714930522, 11.00440232024586784 ) ) ;
#3234 = ORIENTED_EDGE ( 'NONE', *, *, #4217, .T. ) ;
#3235 = CARTESIAN_POINT ( 'NONE',  ( 9.035169442231504533, 3.939984671706218133, 5.002233934739611421 ) ) ;
#3236 = CARTESIAN_POINT ( 'NONE',  ( 0.000000000000000000, 14.14193358903615483, 0.000000000000000000 ) ) ;
#3237 = VERTEX_POINT ( 'NONE', #356 ) ;
#3238 = EDGE_CURVE ( 'NONE', #3303, #5696, #1658, .T. ) ;
#3239 = CARTESIAN_POINT ( 'NONE',  ( 0.5797782308267900309, 2.813121672465614509, 11.31950901823338995 ) ) ;
#3240 = ORIENTED_EDGE ( 'NONE', *, *, #3068, .T. ) ;
#3241 = FACE_OUTER_BOUND ( 'NONE', #569, .T. ) ;
#3242 = CARTESIAN_POINT ( 'NONE',  ( 0.2955954678319906437, 2.941596700625467076, 10.97730121702849004 ) ) ;
#3243 =( BOUNDED_SURFACE ( )  B_SPLINE_SURFACE ( 3, 2, ( 
 ( #4733, #2281, #5731 ),
 ( #1319, #5596, #3140 ),
 ( #707, #6107, #4766 ),
 ( #3342, #4342, #5824 ) ),
 .UNSPECIFIED., .F., .F., .T. ) 
 B_SPLINE_SURFACE_WITH_KNOTS ( ( 4, 4 ),
 ( 3, 3 ),
 ( 0.000000000000000000, 0.005799967177436534706 ),
 ( 0.000000000000000000, 1.000000000000000000 ),
 .UNSPECIFIED. ) 
 GEOMETRIC_REPRESENTATION_ITEM ( )  RATIONAL_B_SPLINE_SURFACE ( (
 ( 1.000000000000000000, 0.7639885047876484592, 1.000000000000000000),
 ( 1.000000000000000000, 0.7662491058405834776, 1.000000000000000000),
 ( 1.000000000000000000, 0.7662486930453632494, 1.000000000000000000),
 ( 1.000000000000000000, 0.7639881486104826980, 1.000000000000000000) ) ) 
 REPRESENTATION_ITEM ( '' )  SURFACE ( )  );
#3244 = SURFACE_STYLE_FILL_AREA ( #5638 ) ;
#3245 = CARTESIAN_POINT ( 'NONE',  ( -0.06319359132681769131, 3.284986617802146291, 10.89997274194753984 ) ) ;
#3246 = CARTESIAN_POINT ( 'NONE',  ( -9.768104036060488937, 4.445140645799235735, 0.9671570628901065003 ) ) ;
#3247 = DIRECTION ( 'NONE',  ( 0.000000000000000000, -0.9998476951563911586, -0.01745240643728358104 ) ) ;
#3248 = CARTESIAN_POINT ( 'NONE',  ( 0.4000000000000010769, 14.17288230262237114, 9.299999999999997158 ) ) ;
#3249 = DIRECTION ( 'NONE',  ( 1.000000000000000000, 0.000000000000000000, -1.906289534040448226E-16 ) ) ;
#3250 = CARTESIAN_POINT ( 'NONE',  ( 5.511482124986204489, 13.89619262924557752, -8.731648764441041877 ) ) ;
#3251 = AXIS2_PLACEMENT_3D ( 'NONE', #5447, #5414, #1012 ) ;
#3252 = CARTESIAN_POINT ( 'NONE',  ( 1.329118640370735349, 14.15254961778534870, 9.961024985976205670 ) ) ;
#3253 = ORIENTED_EDGE ( 'NONE', *, *, #5479, .F. ) ;
#3254 = CARTESIAN_POINT ( 'NONE',  ( -5.130831052782205859, 18.56270439925037152, 8.056426032624633748 ) ) ;
#3255 = CARTESIAN_POINT ( 'NONE',  ( -2.887601738470207291, 13.91644146462253850, -9.492059699859261457 ) ) ;
#3256 = ORIENTED_EDGE ( 'NONE', *, *, #5368, .T. ) ;
#3257 = PRESENTATION_LAYER_ASSIGNMENT (  '', '', ( #2120 ) ) ;
#3258 = B_SPLINE_CURVE_WITH_KNOTS ( 'NONE', 3,
 ( #1276, #727, #2683, #4660, #5165, #242 ),
 .UNSPECIFIED., .F., .F.,
 ( 4, 2, 4 ),
 ( 1.084202172485504434E-18, 0.0003992262148666217577, 0.0007984524297332421059 ),
 .UNSPECIFIED. ) ;
#3259 = B_SPLINE_CURVE_WITH_KNOTS ( 'NONE', 3,
 ( #1413, #3338, #2854, #2276, #4727, #5271 ),
 .UNSPECIFIED., .F., .F.,
 ( 4, 2, 4 ),
 ( 1.135846542374492712E-16, 0.002863003161406887671, 0.005726006322813660850 ),
 .UNSPECIFIED. ) ;
#3260 = CARTESIAN_POINT ( 'NONE',  ( -6.857118969235835415, 14.15872707062206359, 7.296430902878056735 ) ) ;
#3261 = AXIS2_PLACEMENT_3D ( 'NONE', #3351, #4354, #3323 ) ;
#3262 = CARTESIAN_POINT ( 'NONE',  ( 7.561834999605695273, 3.756969513007718753, 7.283532563976659269 ) ) ;
#3263 = CARTESIAN_POINT ( 'NONE',  ( 1.687638554666207602, 9.409385675999944354, 10.09106025107493032 ) ) ;
#3264 = CARTESIAN_POINT ( 'NONE',  ( 1.402048823865227334, 5.135017730042344297, -9.550495667248810605 ) ) ;
#3265 = CARTESIAN_POINT ( 'NONE',  ( 5.620800871074185245, 13.91644146470739507, -8.175820368833987217 ) ) ;
#3266 = CONICAL_SURFACE ( 'NONE', #3785, 4.325449350717825325, 0.01745329251994336486 ) ;
#3267 = EDGE_CURVE ( 'NONE', #5047, #1317, #2191, .T. ) ;
#3268 = DIRECTION ( 'NONE',  ( 0.000000000000000000, 0.000000000000000000, -1.000000000000000000 ) ) ;
#3269 = CARTESIAN_POINT ( 'NONE',  ( -0.1938781648609318453, 4.656501246834043428, -9.661022794114835222 ) ) ;
#3270 = CARTESIAN_POINT ( 'NONE',  ( 9.035169442231504533, 3.939984671706218133, 5.002233934739611421 ) ) ;
#3271 = VERTEX_POINT ( 'NONE', #4469 ) ;
#3272 = CARTESIAN_POINT ( 'NONE',  ( -9.870097800132196397, 3.773495035935523489, -3.535948328033327925 ) ) ;
#3273 = CARTESIAN_POINT ( 'NONE',  ( 8.606153869344943530, 13.89599898141196199, 5.699159846220374526 ) ) ;
#3274 = ORIENTED_EDGE ( 'NONE', *, *, #6151, .T. ) ;
#3275 = CARTESIAN_POINT ( 'NONE',  ( 0.5823298845861787365, 2.430420931757415470, 11.67319192700047559 ) ) ;
#3276 = ORIENTED_EDGE ( 'NONE', *, *, #3749, .F. ) ;
#3277 = EDGE_CURVE ( 'NONE', #2793, #3041, #275, .T. ) ;
#3278 = ADVANCED_FACE ( 'NONE', ( #2020 ), #6327, .T. ) ;
#3279 = CARTESIAN_POINT ( 'NONE',  ( 0.1059465607425391920, 2.003015769688290426, 11.91940045041713780 ) ) ;
#3280 = SURFACE_SIDE_STYLE ('',( #969 ) ) ;
#3281 = CARTESIAN_POINT ( 'NONE',  ( -1.531003811766401990, 3.774689921329858588, 10.32064669570410409 ) ) ;
#3282 = CARTESIAN_POINT ( 'NONE',  ( -9.071429913380796961, 4.121999042172617145, 4.541305324125034737 ) ) ;
#3283 = DIRECTION ( 'NONE',  ( 0.000000000000000000, 0.9118689810611084745, -0.4104813776270194170 ) ) ;
#3284 =( GEOMETRIC_REPRESENTATION_CONTEXT ( 3 ) GLOBAL_UNCERTAINTY_ASSIGNED_CONTEXT ( ( #2914 ) ) GLOBAL_UNIT_ASSIGNED_CONTEXT ( ( #5573, #5391, #6051 ) ) REPRESENTATION_CONTEXT ( 'NONE', 'WORKASPACE' ) );
#3285 =( BOUNDED_SURFACE ( )  B_SPLINE_SURFACE ( 3, 2, ( 
 ( #4450, #945, #1882 ),
 ( #1944, #2424, #435 ),
 ( #403, #28, #979 ),
 ( #2903, #2391, #4874 ) ),
 .UNSPECIFIED., .F., .F., .T. ) 
 B_SPLINE_SURFACE_WITH_KNOTS ( ( 4, 4 ),
 ( 3, 3 ),
 ( 5.421010862427522170E-20, 0.0008838515630135378685 ),
 ( 0.000000000000000000, 1.000000000000000000 ),
 .UNSPECIFIED. ) 
 GEOMETRIC_REPRESENTATION_ITEM ( )  RATIONAL_B_SPLINE_SURFACE ( (
 ( 1.000000000000000000, 0.9271838545667858700, 1.000000000000000000),
 ( 1.000000000000000000, 0.9273783597730146377, 1.000000000000000000),
 ( 1.000000000000000000, 0.9211205640432161834, 1.000000000000000000),
 ( 1.000000000000000000, 0.9101417911116166382, 1.000000000000000000) ) ) 
 REPRESENTATION_ITEM ( '' )  SURFACE ( )  );
#3286 = CARTESIAN_POINT ( 'NONE',  ( -6.866305288231351334, 3.886657979245130345, 7.703036598950546932 ) ) ;
#3287 = CARTESIAN_POINT ( 'NONE',  ( 10.13338705590806299, 13.92087438194840487, -0.6111496338307399467 ) ) ;
#3288 = DIRECTION ( 'NONE',  ( 0.000000000000000000, -0.9878735300388550300, -0.1552607118641786965 ) ) ;
#3289 = CARTESIAN_POINT ( 'NONE',  ( -9.896617472784662084, 13.91644294727721842, -0.7030142513502274371 ) ) ;
#3290 = AXIS2_PLACEMENT_3D ( 'NONE', #3348, #4808, #429 ) ;
#3291 = CARTESIAN_POINT ( 'NONE',  ( -6.685744244008365200, 18.09584199410536343, 7.492620272772963830 ) ) ;
#3292 = CARTESIAN_POINT ( 'NONE',  ( -1.723982207964531721, 3.695334435534241013, 10.18693656726208374 ) ) ;
#3293 = CARTESIAN_POINT ( 'NONE',  ( -5.844932835189981191, 3.825714322197068196, -8.646856761152143633 ) ) ;
#3294 = CARTESIAN_POINT ( 'NONE',  ( -0.2637234747430873272, 2.066769541931224641, 11.85312027624119935 ) ) ;
#3295 = UNCERTAINTY_MEASURE_WITH_UNIT (LENGTH_MEASURE( 1.000000000000000082E-05 ), #596, 'distance_accuracy_value', 'NONE');
#3296 = CARTESIAN_POINT ( 'NONE',  ( 1.699454261081540629, 7.547373101248557425, 10.12231430582255598 ) ) ;
#3297 = CARTESIAN_POINT ( 'NONE',  ( 1.408815825876458261, 18.50824957971466134, -9.503863206874129332 ) ) ;
#3298 = SURFACE_STYLE_FILL_AREA ( #6255 ) ;
#3299 = B_SPLINE_CURVE_WITH_KNOTS ( 'NONE', 3,
 ( #4670, #4635, #2213, #2244, #1734, #705 ),
 .UNSPECIFIED., .F., .F.,
 ( 4, 2, 4 ),
 ( 2.276824562219559311E-18, 0.0005990577170168100282, 0.001198115434033617671 ),
 .UNSPECIFIED. ) ;
#3300 = AXIS2_PLACEMENT_3D ( 'NONE', #4125, #3409, #2354 ) ;
#3301 = DIRECTION ( 'NONE',  ( -1.000000000000000000, -0.000000000000000000, -1.906289534040448719E-16 ) ) ;
#3302 = CARTESIAN_POINT ( 'NONE',  ( -1.964022068988548142, 3.947596968655341154, 10.07038497637169705 ) ) ;
#3303 = VERTEX_POINT ( 'NONE', #549 ) ;
#3304 = CARTESIAN_POINT ( 'NONE',  ( 10.01744609551044540, 14.14193358903626496, -1.372029545442243981 ) ) ;
#3305 = ORIENTED_EDGE ( 'NONE', *, *, #2933, .T. ) ;
#3306 = DIRECTION ( 'NONE',  ( 0.3527587469661772612, 0.000000000000000000, -0.9357143081298119336 ) ) ;
#3307 = CARTESIAN_POINT ( 'NONE',  ( -10.22300983075069425, 14.10646180264001259, -1.400196867657781619 ) ) ;
#3308 = EDGE_LOOP ( 'NONE', ( #5400, #5081, #1416, #542 ) ) ;
#3309 = DIRECTION ( 'NONE',  ( 0.000000000000000000, 1.000000000000000000, 0.000000000000000000 ) ) ;
#3310 = B_SPLINE_CURVE_WITH_KNOTS ( 'NONE', 3,
 ( #2228, #1335, #753, #268, #3260, #2302 ),
 .UNSPECIFIED., .F., .F.,
 ( 4, 2, 4 ),
 ( 0.000000000000000000, 0.0003404253010694048066, 0.0006808506021388096132 ),
 .UNSPECIFIED. ) ;
#3311 = B_SPLINE_CURVE_WITH_KNOTS ( 'NONE', 3,
 ( #3658, #2107, #1112, #2689 ),
 .UNSPECIFIED., .F., .F.,
 ( 4, 4 ),
 ( 0.001104184918958053341, 0.01124490182513531930 ),
 .UNSPECIFIED. ) ;
#3312 = ORIENTED_EDGE ( 'NONE', *, *, #5804, .T. ) ;
#3313 = CARTESIAN_POINT ( 'NONE',  ( -2.176022427126814929, 6.309026430125757479, -3.864930350690513716 ) ) ;
#3314 = CARTESIAN_POINT ( 'NONE',  ( 0.3993511953769147693, 2.181969647684582458, 11.73415546692804412 ) ) ;
#3315 = DIRECTION ( 'NONE',  ( 1.000000000000000000, 3.416338905061798587E-15, 0.000000000000000000 ) ) ;
#3316 = CARTESIAN_POINT ( 'NONE',  ( 0.5311981127822450466, 3.038555481035742023, 11.15451856485192117 ) ) ;
#3317 = CARTESIAN_POINT ( 'NONE',  ( 4.917716754782583521, 14.27184673333615450, 7.975390898282722851 ) ) ;
#3318 = EDGE_CURVE ( 'NONE', #5208, #4698, #1270, .T. ) ;
#3319 = CARTESIAN_POINT ( 'NONE',  ( -9.082997677555750826, 3.852387264736691463, 4.968856377826645243 ) ) ;
#3320 = EDGE_CURVE ( 'NONE', #3795, #4236, #627, .T. ) ;
#3321 = CARTESIAN_POINT ( 'NONE',  ( 8.783579905614814720, 3.756969513007729855, 5.751514514756044250 ) ) ;
#3322 = CARTESIAN_POINT ( 'NONE',  ( 0.000000000000000000, 6.899999999999999467, -12.50000000000000000 ) ) ;
#3323 = DIRECTION ( 'NONE',  ( 0.000000000000000000, -0.9878735300388550300, -0.1552607118641786965 ) ) ;
#3324 = ORIENTED_EDGE ( 'NONE', *, *, #6376, .T. ) ;
#3325 = AXIS2_PLACEMENT_3D ( 'NONE', #2790, #3860, #6231 ) ;
#3326 = CARTESIAN_POINT ( 'NONE',  ( -1.722421871015298978, 3.939973368873172621, 10.18283422933146731 ) ) ;
#3327 = CARTESIAN_POINT ( 'NONE',  ( 2.413098186751073904, 4.130523735791427065, -9.850853746072777639 ) ) ;
#3328 = CARTESIAN_POINT ( 'NONE',  ( 5.418714751094497295, 3.705665997290575220, -8.993749520987936563 ) ) ;
#3329 = CARTESIAN_POINT ( 'NONE',  ( -7.285730981010373419, 14.10648961879076069, 7.311323034807981180 ) ) ;
#3330 =( LENGTH_UNIT ( ) NAMED_UNIT ( * ) SI_UNIT ( .MILLI., .METRE. ) );
#3331 =( LENGTH_UNIT ( ) NAMED_UNIT ( * ) SI_UNIT ( .MILLI., .METRE. ) );
#3332 = EDGE_LOOP ( 'NONE', ( #139, #3177, #4794, #2018 ) ) ;
#3333 = CARTESIAN_POINT ( 'NONE',  ( 2.242066075984202378, 18.29689906501395313, -9.578962204662369473 ) ) ;
#3334 = DIRECTION ( 'NONE',  ( -1.000000000000000000, -0.000000000000000000, -1.906289534040448719E-16 ) ) ;
#3335 = ORIENTED_EDGE ( 'NONE', *, *, #3043, .T. ) ;
#3336 = CARTESIAN_POINT ( 'NONE',  ( 9.922921695668746267, 7.124157179977482102, -3.245988974751440992 ) ) ;
#3337 = EDGE_LOOP ( 'NONE', ( #6006, #5974, #4051, #933, #4275, #2277, #1879, #771, #3636, #1758, #1733, #3374, #5375, #187, #900, #3102, #1700, #3951, #3791, #5145 ) ) ;
#3338 = CARTESIAN_POINT ( 'NONE',  ( -8.698125525376278588, 13.99046237970656392, -4.496068318147794507 ) ) ;
#3339 = CARTESIAN_POINT ( 'NONE',  ( 8.942232049350135270, 9.380226453182054058, 4.972384707585428387 ) ) ;
#3340 = CARTESIAN_POINT ( 'NONE',  ( 3.116128825015660020, 3.825714322166999803, -9.960979512188881557 ) ) ;
#3341 = ORIENTED_EDGE ( 'NONE', *, *, #3396, .T. ) ;
#3342 = CARTESIAN_POINT ( 'NONE',  ( 8.648128197992061672, 14.16691622592402489, 4.948323249908363586 ) ) ;
#3343 = ORIENTED_EDGE ( 'NONE', *, *, #3358, .F. ) ;
#3344 = CARTESIAN_POINT ( 'NONE',  ( -0.6013163476793789153, 4.711750104210056023, -4.431200173378798013 ) ) ;
#3345 = CARTESIAN_POINT ( 'NONE',  ( 0.3322576850013154171, 1.909650218407122679, 12.00924057280381696 ) ) ;
#3346 = CARTESIAN_POINT ( 'NONE',  ( -0.1377935480019992776, 3.308326830730405455, 10.89664603125159559 ) ) ;
#3347 = CARTESIAN_POINT ( 'NONE',  ( -0.2425699655362544560, 3.230103709560936398, 10.94787280865401513 ) ) ;
#3348 = CARTESIAN_POINT ( 'NONE',  ( -5.483773972083901604, 3.759185968624938479, -9.101753054288304057 ) ) ;
#3349 = CARTESIAN_POINT ( 'NONE',  ( -2.113154839852440237, 4.076122564578523289, 9.915175741510893204 ) ) ;
#3350 = EDGE_CURVE ( 'NONE', #995, #1379, #3884, .T. ) ;
#3351 = CARTESIAN_POINT ( 'NONE',  ( 0.3000000000000013767, 14.17288230262237292, 9.299999999999995381 ) ) ;
#3352 = ORIENTED_EDGE ( 'NONE', *, *, #3626, .T. ) ;
#3353 = EDGE_CURVE ( 'NONE', #2708, #4955, #5951, .T. ) ;
#3354 = CARTESIAN_POINT ( 'NONE',  ( 9.547949032085732313, 3.852398570225732399, -4.003350558846304530 ) ) ;
#3355 = CARTESIAN_POINT ( 'NONE',  ( -7.045469354879934976, 13.90671125831096688, 7.446092009196964234 ) ) ;
#3356 = CARTESIAN_POINT ( 'NONE',  ( 0.2618591808795105447, 2.915305823714930522, 11.00440232024586784 ) ) ;
#3357 = CARTESIAN_POINT ( 'NONE',  ( 0.3979218593386438796, 14.26393420365599418, 9.361273435287502664 ) ) ;
#3358 = EDGE_CURVE ( 'NONE', #6355, #3914, #5110, .T. ) ;
#3359 = CARTESIAN_POINT ( 'NONE',  ( -0.6041953977080167792, 2.652549989388776730, 11.38079593282475521 ) ) ;
#3360 = CARTESIAN_POINT ( 'NONE',  ( -0.1999999999999997335, 14.15750163757763325, 9.499999999999998224 ) ) ;
#3361 = ORIENTED_EDGE ( 'NONE', *, *, #1432, .F. ) ;
#3362 = CARTESIAN_POINT ( 'NONE',  ( 1.935816631563814783, 5.745170186193318429, -9.592800118472711191 ) ) ;
#3363 =( BOUNDED_SURFACE ( )  B_SPLINE_SURFACE ( 3, 2, ( 
 ( #2732, #2767, #6175 ),
 ( #2636, #4612, #192 ),
 ( #4161, #1196, #3736 ),
 ( #1743, #1225, #2289 ) ),
 .UNSPECIFIED., .F., .F., .T. ) 
 B_SPLINE_SURFACE_WITH_KNOTS ( ( 4, 4 ),
 ( 3, 3 ),
 ( 1.235990476633475055E-17, 0.005799967170841408351 ),
 ( 0.000000000000000000, 1.000000000000000000 ),
 .UNSPECIFIED. ) 
 GEOMETRIC_REPRESENTATION_ITEM ( )  RATIONAL_B_SPLINE_SURFACE ( (
 ( 1.000000000000000000, 0.7639885047946661789, 1.000000000000000000),
 ( 1.000000000000000000, 0.7662491057747139456, 1.000000000000000000),
 ( 1.000000000000000000, 0.7662486931094996123, 1.000000000000000000),
 ( 1.000000000000000000, 0.7639881485874399081, 1.000000000000000000) ) ) 
 REPRESENTATION_ITEM ( '' )  SURFACE ( )  );
#3364 = CARTESIAN_POINT ( 'NONE',  ( 6.966344683859949427, 14.15048065421595780, 7.262432747472460370 ) ) ;
#3365 = COLOUR_RGB ( '',1.000000000000000000, 1.000000000000000000, 1.000000000000000000 ) ;
#3366 = CARTESIAN_POINT ( 'NONE',  ( -1.271135707741076649E-14, 3.705665997290399805, 0.000000000000000000 ) ) ;
#3367 = ORIENTED_EDGE ( 'NONE', *, *, #4576, .T. ) ;
#3368 = FACE_OUTER_BOUND ( 'NONE', #5530, .T. ) ;
#3369 = ORIENTED_EDGE ( 'NONE', *, *, #5089, .F. ) ;
#3370 = FACE_OUTER_BOUND ( 'NONE', #5168, .T. ) ;
#3371 = AXIS2_PLACEMENT_3D ( 'NONE', #2783, #3301, #4661 ) ;
#3372 = EDGE_LOOP ( 'NONE', ( #3205, #4945, #1668, #3920 ) ) ;
#3373 = CARTESIAN_POINT ( 'NONE',  ( 3.381520027320055350E-12, -985.7943340027095473, 0.000000000000000000 ) ) ;
#3374 = ORIENTED_EDGE ( 'NONE', *, *, #1001, .T. ) ;
#3375 = FACE_OUTER_BOUND ( 'NONE', #1352, .T. ) ;
#3376 = CARTESIAN_POINT ( 'NONE',  ( -0.06851913905575292285, 3.320342601421605089, 10.88532520723670949 ) ) ;
#3377 = CARTESIAN_POINT ( 'NONE',  ( -10.00703801409381022, 14.15254961776232179, -0.9207417219821376619 ) ) ;
#3378 = CARTESIAN_POINT ( 'NONE',  ( 0.2001668056713926114, 14.23348072557188182, 9.557964970809006644 ) ) ;
#3379 = CARTESIAN_POINT ( 'NONE',  ( -3.769428805218491885, 4.505686234432657145, 8.950918824003766261 ) ) ;
#3380 = CARTESIAN_POINT ( 'NONE',  ( -5.361203727881013847, 14.14412282275342214, -8.558208429990081356 ) ) ;
#3381 = CARTESIAN_POINT ( 'NONE',  ( 0.3162495910314513381, 2.986016501834269476, 10.99011158458694126 ) ) ;
#3382 = DIRECTION ( 'NONE',  ( -0.9914390388062552795, 0.000000000000000000, 0.1305704113914343545 ) ) ;
#3383 = CARTESIAN_POINT ( 'NONE',  ( 2.823103349089884695, 3.852398569387891936, -9.960935393527449833 ) ) ;
#3384 = CARTESIAN_POINT ( 'NONE',  ( -0.2526837260312767564, 14.18389697793721105, 9.500000000000000000 ) ) ;
#3385 = AXIS2_PLACEMENT_3D ( 'NONE', #4757, #5359, #953 ) ;
#3386 = AXIS2_PLACEMENT_3D ( 'NONE', #1627, #3222, #4294 ) ;
#3387 = B_SPLINE_CURVE_WITH_KNOTS ( 'NONE', 3,
 ( #225, #5149, #2190, #845, #4772, #6083 ),
 .UNSPECIFIED., .F., .F.,
 ( 4, 2, 4 ),
 ( 1.301042606982605321E-18, 0.0004385534994988650676, 0.0008771069989977288341 ),
 .UNSPECIFIED. ) ;
#3388 = PLANE ( 'NONE',  #5860 ) ;
#3389 = AXIS2_PLACEMENT_3D ( 'NONE', #2666, #4158, #4287 ) ;
#3390 = CARTESIAN_POINT ( 'NONE',  ( 0.02851788502899302302, 1.988172732835311818, 11.93488083396013444 ) ) ;
#3391 = CARTESIAN_POINT ( 'NONE',  ( -0.3050324670201452482, 14.15905278952597257, 9.478008134162209330 ) ) ;
#3392 = ORIENTED_EDGE ( 'NONE', *, *, #5446, .F. ) ;
#3393 = CARTESIAN_POINT ( 'NONE',  ( 1.059657901870243446, 4.896520785589445701, -9.720455208206697506 ) ) ;
#3394 = CARTESIAN_POINT ( 'NONE',  ( -12.41076882969111495, 1.702632157470004071, 1.525344665579043823E-15 ) ) ;
#3395 = EDGE_CURVE ( 'NONE', #1558, #3795, #4228, .T. ) ;
#3396 = EDGE_CURVE ( 'NONE', #645, #272, #5561, .T. ) ;
#3397 = CARTESIAN_POINT ( 'NONE',  ( -0.4716721268057286198, 2.200805841223673731, 11.99603731784887728 ) ) ;
#3398 = CARTESIAN_POINT ( 'NONE',  ( 6.083785145297648356, 4.035402914541053931, -8.227483593370271464 ) ) ;
#3399 = ORIENTED_EDGE ( 'NONE', *, *, #2218, .T. ) ;
#3400 = CARTESIAN_POINT ( 'NONE',  ( -1.180428351637739566E-16, 4.649999999999998579, -4.464217116897155613 ) ) ;
#3401 = CARTESIAN_POINT ( 'NONE',  ( 0.9550018047005923716, 14.02533505585749474, -9.533860490739323623 ) ) ;
#3402 = CARTESIAN_POINT ( 'NONE',  ( 1.766964418500229928E-14, 14.20566599729045087, 0.000000000000000000 ) ) ;
#3403 = ORIENTED_EDGE ( 'NONE', *, *, #5486, .F. ) ;
#3404 = CARTESIAN_POINT ( 'NONE',  ( -1.334553694753954023, 14.15048065426347357, 9.974560346018748191 ) ) ;
#3405 = AXIS2_PLACEMENT_3D ( 'NONE', #2444, #6204, #3764 ) ;
#3406 = ADVANCED_FACE ( 'NONE', ( #4177 ), #2173, .F. ) ;
#3407 = ORIENTED_EDGE ( 'NONE', *, *, #296, .F. ) ;
#3408 = CARTESIAN_POINT ( 'NONE',  ( 0.1999999999999997335, 14.18411949163389707, 9.500000000000000000 ) ) ;
#3409 = DIRECTION ( 'NONE',  ( 1.000000000000000000, 0.000000000000000000, -1.224646799147353207E-16 ) ) ;
#3410 =( NAMED_UNIT ( * ) PLANE_ANGLE_UNIT ( ) SI_UNIT ( $, .RADIAN. ) );
#3411 = CARTESIAN_POINT ( 'NONE',  ( -3.665706306926729940, 3.669383407414250620, -9.878048799489093312 ) ) ;
#3412 = CARTESIAN_POINT ( 'NONE',  ( -6.431892556758333157, 4.042931879392921424, 7.879107588181163635 ) ) ;
#3413 = LINE ( 'NONE', #3442, #6348 ) ;
#3414 = CARTESIAN_POINT ( 'NONE',  ( 1.341063225021395633, 10.55531654193490709, 10.30161010864974358 ) ) ;
#3415 = CARTESIAN_POINT ( 'NONE',  ( -6.786222047237536970, 14.27257337621367661, -6.664392914492545117 ) ) ;
#3416 = CARTESIAN_POINT ( 'NONE',  ( -0.9797680555444748807, 3.756969513007407890, 10.45328894315614043 ) ) ;
#3417 = CARTESIAN_POINT ( 'NONE',  ( 1.948808937523577312, 4.284774967410282187, -9.795442145189785066 ) ) ;
#3418 = CARTESIAN_POINT ( 'NONE',  ( -0.4235676167197202635, 14.25158154692196177, 9.437954243186933212 ) ) ;
#3419 = VECTOR ( 'NONE', #4229, 1000.000000000000000 ) ;
#3420 = DIRECTION ( 'NONE',  ( 7.993605777301127091E-15, 0.000000000000000000, -1.000000000000000000 ) ) ;
#3421 = CARTESIAN_POINT ( 'NONE',  ( -6.027596737763693646, 3.852398569460378841, -8.417732711310653926 ) ) ;
#3422 = CARTESIAN_POINT ( 'NONE',  ( -7.887723782727991129, 4.505686234456325323, -5.666688171972984023 ) ) ;
#3423 = ORIENTED_EDGE ( 'NONE', *, *, #2604, .F. ) ;
#3424 = CARTESIAN_POINT ( 'NONE',  ( -0.1448145947279349255, 9.353549133542600202, -9.615372718333063062 ) ) ;
#3425 = CARTESIAN_POINT ( 'NONE',  ( -9.861119033523824129, 4.322518810183387572, 0.7848413707405794693 ) ) ;
#3426 = UNCERTAINTY_MEASURE_WITH_UNIT (LENGTH_MEASURE( 1.000000000000000082E-05 ), #1908, 'distance_accuracy_value', 'NONE');
#3427 = DIRECTION ( 'NONE',  ( 1.000000000000000000, 3.428144012049165396E-15, 0.000000000000000000 ) ) ;
#3428 = CARTESIAN_POINT ( 'NONE',  ( 7.895185860235425679, 4.542813483333566715, -5.663831521192339125 ) ) ;
#3429 = EDGE_LOOP ( 'NONE', ( #373, #5519, #3820, #2411 ) ) ;
#3430 = CARTESIAN_POINT ( 'NONE',  ( -9.837704321422251041, 18.29689846508109241, -0.05433332487863522242 ) ) ;
#3431 = CARTESIAN_POINT ( 'NONE',  ( 7.279283571427211719, 3.697164847800618048, 7.578366727726109531 ) ) ;
#3432 = ADVANCED_FACE ( 'NONE', ( #3630 ), #3036, .T. ) ;
#3433 = ORIENTED_EDGE ( 'NONE', *, *, #3470, .T. ) ;
#3434 = CARTESIAN_POINT ( 'NONE',  ( -5.899235816807654409, 9.380226453209360216, -8.359852898167131841 ) ) ;
#3435 = ORIENTED_EDGE ( 'NONE', *, *, #3267, .T. ) ;
#3436 = AXIS2_PLACEMENT_3D ( 'NONE', #1467, #1, #1014 ) ;
#3437 = CARTESIAN_POINT ( 'NONE',  ( -2.866317708478580695, 3.939973367754325384, -9.921747470053977835 ) ) ;
#3438 = CARTESIAN_POINT ( 'NONE',  ( 9.395020863502976383, 13.92087586582881187, -3.846090504979813307 ) ) ;
#3439 = EDGE_CURVE ( 'NONE', #5915, #5426, #5734, .T. ) ;
#3440 = CARTESIAN_POINT ( 'NONE',  ( 2.114366497215766305, 4.076753323717607458, 9.914327801597611511 ) ) ;
#3441 = AXIS2_PLACEMENT_3D ( 'NONE', #4669, #6198, #251 ) ;
#3442 = CARTESIAN_POINT ( 'NONE',  ( -0.4000000000000013545, 13.63511657567311097, 9.299999999999997158 ) ) ;
#3443 =( NAMED_UNIT ( * ) PLANE_ANGLE_UNIT ( ) SI_UNIT ( $, .RADIAN. ) );
#3444 = CARTESIAN_POINT ( 'NONE',  ( -2.180755411353215072E-14, 3.759185968625231133, 0.000000000000000000 ) ) ;
#3445 = CARTESIAN_POINT ( 'NONE',  ( -3.641209030556613158, 13.89599898141095480, -9.658566362116294712 ) ) ;
#3446 = CARTESIAN_POINT ( 'NONE',  ( -0.4000000000023664626, 14.22254638226903722, 9.300000000000455458 ) ) ;
#3447 = CARTESIAN_POINT ( 'NONE',  ( 6.870605646704919245, 5.772828836153666821, 7.667234818572016941 ) ) ;
#3448 = CARTESIAN_POINT ( 'NONE',  ( 0.4383889946491995038, 2.727984344630630442, 11.18630216232447872 ) ) ;
#3449 = CARTESIAN_POINT ( 'NONE',  ( -6.986195593429280315, 4.486634211794092053, -6.835329661903657872 ) ) ;
#3450 = ORIENTED_EDGE ( 'NONE', *, *, #5401, .F. ) ;
#3451 = CARTESIAN_POINT ( 'NONE',  ( 1.714062681848926850, 8.643006176935088547, -9.702581097078560646 ) ) ;
#3452 = CARTESIAN_POINT ( 'NONE',  ( 0.000000000000000000, 0.000000000000000000, 0.000000000000000000 ) ) ;
#3453 = B_SPLINE_CURVE_WITH_KNOTS ( 'NONE', 3,
 ( #1757, #1340, #1308, #1823 ),
 .UNSPECIFIED., .F., .F.,
 ( 4, 4 ),
 ( 0.002910339365644003858, 0.005819548969930310456 ),
 .UNSPECIFIED. ) ;
#3454 = CARTESIAN_POINT ( 'NONE',  ( 5.483783271864879794, 3.759185968624975338, -9.101747451196718686 ) ) ;
#3455 = ORIENTED_EDGE ( 'NONE', *, *, #2840, .T. ) ;
#3456 = CARTESIAN_POINT ( 'NONE',  ( 0.5861976336888581329, 2.339537975491734922, 11.78084218746047362 ) ) ;
#3457 = DIRECTION ( 'NONE',  ( -0.003338902816470811462, 0.9999944258484554371, 0.000000000000000000 ) ) ;
#3458 = MECHANICAL_DESIGN_GEOMETRIC_PRESENTATION_REPRESENTATION (  '', ( #2734 ), #59 ) ;
#3459 = ORIENTED_EDGE ( 'NONE', *, *, #3505, .F. ) ;
#3460 = STYLED_ITEM ( 'NONE', ( #3051 ), #2418 ) ;
#3461 = B_SPLINE_CURVE_WITH_KNOTS ( 'NONE', 3,
 ( #294, #6173, #1771, #3246, #6113, #3149, #3766, #2325, #1328, #5215, #811, #3282, #3671, #1221 ),
 .UNSPECIFIED., .F., .F.,
 ( 4, 2, 2, 2, 2, 2, 4 ),
 ( 8.182674270850422113E-18, 0.001474135640209623494, 0.002211203460314431664, 0.002948271280419240050, 0.004422406920628856389, 0.005159474740733665209, 0.005896542560838474029 ),
 .UNSPECIFIED. ) ;
#3462 = ORIENTED_EDGE ( 'NONE', *, *, #5511, .T. ) ;
#3463 = CARTESIAN_POINT ( 'NONE',  ( -0.3183556171819611480, 2.137480220049879698, 12.00857615064923145 ) ) ;
#3464 = AXIS2_PLACEMENT_3D ( 'NONE', #5745, #4518, #3288 ) ;
#3465 = CARTESIAN_POINT ( 'NONE',  ( 3.566732706751580384, 14.14193358903626141, -9.460978234232060302 ) ) ;
#3466 = CARTESIAN_POINT ( 'NONE',  ( -10.03290164372767990, 14.14193358903622766, -1.259186683886780678 ) ) ;
#3467 = CARTESIAN_POINT ( 'NONE',  ( 9.220334076839119319, 4.445072331137019717, 3.367202549634931597 ) ) ;
#3468 = AXIS2_PLACEMENT_3D ( 'NONE', #3229, #4302, #5198 ) ;
#3469 = ADVANCED_FACE ( 'NONE', ( #4148 ), #4361, .F. ) ;
#3470 = EDGE_CURVE ( 'NONE', #1084, #1184, #5043, .T. ) ;
#3471 = CARTESIAN_POINT ( 'NONE',  ( 0.5208522666309511884, 2.392850631011521845, 11.80151322550472948 ) ) ;
#3472 = CARTESIAN_POINT ( 'NONE',  ( -3.641109026847177077, 13.98186165594938224, -9.657002347349919802 ) ) ;
#3473 = CARTESIAN_POINT ( 'NONE',  ( -0.1999999999999997335, 14.15750163757763325, 9.400000000000000355 ) ) ;
#3474 = CARTESIAN_POINT ( 'NONE',  ( -5.840249803039209375, 13.92087586572978886, -8.303632425037040576 ) ) ;
#3475 = CARTESIAN_POINT ( 'NONE',  ( -5.654655067138585345, 3.756870477106905692, -8.850552851919102793 ) ) ;
#3476 = CARTESIAN_POINT ( 'NONE',  ( -0.4503751990988440479, 14.26164864111125752, 9.373289873384615944 ) ) ;
#3477 = EDGE_CURVE ( 'NONE', #4114, #1298, #5668, .T. ) ;
#3478 = DIRECTION ( 'NONE',  ( 0.000000000000000000, 0.000000000000000000, 1.000000000000000000 ) ) ;
#3479 = CARTESIAN_POINT ( 'NONE',  ( 1.554564255682773011, 3.737636420450413777, 10.35490569496929503 ) ) ;
#3480 = CARTESIAN_POINT ( 'NONE',  ( 0.5087858915787075720, 2.508196454323595503, 11.40331098645173569 ) ) ;
#3481 = CARTESIAN_POINT ( 'NONE',  ( 5.437439037282170595, 3.669383407414283482, -9.024827285304134250 ) ) ;
#3482 = ORIENTED_EDGE ( 'NONE', *, *, #2531, .F. ) ;
#3483 = CARTESIAN_POINT ( 'NONE',  ( 1.047188824559051490, 8.896035309469223051, -9.452689773697148468 ) ) ;
#3484 = CIRCLE ( 'NONE', #6055, 0.2540000000000003366 ) ;
#3485 = CARTESIAN_POINT ( 'NONE',  ( 0.2628611723763346619, 2.080741153893510997, 12.12223743091403350 ) ) ;
#3486 =( BOUNDED_SURFACE ( )  B_SPLINE_SURFACE ( 3, 2, ( 
 ( #696, #6070, #3132 ),
 ( #3624, #5103, #1755 ),
 ( #6098, #787, #2744 ),
 ( #1239, #1667, #4722 ) ),
 .UNSPECIFIED., .F., .F., .T. ) 
 B_SPLINE_SURFACE_WITH_KNOTS ( ( 4, 4 ),
 ( 3, 3 ),
 ( 0.02740470529702658531, 0.03769293596591473394 ),
 ( 0.000000000000000000, 1.000000000000000000 ),
 .UNSPECIFIED. ) 
 GEOMETRIC_REPRESENTATION_ITEM ( )  RATIONAL_B_SPLINE_SURFACE ( (
 ( 1.000000000000000000, 0.9685162344404394386, 1.000000000000000000),
 ( 1.000000000000000000, 0.9683929456964379678, 1.000000000000000000),
 ( 1.000000000000000000, 0.9682663970143596810, 1.000000000000000000),
 ( 1.000000000000000000, 0.9681363960216740061, 1.000000000000000000) ) ) 
 REPRESENTATION_ITEM ( '' )  SURFACE ( )  );
#3487 = CARTESIAN_POINT ( 'NONE',  ( 7.736487114428557632, 4.556959065108228124, -5.854913650294583327 ) ) ;
#3488 = ORIENTED_EDGE ( 'NONE', *, *, #5038, .T. ) ;
#3489 = CARTESIAN_POINT ( 'NONE',  ( -8.950389611069780926, 18.50562817470398258, 3.499914575325254962 ) ) ;
#3490 = CARTESIAN_POINT ( 'NONE',  ( 2.387644950767893626, 7.357698448420965320, -9.796422046427597508 ) ) ;
#3491 = CARTESIAN_POINT ( 'NONE',  ( -1.668504107833242323, 12.42676282771455298, 10.04041450697629756 ) ) ;
#3492 = VERTEX_POINT ( 'NONE', #1283 ) ;
#3493 = CARTESIAN_POINT ( 'NONE',  ( 1.949449406022041531, 8.032773917083765980, -3.951323493379610419 ) ) ;
#3494 = ORIENTED_EDGE ( 'NONE', *, *, #4183, .F. ) ;
#3495 = FACE_OUTER_BOUND ( 'NONE', #5227, .T. ) ;
#3496 = CARTESIAN_POINT ( 'NONE',  ( 5.839455781743137841, 13.98186169384011812, -8.302890722594158390 ) ) ;
#3497 = CARTESIAN_POINT ( 'NONE',  ( 1.390109341569837342, 4.456574037859112103, -9.734314505485574642 ) ) ;
#3498 = CIRCLE ( 'NONE', #3300, 59.79999999999999716 ) ;
#3499 = AXIS2_PLACEMENT_3D ( 'NONE', #4266, #3814, #823 ) ;
#3500 = CARTESIAN_POINT ( 'NONE',  ( -0.5208522666307926485, 2.392850631012097828, 11.80151322550415394 ) ) ;
#3501 = CARTESIAN_POINT ( 'NONE',  ( 0.4000000000000013545, 14.17288230262237470, 9.299999999999998934 ) ) ;
#3502 = CARTESIAN_POINT ( 'NONE',  ( 9.991050865294386796, 4.214615131996234609, 0.3890548174117754443 ) ) ;
#3503 = DIRECTION ( 'NONE',  ( 1.000000000000000000, 0.000000000000000000, 0.000000000000000000 ) ) ;
#3504 = UNCERTAINTY_MEASURE_WITH_UNIT (LENGTH_MEASURE( 1.000000000000000082E-05 ), #3330, 'distance_accuracy_value', 'NONE');
#3505 = EDGE_CURVE ( 'NONE', #4731, #245, #5497, .T. ) ;
#3506 = EDGE_CURVE ( 'NONE', #3237, #4395, #6076, .T. ) ;
#3507 = CARTESIAN_POINT ( 'NONE',  ( 2.175811395088894873, 6.308033561048663529, -3.865071029645779532 ) ) ;
#3508 = CARTESIAN_POINT ( 'NONE',  ( 7.130335479054310532, 3.825291821802585090, 7.622225998737883756 ) ) ;
#3509 = CARTESIAN_POINT ( 'NONE',  ( -0.4503753127606331397, 14.99797576025013512, 0.2001668056713946098 ) ) ;
#3510 = CARTESIAN_POINT ( 'NONE',  ( -0.3053727273293455613, 2.888951301142949735, 11.02973218346668816 ) ) ;
#3511 = CARTESIAN_POINT ( 'NONE',  ( -9.214652207013076080, 4.042299446896163495, -4.307149124166382848 ) ) ;
#3512 = EDGE_CURVE ( 'NONE', #5274, #706, #4129, .T. ) ;
#3513 = CARTESIAN_POINT ( 'NONE',  ( 8.740603756194621710, 13.89832332843772633, 5.464490850314769332 ) ) ;
#3514 = VERTEX_POINT ( 'NONE', #3270 ) ;
#3515 = CARTESIAN_POINT ( 'NONE',  ( -0.5299181075983222522, 9.090833064558820453, -9.626623302722046915 ) ) ;
#3516 = TOROIDAL_SURFACE ( 'NONE', #649, 10.62608515108697738, 0.1270000000000000018 ) ;
#3517 = DIRECTION ( 'NONE',  ( 2.137303368083799786E-18, -0.9998476951563911586, 0.01745240643728358104 ) ) ;
#3518 = CARTESIAN_POINT ( 'NONE',  ( 0.000000000000000000, -45.00000000000000000, 9.399999999999996803 ) ) ;
#3519 = ORIENTED_EDGE ( 'NONE', *, *, #932, .F. ) ;
#3520 = CARTESIAN_POINT ( 'NONE',  ( -10.09637649592481701, 2.594197877868532398, 0.03663420710569111755 ) ) ;
#3521 =( NAMED_UNIT ( * ) PLANE_ANGLE_UNIT ( ) SI_UNIT ( $, .RADIAN. ) );
#3522 = AXIS2_PLACEMENT_3D ( 'NONE', #1683, #5119, #712 ) ;
#3523 = CARTESIAN_POINT ( 'NONE',  ( 0.4000000000003558487, 14.89909728715714721, 0.09072221204501108860 ) ) ;
#3524 = VERTEX_POINT ( 'NONE', #4278 ) ;
#3525 = ORIENTED_EDGE ( 'NONE', *, *, #2053, .F. ) ;
#3526 = CARTESIAN_POINT ( 'NONE',  ( -0.4000000000000010214, 14.79841331328717935, 0.1996644295302027750 ) ) ;
#3527 = DIRECTION ( 'NONE',  ( -1.000000000000000000, 0.000000000000000000, 0.000000000000000000 ) ) ;
#3528 = CARTESIAN_POINT ( 'NONE',  ( -9.112706465354159846, 4.042299445058048946, 4.518841642418220061 ) ) ;
#3529 = DIRECTION ( 'NONE',  ( -1.000000000000000000, -3.427481348334213294E-15, 0.000000000000000000 ) ) ;
#3530 = B_SPLINE_CURVE_WITH_KNOTS ( 'NONE', 3,
 ( #1197, #1715, #5254, #3153, #1296, #3706 ),
 .UNSPECIFIED., .F., .F.,
 ( 4, 2, 4 ),
 ( 0.000000000000000000, 0.0005609248297218179160, 0.001121849659443635832 ),
 .UNSPECIFIED. ) ;
#3531 = CARTESIAN_POINT ( 'NONE',  ( 0.1248352601658256622, 2.030256000037584219, 12.08060838047895480 ) ) ;
#3532 = DIRECTION ( 'NONE',  ( 0.9970068520659473021, 0.000000000000000000, -0.07731323905742426561 ) ) ;
#3533 = CARTESIAN_POINT ( 'NONE',  ( -2.165353154068588573E-14, 3.669383407414109399, 0.000000000000000000 ) ) ;
#3534 = FACE_OUTER_BOUND ( 'NONE', #1487, .T. ) ;
#3535 = CARTESIAN_POINT ( 'NONE',  ( -5.857153262825550044, 3.774516735520888400, -8.634654768676828240 ) ) ;
#3536 = CARTESIAN_POINT ( 'NONE',  ( 0.5508679274708782048, 4.718470922341805540, -9.703992736798017660 ) ) ;
#3537 = EDGE_CURVE ( 'NONE', #5790, #5076, #2890, .T. ) ;
#3538 = EDGE_CURVE ( 'NONE', #1610, #2282, #1115, .T. ) ;
#3539 = CARTESIAN_POINT ( 'NONE',  ( -0.2001668056713907518, 14.99964524126810694, -0.05004170141784819448 ) ) ;
#3540 = B_SPLINE_CURVE_WITH_KNOTS ( 'NONE', 3,
 ( #1933, #6241, #2416, #3317, #6306, #3803 ),
 .UNSPECIFIED., .F., .F.,
 ( 4, 2, 4 ),
 ( 0.000000000000000000, 0.002909774484532444937, 0.005819548969064889873 ),
 .UNSPECIFIED. ) ;
#3541 = CARTESIAN_POINT ( 'NONE',  ( 0.5107525943590711659, 2.277658095906103242, 11.82259411809270588 ) ) ;
#3542 = CARTESIAN_POINT ( 'NONE',  ( 0.2204653528299990728, 14.05901527560739872, 9.382116483170204191 ) ) ;
#3543 = CARTESIAN_POINT ( 'NONE',  ( 0.2697874248718957757, 9.137797859362564168, -9.620543553905683609 ) ) ;
#3544 = EDGE_CURVE ( 'NONE', #5076, #3271, #3259, .T. ) ;
#3545 = ADVANCED_FACE ( 'NONE', ( #3368 ), #4399, .T. ) ;
#3546 = CARTESIAN_POINT ( 'NONE',  ( 6.322138451535059822, 2.592693971375280793, -7.873554714858829406 ) ) ;
#3547 = CARTESIAN_POINT ( 'NONE',  ( 0.2994991652754585010, 14.79894120013025649, 0.1923164363007340005 ) ) ;
#3548 = VERTEX_POINT ( 'NONE', #446 ) ;
#3549 = CARTESIAN_POINT ( 'NONE',  ( -8.915721257554150014, 10.93265123262984595, 4.963853533595628420 ) ) ;
#3550 = CARTESIAN_POINT ( 'NONE',  ( 1.273918200026374903, 4.813482683462789957, -9.735852408433105509 ) ) ;
#3551 = ORIENTED_EDGE ( 'NONE', *, *, #1396, .F. ) ;
#3552 = CARTESIAN_POINT ( 'NONE',  ( -5.419078162186671044, 3.695303782909125534, -8.993741726358852162 ) ) ;
#3553 = ORIENTED_EDGE ( 'NONE', *, *, #3353, .T. ) ;
#3554 = CARTESIAN_POINT ( 'NONE',  ( -5.923062961044733399, 7.547373101064262180, -8.382524492146140815 ) ) ;
#3555 = VERTEX_POINT ( 'NONE', #1894 ) ;
#3556 = CARTESIAN_POINT ( 'NONE',  ( 9.585672662536019573, 14.14193358903625608, -3.218624877853875077 ) ) ;
#3557 = AXIS2_PLACEMENT_3D ( 'NONE', #5912, #479, #5792 ) ;
#3558 = CARTESIAN_POINT ( 'NONE',  ( 5.279954115113775437, 13.98186165603512698, -8.867776148751810084 ) ) ;
#3559 = DIRECTION ( 'NONE',  ( -1.000000000000000000, -0.000000000000000000, 1.906289534040448226E-16 ) ) ;
#3560 = SURFACE_STYLE_USAGE ( .BOTH. , #5411 ) ;
#3561 = ORIENTED_EDGE ( 'NONE', *, *, #4390, .F. ) ;
#3562 = AXIS2_PLACEMENT_3D ( 'NONE', #6081, #3638, #3667 ) ;
#3563 = DIRECTION ( 'NONE',  ( -3.430248998885766964E-15, 1.000000000000000000, 0.000000000000000000 ) ) ;
#3564 = CARTESIAN_POINT ( 'NONE',  ( 0.4316826561915395599, 2.175206173344770288, 11.92862870562233368 ) ) ;
#3565 = ORIENTED_EDGE ( 'NONE', *, *, #5690, .T. ) ;
#3566 = CIRCLE ( 'NONE', #3261, 0.1000000000000005329 ) ;
#3567 = CARTESIAN_POINT ( 'NONE',  ( -3.265909529423859148, 7.126451548761369992, -9.924761161517150043 ) ) ;
#3568 = CARTESIAN_POINT ( 'NONE',  ( 7.239880372482961235, 14.14193358903630759, 7.058951549400110714 ) ) ;
#3569 = CARTESIAN_POINT ( 'NONE',  ( 0.2999999999999992117, -45.00000000000000000, -5.718868602121329148E-17 ) ) ;
#3570 = CARTESIAN_POINT ( 'NONE',  ( -5.418705561661231407, 3.705665997290548130, -8.993755057595324232 ) ) ;
#3571 = CIRCLE ( 'NONE', #502, 59.89924874320212211 ) ;
#3572 = CARTESIAN_POINT ( 'NONE',  ( -9.471394722587550774, 4.472457884695614894, 2.252670480841004963 ) ) ;
#3573 = STYLED_ITEM ( 'NONE', ( #2358 ), #2338 ) ;
#3574 = CARTESIAN_POINT ( 'NONE',  ( -10.15994778122932019, 12.42676558319139168, -0.6075201962738920880 ) ) ;
#3575 = CARTESIAN_POINT ( 'NONE',  ( -5.326781441867157518, 10.51632293795150908, -8.910295597297100301 ) ) ;
#3576 = CARTESIAN_POINT ( 'NONE',  ( -9.374972953290068745, 4.035402915743868668, -4.100464616917730787 ) ) ;
#3577 = CARTESIAN_POINT ( 'NONE',  ( 0.2843077136456448328, 14.06563835616341684, 9.338611511771267359 ) ) ;
#3578 = CARTESIAN_POINT ( 'NONE',  ( -5.705909124350826644, 13.90487727698131337, -8.534825137160442665 ) ) ;
#3579 = CARTESIAN_POINT ( 'NONE',  ( 0.9916069791869781547, 3.759185968624957574, 10.57971650078483172 ) ) ;
#3580 = FACE_OUTER_BOUND ( 'NONE', #3598, .T. ) ;
#3581 = EDGE_LOOP ( 'NONE', ( #671, #4724, #5195, #5457, #4561, #3857, #3586, #3130, #1322, #1342, #240, #2758, #2360, #5999, #3661, #5062, #1155, #3234, #5045, #2045, #389, #3069 ) ) ;
#3582 = CARTESIAN_POINT ( 'NONE',  ( 2.850705056305372409, 13.92087586572049140, -9.743321296933851627 ) ) ;
#3583 = ORIENTED_EDGE ( 'NONE', *, *, #5252, .F. ) ;
#3584 = CARTESIAN_POINT ( 'NONE',  ( -0.2994991652754585565, 14.79895396867133250, 0.1884923275289957789 ) ) ;
#3585 = EDGE_CURVE ( 'NONE', #5364, #3945, #5461, .T. ) ;
#3586 = ORIENTED_EDGE ( 'NONE', *, *, #3065, .T. ) ;
#3587 = EDGE_CURVE ( 'NONE', #2378, #3657, #100, .T. ) ;
#3588 = CARTESIAN_POINT ( 'NONE',  ( -9.620708377731750360, 14.14193358903626319, -3.110251060712972748 ) ) ;
#3589 = CIRCLE ( 'NONE', #4512, 12.33672205028483049 ) ;
#3590 = VERTEX_POINT ( 'NONE', #3400 ) ;
#3591 = ORIENTED_EDGE ( 'NONE', *, *, #2766, .T. ) ;
#3592 = CARTESIAN_POINT ( 'NONE',  ( 9.415524571506558971, 14.15254961779685061, -3.512331444131000957 ) ) ;
#3593 = CARTESIAN_POINT ( 'NONE',  ( -6.748648018451326003, 14.16691622592068889, 7.330196057264507736 ) ) ;
#3594 = ORIENTED_EDGE ( 'NONE', *, *, #6349, .T. ) ;
#3595 = CARTESIAN_POINT ( 'NONE',  ( -9.605385745100216255, 4.455217734218268610, 1.692978665799808713 ) ) ;
#3596 = COLOUR_RGB ( '',0.1019607843137254888, 0.1019607843137254888, 0.1019607843137254888 ) ;
#3597 = DIRECTION ( 'NONE',  ( 1.000000000000000000, 1.715124499442883482E-15, 0.000000000000000000 ) ) ;
#3598 = EDGE_LOOP ( 'NONE', ( #13, #4638, #983, #5703 ) ) ;
#3599 = ADVANCED_FACE ( 'NONE', ( #796 ), #4908, .T. ) ;
#3600 = CARTESIAN_POINT ( 'NONE',  ( 5.097827947981235397, 4.500846154264377397, 8.331850788505144934 ) ) ;
#3601 = ORIENTED_EDGE ( 'NONE', *, *, #5985, .T. ) ;
#3602 = FACE_OUTER_BOUND ( 'NONE', #3104, .T. ) ;
#3603 = CARTESIAN_POINT ( 'NONE',  ( -3.126848191139515176, 14.15242999198549789, -9.551206738388302142 ) ) ;
#3604 = CARTESIAN_POINT ( 'NONE',  ( -0.4302731087406472255, 3.093899679323821594, 11.06765581427524303 ) ) ;
#3605 =( BOUNDED_SURFACE ( )  B_SPLINE_SURFACE ( 3, 2, ( 
 ( #3889, #3431, #2980 ),
 ( #4437, #1480, #1984 ),
 ( #959, #6294, #990 ),
 ( #3952, #4858, #2500 ) ),
 .UNSPECIFIED., .F., .F., .T. ) 
 B_SPLINE_SURFACE_WITH_KNOTS ( ( 4, 4 ),
 ( 3, 3 ),
 ( 0.02767063059484762763, 0.03795882896395744860 ),
 ( 0.000000000000000000, 1.000000000000000000 ),
 .UNSPECIFIED. ) 
 GEOMETRIC_REPRESENTATION_ITEM ( )  RATIONAL_B_SPLINE_SURFACE ( (
 ( 1.000000000000000000, 0.9685181932461420784, 1.000000000000000000),
 ( 1.000000000000000000, 0.9683949015975519270, 1.000000000000000000),
 ( 1.000000000000000000, 0.9682683432199611362, 1.000000000000000000),
 ( 1.000000000000000000, 0.9681383263341899470, 1.000000000000000000) ) ) 
 REPRESENTATION_ITEM ( '' )  SURFACE ( )  );
#3606 = FACE_OUTER_BOUND ( 'NONE', #4564, .T. ) ;
#3607 = B_SPLINE_CURVE_WITH_KNOTS ( 'NONE', 3,
 ( #737, #798, #2692, #4279 ),
 .UNSPECIFIED., .F., .F.,
 ( 4, 4 ),
 ( 0.000000000000000000, 0.0008791099604795070063 ),
 .UNSPECIFIED. ) ;
#3608 = CARTESIAN_POINT ( 'NONE',  ( 3.645114378812425393, 10.55301036476861221, -9.719455929802798266 ) ) ;
#3609 = AXIS2_PLACEMENT_3D ( 'NONE', #5738, #2322, #3315 ) ;
#3610 = DIRECTION ( 'NONE',  ( -0.000000000000000000, -1.000000000000000000, -0.000000000000000000 ) ) ;
#3611 = CARTESIAN_POINT ( 'NONE',  ( 0.2508597851150749514, 14.24267121152209192, 9.499947228775475594 ) ) ;
#3612 = CARTESIAN_POINT ( 'NONE',  ( 3.387594210334789580, 13.89619475092202272, -9.754173993905327578 ) ) ;
#3613 = CARTESIAN_POINT ( 'NONE',  ( 0.2421266180750249741, 14.05997964822815938, 9.375516217789671813 ) ) ;
#3614 = CARTESIAN_POINT ( 'NONE',  ( -2.266517826003071168, 6.910382881640629193, -9.612686376735007698 ) ) ;
#3615 = B_SPLINE_CURVE_WITH_KNOTS ( 'NONE', 3,
 ( #2212, #1314, #4763, #350, #837, #2719 ),
 .UNSPECIFIED., .F., .F.,
 ( 4, 2, 4 ),
 ( 0.000000000000000000, 0.002909774480355106340, 0.005819548960710212680 ),
 .UNSPECIFIED. ) ;
#3616 = B_SPLINE_CURVE_WITH_KNOTS ( 'NONE', 3,
 ( #1491, #2958, #5890, #2931, #877, #3378 ),
 .UNSPECIFIED., .F., .F.,
 ( 4, 2, 4 ),
 ( 0.000000000000000000, 0.0001966020770923622646, 0.0003932041541847245292 ),
 .UNSPECIFIED. ) ;
#3617 = FACE_OUTER_BOUND ( 'NONE', #2984, .T. ) ;
#3618 = CARTESIAN_POINT ( 'NONE',  ( 3.382517344700644468, 13.89832332843900708, -9.737422178822226826 ) ) ;
#3619 = EDGE_LOOP ( 'NONE', ( #669, #2247, #5853, #5242 ) ) ;
#3620 = CYLINDRICAL_SURFACE ( 'NONE', #3499, 0.2000000000000000111 ) ;
#3621 = CARTESIAN_POINT ( 'NONE',  ( 0.8817284416013808634, 4.616376790537956687, -9.717523276946371524 ) ) ;
#3622 = CARTESIAN_POINT ( 'NONE',  ( 1.127167066307004140, 18.56269612673829528, -9.484773364807944418 ) ) ;
#3623 = EDGE_LOOP ( 'NONE', ( #3594, #3986 ) ) ;
#3624 = CARTESIAN_POINT ( 'NONE',  ( 8.980760062646199415, 7.124157221354352032, 4.984824019526066685 ) ) ;
#3625 = ORIENTED_EDGE ( 'NONE', *, *, #5767, .T. ) ;
#3626 = EDGE_CURVE ( 'NONE', #5036, #6268, #5455, .T. ) ;
#3627 = EDGE_CURVE ( 'NONE', #320, #415, #14, .T. ) ;
#3628 = DIRECTION ( 'NONE',  ( 0.9375269422804135555, -9.339253358665411270E-15, -0.3479126794158821090 ) ) ;
#3629 = AXIS2_PLACEMENT_3D ( 'NONE', #4179, #253, #183 ) ;
#3630 = FACE_OUTER_BOUND ( 'NONE', #2823, .T. ) ;
#3631 = ORIENTED_EDGE ( 'NONE', *, *, #198, .F. ) ;
#3632 = CARTESIAN_POINT ( 'NONE',  ( -9.698712799785203842, 4.435073401154840944, 1.207863498952281844 ) ) ;
#3633 = CARTESIAN_POINT ( 'NONE',  ( 9.973187614760711028, 3.756969513007457184, -3.281268652908367667 ) ) ;
#3634 = ORIENTED_EDGE ( 'NONE', *, *, #4346, .F. ) ;
#3635 = CARTESIAN_POINT ( 'NONE',  ( 9.599821669856288153, 4.469403577498253455, 1.694857946277002148 ) ) ;
#3636 = ORIENTED_EDGE ( 'NONE', *, *, #4657, .T. ) ;
#3637 = ADVANCED_FACE ( 'NONE', ( #4999 ), #2070, .T. ) ;
#3638 = DIRECTION ( 'NONE',  ( -1.000000000000000000, 0.000000000000000000, -1.906289534040448966E-16 ) ) ;
#3639 = CARTESIAN_POINT ( 'NONE',  ( -7.187210448091962967, 13.98371707602587755, 7.418040275434039543 ) ) ;
#3640 = CARTESIAN_POINT ( 'NONE',  ( -0.5779817320305143946, 2.819316589610999291, 11.31388441567430014 ) ) ;
#3641 = CARTESIAN_POINT ( 'NONE',  ( 1.376879130968652110, 5.114521084114637794, -4.239939997930983751 ) ) ;
#3642 = CARTESIAN_POINT ( 'NONE',  ( -9.519870736601754757, 4.471845185475768147, 2.041253353076986965 ) ) ;
#3643 = CARTESIAN_POINT ( 'NONE',  ( 0.000000000000000000, 2.600000000000046718, 0.000000000000000000 ) ) ;
#3644 = CARTESIAN_POINT ( 'NONE',  ( -6.748648018451319786, 14.16691622592068711, 7.330196057264510401 ) ) ;
#3645 = CARTESIAN_POINT ( 'NONE',  ( -2.249999999999999556, 7.049374427464060844, -3.807171786300899807 ) ) ;
#3646 = CARTESIAN_POINT ( 'NONE',  ( 3.387079000659130923, 3.705625275246895889, -9.942789756317067074 ) ) ;
#3647 = CARTESIAN_POINT ( 'NONE',  ( -1.511084326096947095, 4.981527688606210980, -9.749860956262356382 ) ) ;
#3648 = AXIS2_PLACEMENT_3D ( 'NONE', #1285, #3171, #6134 ) ;
#3649 = CARTESIAN_POINT ( 'NONE',  ( -9.737359950167983058, 14.10648931882145440, -3.423400019429371888 ) ) ;
#3650 = CARTESIAN_POINT ( 'NONE',  ( 5.367413200921308025, 14.14193359275675732, -8.571681459501608202 ) ) ;
#3651 = CARTESIAN_POINT ( 'NONE',  ( 10.39151168776016654, 3.837294472102246612, -0.8289216898332539829 ) ) ;
#3652 = CARTESIAN_POINT ( 'NONE',  ( 7.026751269874398353, 4.413118828470114607, -6.836223688074723803 ) ) ;
#3653 = CARTESIAN_POINT ( 'NONE',  ( 1.677973181005735448, 10.93265526051552783, 10.06549164056306012 ) ) ;
#3654 = CARTESIAN_POINT ( 'NONE',  ( -1.138937350768338685, 18.56083681394450124, -9.485424636780402707 ) ) ;
#3655 = CARTESIAN_POINT ( 'NONE',  ( -1.129341910818708827, 4.950038692829934917, -9.533276291746513920 ) ) ;
#3656 = ORIENTED_EDGE ( 'NONE', *, *, #5876, .F. ) ;
#3657 = VERTEX_POINT ( 'NONE', #989 ) ;
#3658 = CARTESIAN_POINT ( 'NONE',  ( -8.606160703922107302, 13.89599898141082335, 5.699149525490039281 ) ) ;
#3659 = CARTESIAN_POINT ( 'NONE',  ( 0.3724920507050245022, 4.679080324897955556, -9.509379594793120560 ) ) ;
#3660 = CARTESIAN_POINT ( 'NONE',  ( -1.778348075403614725, 3.852387265922261328, 10.19940481656214892 ) ) ;
#3661 = ORIENTED_EDGE ( 'NONE', *, *, #199, .T. ) ;
#3662 = CARTESIAN_POINT ( 'NONE',  ( -9.035172852691578882, 3.939973367684197481, 5.002249652786644241 ) ) ;
#3663 = DIRECTION ( 'NONE',  ( 0.000000000000000000, 1.000000000000000000, 0.000000000000000000 ) ) ;
#3664 = ORIENTED_EDGE ( 'NONE', *, *, #2717, .T. ) ;
#3665 = CARTESIAN_POINT ( 'NONE',  ( 9.692546992301103614, 4.500846152726376559, 1.209181616477890575 ) ) ;
#3666 = ORIENTED_EDGE ( 'NONE', *, *, #5401, .T. ) ;
#3667 = DIRECTION ( 'NONE',  ( -1.906289534040448966E-16, 0.000000000000000000, 1.000000000000000000 ) ) ;
#3668 = DIRECTION ( 'NONE',  ( -0.3125284308624045604, -1.218163481565077773E-15, -0.9499084060595965884 ) ) ;
#3669 = CARTESIAN_POINT ( 'NONE',  ( -0.4232801325523889435, 14.99850220551703295, 0.06946492357846949239 ) ) ;
#3670 = CIRCLE ( 'NONE', #902, 12.41076882969110962 ) ;
#3671 = CARTESIAN_POINT ( 'NONE',  ( -9.051072360389049720, 4.035402913704562167, 4.773051132854822853 ) ) ;
#3672 = ADVANCED_FACE ( 'NONE', ( #103 ), #5226, .T. ) ;
#3673 = CARTESIAN_POINT ( 'NONE',  ( 0.000000000000000000, 0.000000000000000000, 0.000000000000000000 ) ) ;
#3674 = EDGE_CURVE ( 'NONE', #972, #992, #1756, .T. ) ;
#3675 = CIRCLE ( 'NONE', #393, 0.2539999999999996150 ) ;
#3676 = CARTESIAN_POINT ( 'NONE',  ( 0.3784421099294904556, 14.16472079555920338, 9.404315358572961969 ) ) ;
#3677 = CARTESIAN_POINT ( 'NONE',  ( 6.865433900379652066, 3.852387264938378131, 7.749593400256168607 ) ) ;
#3678 = CARTESIAN_POINT ( 'NONE',  ( -1.375191238070819555, 8.686709745976211039, -4.174874392333623341 ) ) ;
#3679 = CARTESIAN_POINT ( 'NONE',  ( -4.471259659903376260, 2.950948547531771826, 8.643048272598822024 ) ) ;
#3680 = DIRECTION ( 'NONE',  ( 0.9907502026565065956, 0.000000000000000000, 0.1356983269465444619 ) ) ;
#3681 = EDGE_CURVE ( 'NONE', #1210, #102, #2782, .T. ) ;
#3682 = CARTESIAN_POINT ( 'NONE',  ( -8.864698375648234929, 13.92087438189274273, 4.947338659961871166 ) ) ;
#3683 = VERTEX_POINT ( 'NONE', #630 ) ;
#3684 = CARTESIAN_POINT ( 'NONE',  ( -8.551841225181325612, 14.23679501381718637, -4.337376897925983243 ) ) ;
#3685 = CARTESIAN_POINT ( 'NONE',  ( -1.626742235136388048, 5.080489436561189898, -9.757550638472713089 ) ) ;
#3686 = CARTESIAN_POINT ( 'NONE',  ( -1.911529670248819146, 4.035402915129421508, 10.05236202498809028 ) ) ;
#3687 = B_SPLINE_CURVE_WITH_KNOTS ( 'NONE', 3,
 ( #4260, #3547, #167, #202, #332, #3098, #5061, #4555, #2648, #1103, #1659, #3127, #2164, #135, #2616, #2099 ),
 .UNSPECIFIED., .F., .F.,
 ( 4, 3, 3, 3, 3, 4 ),
 ( 2.710505431213761085E-20, 2.204914455673190910E-05, 5.584564218755076802E-05, 8.964204620478528451E-05, 0.0001234382381043783563, 0.0001572344452563950875 ),
 .UNSPECIFIED. ) ;
#3688 = CARTESIAN_POINT ( 'NONE',  ( -10.24596559347211944, 13.89832332844171781, -1.130930295320044632 ) ) ;
#3689 = CARTESIAN_POINT ( 'NONE',  ( 9.821631762484114958, 13.89599898141130652, -3.175193993723890884 ) ) ;
#3690 = ORIENTED_EDGE ( 'NONE', *, *, #4390, .T. ) ;
#3691 = ORIENTED_EDGE ( 'NONE', *, *, #5166, .F. ) ;
#3692 = CARTESIAN_POINT ( 'NONE',  ( 8.430099064083005800, 14.14193358903630582, 5.582572983827954083 ) ) ;
#3693 = CARTESIAN_POINT ( 'NONE',  ( 10.44608188349801559, 3.669383407414304354, -1.375726752296552613 ) ) ;
#3694 = DIRECTION ( 'NONE',  ( 0.8337584531225187279, 0.000000000000000000, -0.5521293705706524779 ) ) ;
#3695 = CARTESIAN_POINT ( 'NONE',  ( 9.082994352727055798, 3.852398569279964935, 4.968838901014372311 ) ) ;
#3696 = ORIENTED_EDGE ( 'NONE', *, *, #3831, .F. ) ;
#3697 = CARTESIAN_POINT ( 'NONE',  ( 9.565279021819847571, 4.556989683278610315, 1.679122676049054519 ) ) ;
#3698 = AXIS2_PLACEMENT_3D ( 'NONE', #3779, #782, #4784 ) ;
#3699 = VERTEX_POINT ( 'NONE', #4557 ) ;
#3700 = CIRCLE ( 'NONE', #5023, 0.1270000000000001961 ) ;
#3701 =( BOUNDED_SURFACE ( )  B_SPLINE_SURFACE ( 3, 2, ( 
 ( #4843, #6250, #3292 ),
 ( #3812, #3848, #5190 ),
 ( #4814, #5225, #437 ),
 ( #2809, #2737, #5713 ) ),
 .UNSPECIFIED., .F., .F., .T. ) 
 B_SPLINE_SURFACE_WITH_KNOTS ( ( 4, 4 ),
 ( 3, 3 ),
 ( 0.02746920588399554344, 0.03775740425320304322 ),
 ( 0.000000000000000000, 1.000000000000000000 ),
 .UNSPECIFIED. ) 
 GEOMETRIC_REPRESENTATION_ITEM ( )  RATIONAL_B_SPLINE_SURFACE ( (
 ( 1.000000000000000000, 0.9685181930748679724, 1.000000000000000000),
 ( 1.000000000000000000, 0.9683949014271573397, 1.000000000000000000),
 ( 1.000000000000000000, 0.9682683430510854450, 1.000000000000000000),
 ( 1.000000000000000000, 0.9681383261674071372, 1.000000000000000000) ) ) 
 REPRESENTATION_ITEM ( '' )  SURFACE ( )  );
#3702 = DIRECTION ( 'NONE',  ( 0.000000000000000000, 0.000000000000000000, 1.000000000000000000 ) ) ;
#3703 = CARTESIAN_POINT ( 'NONE',  ( -0.2945240514414290689, 3.199818965310776697, 10.97438636444490534 ) ) ;
#3704 = DIRECTION ( 'NONE',  ( -0.000000000000000000, 1.000000000000000000, -0.000000000000000000 ) ) ;
#3705 = CARTESIAN_POINT ( 'NONE',  ( 9.035169442231506309, 3.939984671706187935, 5.002233934739623855 ) ) ;
#3706 = CARTESIAN_POINT ( 'NONE',  ( -0.5556731930363210115, 4.719695594064715394, -9.508894046428105540 ) ) ;
#3707 = EDGE_CURVE ( 'NONE', #5070, #5589, #2990, .T. ) ;
#3708 = ADVANCED_FACE ( 'NONE', ( #137 ), #1492, .T. ) ;
#3709 = CARTESIAN_POINT ( 'NONE',  ( 7.735997611753318459, 4.505655870548646469, -5.856963464008962283 ) ) ;
#3710 = CARTESIAN_POINT ( 'NONE',  ( -3.222388945248293446, 2.858126973755656941, 9.279951944079252613 ) ) ;
#3711 = COLOUR_RGB ( '',1.000000000000000000, 1.000000000000000000, 1.000000000000000000 ) ;
#3712 = FACE_OUTER_BOUND ( 'NONE', #381, .T. ) ;
#3713 = CARTESIAN_POINT ( 'NONE',  ( -4.918759580526851138, 14.27181953732167408, 7.974949916657271487 ) ) ;
#3714 = MECHANICAL_DESIGN_GEOMETRIC_PRESENTATION_REPRESENTATION (  '', ( #4332 ), #436 ) ;
#3715 = EDGE_CURVE ( 'NONE', #665, #4056, #5337, .T. ) ;
#3716 = CARTESIAN_POINT ( 'NONE',  ( -0.6142652949179355781, 2.453997337083596797, 11.45287229322016920 ) ) ;
#3717 = DIRECTION ( 'NONE',  ( 3.430248998885766964E-15, -1.000000000000000000, -0.000000000000000000 ) ) ;
#3718 = ORIENTED_EDGE ( 'NONE', *, *, #1440, .F. ) ;
#3719 = CARTESIAN_POINT ( 'NONE',  ( 0.2822993798682618682, 18.65365844293727093, -9.453032271788538665 ) ) ;
#3720 = CARTESIAN_POINT ( 'NONE',  ( -9.260785332309213302, 14.16691473722287320, -3.676146828825674007 ) ) ;
#3721 = CARTESIAN_POINT ( 'NONE',  ( -10.13337744111114702, 13.92087586574929681, -0.6111389737622880958 ) ) ;
#3722 = CARTESIAN_POINT ( 'NONE',  ( -3.390324999595155653, 13.89619262924074050, -9.753144198486991101 ) ) ;
#3723 = DIRECTION ( 'NONE',  ( -0.000000000000000000, 0.000000000000000000, 1.000000000000000000 ) ) ;
#3724 = DIRECTION ( 'NONE',  ( 0.9357143081298116005, -1.480977935450895375E-15, 0.3527587469661782604 ) ) ;
#3725 = CARTESIAN_POINT ( 'NONE',  ( 10.48280909671889027, 2.150912899738548045, -0.9308430048818919778 ) ) ;
#3726 = ORIENTED_EDGE ( 'NONE', *, *, #643, .F. ) ;
#3727 = CARTESIAN_POINT ( 'NONE',  ( 10.13680277378433736, 4.076122563991726899, -0.1461605297346098564 ) ) ;
#3728 =( GEOMETRIC_REPRESENTATION_CONTEXT ( 3 ) GLOBAL_UNCERTAINTY_ASSIGNED_CONTEXT ( ( #986 ) ) GLOBAL_UNIT_ASSIGNED_CONTEXT ( ( #5367, #2555, #4014 ) ) REPRESENTATION_CONTEXT ( 'NONE', 'WORKASPACE' ) );
#3729 = EDGE_LOOP ( 'NONE', ( #768, #4762, #5003, #4823 ) ) ;
#3730 = CIRCLE ( 'NONE', #965, 10.32212707612201541 ) ;
#3731 = CARTESIAN_POINT ( 'NONE',  ( 10.31515093074317946, 3.695334435538361717, -0.5860482652916076951 ) ) ;
#3732 = CARTESIAN_POINT ( 'NONE',  ( 0.06924422832260618277, 3.320279231941358322, 10.88538498329400817 ) ) ;
#3733 = AXIS2_PLACEMENT_3D ( 'NONE', #4608, #1161, #5539 ) ;
#3734 = CARTESIAN_POINT ( 'NONE',  ( 5.326791600800635074, 10.51632293795427842, -8.910289522803946483 ) ) ;
#3735 = LINE ( 'NONE', #1772, #4627 ) ;
#3736 = CARTESIAN_POINT ( 'NONE',  ( 3.234135940142503163, 14.05984037757111693, 8.947339570499245553 ) ) ;
#3737 = CARTESIAN_POINT ( 'NONE',  ( 0.1999999999999979294, 14.89958263627551993, 0.1000000000000000056 ) ) ;
#3738 = FACE_OUTER_BOUND ( 'NONE', #1289, .T. ) ;
#3739 = CARTESIAN_POINT ( 'NONE',  ( -2.279842319443294407, 2.592690264594988303, 9.836900978211515323 ) ) ;
#3740 = CARTESIAN_POINT ( 'NONE',  ( 6.924512859926448272, 13.91281333085123251, 7.501481907296658314 ) ) ;
#3741 = VERTEX_POINT ( 'NONE', #5100 ) ;
#3742 = EDGE_CURVE ( 'NONE', #149, #2978, #4040, .T. ) ;
#3743 = CIRCLE ( 'NONE', #6207, 0.1000000000000001443 ) ;
#3744 = DIRECTION ( 'NONE',  ( 1.243449787580175325E-14, 0.000000000000000000, -1.000000000000000000 ) ) ;
#3745 = CARTESIAN_POINT ( 'NONE',  ( -2.426402484022152084, 6.617604584613138385, -9.814146524625572354 ) ) ;
#3746 = ORIENTED_EDGE ( 'NONE', *, *, #3396, .F. ) ;
#3747 = CARTESIAN_POINT ( 'NONE',  ( 1.151923632235579698, 4.727361798009044769, -9.728661959908619039 ) ) ;
#3748 = CARTESIAN_POINT ( 'NONE',  ( 0.1999999999999979572, 14.94964553690037512, 0.000000000000000000 ) ) ;
#3749 = EDGE_CURVE ( 'NONE', #5558, #4401, #5188, .T. ) ;
#3750 = ADVANCED_FACE ( 'NONE', ( #1631 ), #3620, .F. ) ;
#3751 = CARTESIAN_POINT ( 'NONE',  ( -0.3999999999999993561, 14.94797744711658538, 0.2000000000000014266 ) ) ;
#3752 = ORIENTED_EDGE ( 'NONE', *, *, #1472, .F. ) ;
#3753 = CARTESIAN_POINT ( 'NONE',  ( 9.744912594022702379, 10.55531654194782121, -3.599763872761389205 ) ) ;
#3754 = CARTESIAN_POINT ( 'NONE',  ( -9.938691265809923792, 14.16691622596714595, -0.7060029973724375463 ) ) ;
#3755 = CARTESIAN_POINT ( 'NONE',  ( -0.3241333291059179667, 2.103451860073827451, 11.81508480359713786 ) ) ;
#3756 = EDGE_LOOP ( 'NONE', ( #5523, #2261, #5073, #2851, #1029 ) ) ;
#3757 = DIRECTION ( 'NONE',  ( -1.000000000000000000, -0.000000000000000000, -1.906289534040448719E-16 ) ) ;
#3758 = CARTESIAN_POINT ( 'NONE',  ( 8.665296615748340869, 10.51632293795205442, 5.716695087349557447 ) ) ;
#3759 = ORIENTED_EDGE ( 'NONE', *, *, #3238, .T. ) ;
#3760 = CARTESIAN_POINT ( 'NONE',  ( 0.4361047352388193743, 3.087450793864961351, 11.07336313167874842 ) ) ;
#3761 = VERTEX_POINT ( 'NONE', #3262 ) ;
#3762 = CARTESIAN_POINT ( 'NONE',  ( -10.34840016181497369, 7.136646439231576267, -1.380895440412702291 ) ) ;
#3763 = CARTESIAN_POINT ( 'NONE',  ( -5.620801392844575695, 13.91644294725757902, -8.175809326588963089 ) ) ;
#3764 = DIRECTION ( 'NONE',  ( 0.000000000000000000, -0.9999944348445511944, -0.003336207416594514849 ) ) ;
#3765 = CARTESIAN_POINT ( 'NONE',  ( 0.06604171997143445938, 3.305635010283062947, 10.90002937220775614 ) ) ;
#3766 = CARTESIAN_POINT ( 'NONE',  ( -9.510685863818881813, 4.556959065114771334, 1.918358966356878970 ) ) ;
#3767 = CARTESIAN_POINT ( 'NONE',  ( -1.118198956482875595, 3.756919615067703777, 10.44031493746725658 ) ) ;
#3768 = B_SPLINE_CURVE_WITH_KNOTS ( 'NONE', 3,
 ( #579, #5534, #4504, #5691 ),
 .UNSPECIFIED., .F., .F.,
 ( 4, 4 ),
 ( 4.336808689942017736E-19, 0.0006142130367873207576 ),
 .UNSPECIFIED. ) ;
#3769 = DIRECTION ( 'NONE',  ( 1.000000000000000000, 0.000000000000000000, -1.224646799147353207E-16 ) ) ;
#3770 = CARTESIAN_POINT ( 'NONE',  ( -3.551622240430526656, 13.89156607017623379, -9.420931018926586020 ) ) ;
#3771 = CARTESIAN_POINT ( 'NONE',  ( 5.840247463477435730, 13.92087438198676175, -8.303646588081042168 ) ) ;
#3772 = AXIS2_PLACEMENT_3D ( 'NONE', #339, #5194, #6158 ) ;
#3773 = CARTESIAN_POINT ( 'NONE',  ( 0.000000000000000000, 13.89156607017689282, 0.000000000000000000 ) ) ;
#3774 = CARTESIAN_POINT ( 'NONE',  ( -5.235495730769835987, 2.859986269756950250, 8.309777489542380380 ) ) ;
#3775 = CARTESIAN_POINT ( 'NONE',  ( -2.823119647935208754, 3.852387264806819367, -9.960942523975425900 ) ) ;
#3776 = CIRCLE ( 'NONE', #2025, 4.325449350717825325 ) ;
#3777 =( BOUNDED_SURFACE ( )  B_SPLINE_SURFACE ( 3, 2, ( 
 ( #3501, #2963, #4539 ),
 ( #24, #4985, #5981 ),
 ( #5016, #2570, #1994 ),
 ( #5441, #2992, #4124 ),
 ( #2186, #291, #1157 ),
 ( #1290, #6141, #2219 ) ),
 .UNSPECIFIED., .F., .F., .F. ) 
 B_SPLINE_SURFACE_WITH_KNOTS ( ( 4, 2, 4 ),
 ( 3, 3 ),
 ( -3.469446951953614189E-18, 7.857592555071767732E-05, 0.0001571518511014388241 ),
 ( 0.000000000000000000, 1.000000000000000000 ),
 .UNSPECIFIED. ) 
 GEOMETRIC_REPRESENTATION_ITEM ( )  RATIONAL_B_SPLINE_SURFACE ( (
 ( 1.000000000000000000, 0.7053338403743970586, 1.000000000000000000),
 ( 1.000000000000000000, 0.6910567079644002186, 1.000000000000000000),
 ( 1.000000000000000000, 0.6763539307060669747, 1.000000000000000000),
 ( 1.000000000000000000, 0.6552259621124935096, 1.000000000000000000),
 ( 1.000000000000000000, 0.6487939456598427190, 1.000000000000000000),
 ( 1.000000000000000000, 0.6492579557889600617, 1.000000000000000000) ) ) 
 REPRESENTATION_ITEM ( '' )  SURFACE ( )  );
#3778 = B_SPLINE_CURVE_WITH_KNOTS ( 'NONE', 3,
 ( #365, #231, #3184, #1367, #5126, #718, #2670, #4164, #1717, #1231, #3846, #2938, #3938, #5349 ),
 .UNSPECIFIED., .F., .F.,
 ( 4, 2, 2, 2, 2, 2, 4 ),
 ( 0.000000000000000000, 0.0007339284078061865087, 0.001467856815612373017, 0.002935713631224745601, 0.003669642039030931568, 0.004403570446837118402, 0.005871427262449489468 ),
 .UNSPECIFIED. ) ;
#3779 = CARTESIAN_POINT ( 'NONE',  ( -2.180755411353103685E-14, 3.759185968624786156, 0.000000000000000000 ) ) ;
#3780 = TOROIDAL_SURFACE ( 'NONE', #1525, 10.06816576155229193, 0.2540000000000000036 ) ;
#3781 = CARTESIAN_POINT ( 'NONE',  ( -0.3183556171819611480, 2.137480220049879698, 12.00857615064923145 ) ) ;
#3782 = FACE_OUTER_BOUND ( 'NONE', #4303, .T. ) ;
#3783 = CARTESIAN_POINT ( 'NONE',  ( 1.921309396200324926, 5.401132836400845072, -9.778888212033983507 ) ) ;
#3784 = CARTESIAN_POINT ( 'NONE',  ( 7.287700569261396311, 14.10648931882181323, 7.309258984630882416 ) ) ;
#3785 = AXIS2_PLACEMENT_3D ( 'NONE', #6085, #1295, #6146 ) ;
#3786 = CARTESIAN_POINT ( 'NONE',  ( 1.085495054253775933E-15, 2.600000000000046718, 8.863739773864104166 ) ) ;
#3787 = CARTESIAN_POINT ( 'NONE',  ( 0.000000000000000000, 13.89156607017623379, 0.000000000000000000 ) ) ;
#3788 = CARTESIAN_POINT ( 'NONE',  ( 0.4000000000011763035, 14.99835389875292968, 0.2001680672266809291 ) ) ;
#3789 = ADVANCED_FACE ( 'NONE', ( #2366 ), #5011, .F. ) ;
#3790 = CARTESIAN_POINT ( 'NONE',  ( -0.2637234747430871606, 2.066769541931217979, 11.85312027624119224 ) ) ;
#3791 = ORIENTED_EDGE ( 'NONE', *, *, #4299, .T. ) ;
#3792 = CARTESIAN_POINT ( 'NONE',  ( 9.395020863502992370, 13.92087586582867864, -3.846090504979800428 ) ) ;
#3793 = EDGE_CURVE ( 'NONE', #2334, #3683, #1504, .T. ) ;
#3794 = CARTESIAN_POINT ( 'NONE',  ( 0.1999999999999997335, 14.15750163757763325, 9.500000000000000000 ) ) ;
#3795 = VERTEX_POINT ( 'NONE', #2519 ) ;
#3796 = DIRECTION ( 'NONE',  ( 0.003380786062444336368, 0.9999942851264701504, 0.000000000000000000 ) ) ;
#3797 = EDGE_LOOP ( 'NONE', ( #2403, #1824, #4439, #2552 ) ) ;
#3798 = CARTESIAN_POINT ( 'NONE',  ( 10.27823811775064122, 5.772828836340108793, -0.5912130801431595417 ) ) ;
#3799 = CARTESIAN_POINT ( 'NONE',  ( 0.6031308994973106907, 2.576881088459222369, 11.47163742974582945 ) ) ;
#3800 = CARTESIAN_POINT ( 'NONE',  ( 0.6330747192327815798, 2.466410904847962549, 11.72227791693130960 ) ) ;
#3801 = CARTESIAN_POINT ( 'NONE',  ( 0.06371014612322813131, 3.284923892882549712, 10.90002736923115378 ) ) ;
#3802 = EDGE_CURVE ( 'NONE', #2893, #1379, #4852, .T. ) ;
#3803 = CARTESIAN_POINT ( 'NONE',  ( 6.748658946505846856, 14.16691473702655379, 7.330198014049598143 ) ) ;
#3804 = DIRECTION ( 'NONE',  ( 0.9515123859697187658, 0.000000000000000000, -0.3076104343909887850 ) ) ;
#3805 = AXIS2_PLACEMENT_3D ( 'NONE', #1194, #6019, #1616 ) ;
#3806 = CARTESIAN_POINT ( 'NONE',  ( -6.005899246101737532, 4.284774968470395073, 7.979831910253806448 ) ) ;
#3807 = DIRECTION ( 'NONE',  ( 3.430248998885766964E-15, -1.000000000000000000, -0.000000000000000000 ) ) ;
#3808 = CARTESIAN_POINT ( 'NONE',  ( 0.8914494823680497726, 14.14193358903626319, 10.07159417224553088 ) ) ;
#3809 = CARTESIAN_POINT ( 'NONE',  ( 7.919597606666489931, 4.455217734221980308, -5.692941754787342212 ) ) ;
#3810 = CIRCLE ( 'NONE', #200, 0.1000000000000001443 ) ;
#3811 = CARTESIAN_POINT ( 'NONE',  ( -6.837015860942309509, 9.438544898331947763, 7.610672289764931264 ) ) ;
#3812 = CARTESIAN_POINT ( 'NONE',  ( -0.9565585493815429441, 7.124177037186155914, 10.39643245935959648 ) ) ;
#3813 = CARTESIAN_POINT ( 'NONE',  ( 0.4000000000000012990, 14.27231322796836110, 9.307815126050419607 ) ) ;
#3814 = DIRECTION ( 'NONE',  ( -0.000000000000000000, 1.000000000000000000, -0.000000000000000000 ) ) ;
#3815 = PRESENTATION_STYLE_ASSIGNMENT (( #4394 ) ) ;
#3816 = ORIENTED_EDGE ( 'NONE', *, *, #3506, .F. ) ;
#3817 = CARTESIAN_POINT ( 'NONE',  ( 0.8211543550197892838, 4.787356219189095263, -9.516476502322797515 ) ) ;
#3818 =( BOUNDED_SURFACE ( )  B_SPLINE_SURFACE ( 3, 2, ( 
 ( #324, #5212, #3731 ),
 ( #2727, #4738, #189 ),
 ( #5705, #5181, #1291 ),
 ( #2632, #808, #2761 ) ),
 .UNSPECIFIED., .F., .F., .F. ) 
 B_SPLINE_SURFACE_WITH_KNOTS ( ( 4, 4 ),
 ( 3, 3 ),
 ( 0.02720418874802029569, 0.03749238711708021560 ),
 ( 0.000000000000000000, 1.000000000000000000 ),
 .UNSPECIFIED. ) 
 GEOMETRIC_REPRESENTATION_ITEM ( )  RATIONAL_B_SPLINE_SURFACE ( (
 ( 1.000000000000000000, 0.9685181932067952193, 1.000000000000000000),
 ( 1.000000000000000000, 0.9683949015584470965, 1.000000000000000000),
 ( 1.000000000000000000, 0.9682683431812577624, 1.000000000000000000),
 ( 1.000000000000000000, 0.9681383262960303604, 1.000000000000000000) ) ) 
 REPRESENTATION_ITEM ( '' )  SURFACE ( )  );
#3819 = FILL_AREA_STYLE_COLOUR ( '', #2875 ) ;
#3820 = ORIENTED_EDGE ( 'NONE', *, *, #994, .F. ) ;
#3821 = EDGE_LOOP ( 'NONE', ( #4827, #2308, #3691, #2922 ) ) ;
#3822 = FACE_OUTER_BOUND ( 'NONE', #4720, .T. ) ;
#3823 = VERTEX_POINT ( 'NONE', #5902 ) ;
#3824 = CARTESIAN_POINT ( 'NONE',  ( 10.23141523264182418, 13.90470501650433732, -0.8629959111914438097 ) ) ;
#3825 = ORIENTED_EDGE ( 'NONE', *, *, #4147, .F. ) ;
#3826 = DIRECTION ( 'NONE',  ( -0.9375265867793790564, -5.869333138450149916E-15, -0.3479136373898089052 ) ) ;
#3827 = CARTESIAN_POINT ( 'NONE',  ( -10.22664949251426947, 13.89599898141105072, -1.400695374759414413 ) ) ;
#3828 = ORIENTED_EDGE ( 'NONE', *, *, #758, .T. ) ;
#3829 = CARTESIAN_POINT ( 'NONE',  ( -8.814689101527370951, 3.669383407413502773, 5.771872040955202898 ) ) ;
#3830 = EDGE_CURVE ( 'NONE', #637, #5108, #4109, .T. ) ;
#3831 = EDGE_CURVE ( 'NONE', #1204, #2522, #2895, .T. ) ;
#3832 = CIRCLE ( 'NONE', #1055, 0.1269999999999993356 ) ;
#3833 = ORIENTED_EDGE ( 'NONE', *, *, #4218, .F. ) ;
#3834 = CARTESIAN_POINT ( 'NONE',  ( 0.1999999999999979572, 14.89958263627552881, 0.000000000000000000 ) ) ;
#3835 = CARTESIAN_POINT ( 'NONE',  ( 0.4442115355570470103, 1.997933280861254657, 11.91746638567547656 ) ) ;
#3836 = CARTESIAN_POINT ( 'NONE',  ( -0.2631491451745564536, 3.265671976617200656, 10.93700610683650076 ) ) ;
#3837 = CARTESIAN_POINT ( 'NONE',  ( 0.5411055080204862922, 2.339537975491739807, 11.75923894227121203 ) ) ;
#3838 = CARTESIAN_POINT ( 'NONE',  ( 3.124823123882985332, 4.393311592239058427, 9.304386943230770868 ) ) ;
#3839 = CIRCLE ( 'NONE', #5164, 0.05000000000000053707 ) ;
#3840 = EDGE_CURVE ( 'NONE', #3699, #5070, #2640, .T. ) ;
#3841 = CARTESIAN_POINT ( 'NONE',  ( -6.865416122263565235, 3.852398569254998240, 7.749594047728256108 ) ) ;
#3842 = CARTESIAN_POINT ( 'NONE',  ( -5.519421283147869062, 14.15254961775379350, -8.397890439524104522 ) ) ;
#3843 = CARTESIAN_POINT ( 'NONE',  ( 1.680350716964761126, 10.55301040813827207, 10.07187965568341426 ) ) ;
#3844 = CARTESIAN_POINT ( 'NONE',  ( 10.42684132309885392, 3.773495035810595866, -1.096695576705339237 ) ) ;
#3845 = CARTESIAN_POINT ( 'NONE',  ( 10.40922206766159519, 3.756969513007463402, -1.370872392997396938 ) ) ;
#3846 = CARTESIAN_POINT ( 'NONE',  ( 3.148641183063237925, 4.357257231124171959, 9.334358590821638657 ) ) ;
#3847 = B_SPLINE_CURVE_WITH_KNOTS ( 'NONE', 3,
 ( #3633, #3204, #6077, #5175 ),
 .UNSPECIFIED., .F., .F.,
 ( 4, 4 ),
 ( 5.131204752302183977E-05, 0.01019202896350888260 ),
 .UNSPECIFIED. ) ;
#3848 = CARTESIAN_POINT ( 'NONE',  ( -1.363709671208921614, 7.126451548776938871, 10.35892586637568513 ) ) ;
#3849 = CARTESIAN_POINT ( 'NONE',  ( -7.471319406828442311, 13.89599898141095480, 7.122197252026595038 ) ) ;
#3850 = CARTESIAN_POINT ( 'NONE',  ( -0.4660134227068738477, 2.301080134726293913, 11.61240847686010014 ) ) ;
#3851 = CARTESIAN_POINT ( 'NONE',  ( -7.281553737093599210, 4.491428936488255808, -6.434637832132298563 ) ) ;
#3852 = ORIENTED_EDGE ( 'NONE', *, *, #5293, .F. ) ;
#3853 = CARTESIAN_POINT ( 'NONE',  ( 2.110122922965598224, 6.107335559125018243, -9.785449707343367720 ) ) ;
#3854 = B_SPLINE_CURVE_WITH_KNOTS ( 'NONE', 3,
 ( #1302, #2776, #5128, #6121, #1720, #3682 ),
 .UNSPECIFIED., .F., .F.,
 ( 4, 2, 4 ),
 ( 3.127317220692750759E-18, 0.0003992262144105928798, 0.0007984524288211826155 ),
 .UNSPECIFIED. ) ;
#3855 = FACE_OUTER_BOUND ( 'NONE', #3958, .T. ) ;
#3856 = DIRECTION ( 'NONE',  ( -0.000000000000000000, -1.000000000000000000, -0.000000000000000000 ) ) ;
#3857 = ORIENTED_EDGE ( 'NONE', *, *, #5776, .T. ) ;
#3858 = DIRECTION ( 'NONE',  ( -0.9999944351542436882, 0.003336114588163380679, 7.047274903939697316E-15 ) ) ;
#3859 = CARTESIAN_POINT ( 'NONE',  ( 9.066922997097398351, 4.130617286644949537, 4.544393264067492666 ) ) ;
#3860 = DIRECTION ( 'NONE',  ( -3.430248998885766964E-15, 1.000000000000000000, 0.000000000000000000 ) ) ;
#3861 = EDGE_LOOP ( 'NONE', ( #1309, #353, #2533, #5941 ) ) ;
#3862 = CARTESIAN_POINT ( 'NONE',  ( 0.4503753127606328621, -45.00000000000000000, -8.585457451057878200E-17 ) ) ;
#3863 = ORIENTED_EDGE ( 'NONE', *, *, #5203, .T. ) ;
#3864 = CARTESIAN_POINT ( 'NONE',  ( 0.6084028975573024800, 2.378959244939875983, 11.52840035076281922 ) ) ;
#3865 = CARTESIAN_POINT ( 'NONE',  ( -0.6531602275203064467, 2.562841850911929509, 11.62448941624910148 ) ) ;
#3866 = CARTESIAN_POINT ( 'NONE',  ( 9.550376710864707519, 14.14193359095417435, -3.327803631942402696 ) ) ;
#3867 = CARTESIAN_POINT ( 'NONE',  ( 2.506552708012337760, 4.232223356471254583, 9.664570233054588400 ) ) ;
#3868 = CARTESIAN_POINT ( 'NONE',  ( 1.644201940913111670, 14.13480499342897190, 10.02085105841018553 ) ) ;
#3869 = CYLINDRICAL_SURFACE ( 'NONE', #5635, 2.249999999999999112 ) ;
#3870 = CARTESIAN_POINT ( 'NONE',  ( 9.547949032085734089, 3.852398570225727514, -4.003350558846301865 ) ) ;
#3871 = CARTESIAN_POINT ( 'NONE',  ( -9.403750826755164383, 14.13480330091907788, -3.832822251953038162 ) ) ;
#3872 = EDGE_CURVE ( 'NONE', #245, #4731, #5297, .T. ) ;
#3873 = CARTESIAN_POINT ( 'NONE',  ( 0.5411055080210902535, 2.339537975489829780, 11.75923894226994015 ) ) ;
#3874 = EDGE_CURVE ( 'NONE', #2694, #1139, #1016, .T. ) ;
#3875 = FACE_OUTER_BOUND ( 'NONE', #6165, .T. ) ;
#3876 = CARTESIAN_POINT ( 'NONE',  ( -0.4503753127630023556, 14.27193966532347247, 9.307756463720336271 ) ) ;
#3877 = CARTESIAN_POINT ( 'NONE',  ( 0.3001315745365877308, 14.24552487571634529, 9.480703112748958716 ) ) ;
#3878 = CARTESIAN_POINT ( 'NONE',  ( 8.648128197992061672, 14.16691622592401956, 4.948323249908358257 ) ) ;
#3879 = CARTESIAN_POINT ( 'NONE',  ( -8.204693767702444518, 4.449008452679323433, -5.300227654030128299 ) ) ;
#3880 = EDGE_CURVE ( 'NONE', #2889, #5179, #1167, .T. ) ;
#3881 = ORIENTED_EDGE ( 'NONE', *, *, #10, .T. ) ;
#3882 = CARTESIAN_POINT ( 'NONE',  ( 1.068723019884945113, 4.901514478955678378, -9.529025626582500408 ) ) ;
#3883 = CARTESIAN_POINT ( 'NONE',  ( 7.286307949730133515, 13.89619262924202303, 7.316272399323588971 ) ) ;
#3884 = B_SPLINE_CURVE_WITH_KNOTS ( 'NONE', 3,
 ( #4928, #1489, #4528, #112, #5921, #2078 ),
 .UNSPECIFIED., .F., .F.,
 ( 4, 2, 4 ),
 ( 8.741117365843378158E-18, 0.0003992241977404280880, 0.0007984483954808475024 ),
 .UNSPECIFIED. ) ;
#3885 = CARTESIAN_POINT ( 'NONE',  ( 0.4656049382649418700, 2.207385704905631574, 11.98930125866511354 ) ) ;
#3886 = CARTESIAN_POINT ( 'NONE',  ( 8.873194305015230654, 4.284880635825333073, -4.583974891858776601 ) ) ;
#3887 = VERTEX_POINT ( 'NONE', #6023 ) ;
#3888 = CARTESIAN_POINT ( 'NONE',  ( -1.271135707741218328E-14, 13.89599898141180567, 0.000000000000000000 ) ) ;
#3889 = CARTESIAN_POINT ( 'NONE',  ( 7.562383801974637443, 3.695334402584877331, 7.284513599131567041 ) ) ;
#3890 = CIRCLE ( 'NONE', #6346, 10.49910449380185717 ) ;
#3891 = PRESENTATION_STYLE_ASSIGNMENT (( #6324 ) ) ;
#3892 = ORIENTED_EDGE ( 'NONE', *, *, #2561, .F. ) ;
#3893 = CARTESIAN_POINT ( 'NONE',  ( -1.644193978849183058, 14.13480330084211190, 10.02086234791100949 ) ) ;
#3894 = ORIENTED_EDGE ( 'NONE', *, *, #5129, .F. ) ;
#3895 = FACE_OUTER_BOUND ( 'NONE', #6257, .T. ) ;
#3896 = CARTESIAN_POINT ( 'NONE',  ( 0.4185486660452031327, 3.164482759662510247, 11.03335190940427957 ) ) ;
#3897 = FACE_OUTER_BOUND ( 'NONE', #2264, .T. ) ;
#3898 = ORIENTED_EDGE ( 'NONE', *, *, #2647, .T. ) ;
#3899 = CARTESIAN_POINT ( 'NONE',  ( -7.561842441819396576, 3.756969513006664929, 7.283524837390905837 ) ) ;
#3900 = CARTESIAN_POINT ( 'NONE',  ( -4.430036869481916995, 4.556959419672583778, 8.631804419778953630 ) ) ;
#3901 = CARTESIAN_POINT ( 'NONE',  ( -5.587641629235867491, 14.15872707064028369, -8.308805299188083637 ) ) ;
#3902 = CARTESIAN_POINT ( 'NONE',  ( -10.00850003627170537, 3.669383407414077425, -3.292898090995661775 ) ) ;
#3903 = CARTESIAN_POINT ( 'NONE',  ( -9.528564791779002618, 3.886646807229342748, -3.961010561654165762 ) ) ;
#3904 = CARTESIAN_POINT ( 'NONE',  ( -9.161782039107860598, 3.942189825947389981, 5.011955384483725240 ) ) ;
#3905 = CARTESIAN_POINT ( 'NONE',  ( 5.946147648679784403, 5.772828836581417988, -8.404465470556992557 ) ) ;
#3906 = CARTESIAN_POINT ( 'NONE',  ( 5.689817346442660018, 13.90659367273103975, -8.527923854244217949 ) ) ;
#3907 = AXIS2_PLACEMENT_3D ( 'NONE', #352, #5275, #1835 ) ;
#3908 = EDGE_CURVE ( 'NONE', #563, #6268, #1004, .T. ) ;
#3909 = EDGE_CURVE ( 'NONE', #3524, #804, #4549, .T. ) ;
#3910 = DIRECTION ( 'NONE',  ( 0.000000000000000000, 0.000000000000000000, -1.000000000000000000 ) ) ;
#3911 = CIRCLE ( 'NONE', #310, 0.1270000000000003904 ) ;
#3912 =( BOUNDED_SURFACE ( )  B_SPLINE_SURFACE ( 3, 2, ( 
 ( #5987, #1582, #4963 ),
 ( #1615, #3535, #56 ),
 ( #1094, #650, #3475 ),
 ( #5572, #3570, #3089 ) ),
 .UNSPECIFIED., .F., .F., .T. ) 
 B_SPLINE_SURFACE_WITH_KNOTS ( ( 4, 4 ),
 ( 3, 3 ),
 ( 0.000000000000000000, 0.0008858189362030673489 ),
 ( 0.000000000000000000, 1.000000000000000000 ),
 .UNSPECIFIED. ) 
 GEOMETRIC_REPRESENTATION_ITEM ( )  RATIONAL_B_SPLINE_SURFACE ( (
 ( 1.000000000000000000, 0.9101407218924000286, 1.000000000000000000),
 ( 1.000000000000000000, 0.9211338130544970415, 1.000000000000000000),
 ( 1.000000000000000000, 0.9273812954086435578, 1.000000000000000000),
 ( 1.000000000000000000, 0.9271838545667879794, 1.000000000000000000) ) ) 
 REPRESENTATION_ITEM ( '' )  SURFACE ( )  );
#3913 = CARTESIAN_POINT ( 'NONE',  ( 0.5028513355140268315, 2.393472185695346699, 11.51849067736727328 ) ) ;
#3914 = VERTEX_POINT ( 'NONE', #656 ) ;
#3915 = CARTESIAN_POINT ( 'NONE',  ( 2.184094145575052437, 7.457412630938339504, -9.769891579672998816 ) ) ;
#3916 = SURFACE_STYLE_FILL_AREA ( #3948 ) ;
#3917 = EDGE_CURVE ( 'NONE', #4467, #5790, #1078, .T. ) ;
#3918 =( NAMED_UNIT ( * ) SI_UNIT ( $, .STERADIAN. ) SOLID_ANGLE_UNIT ( ) );
#3919 = CARTESIAN_POINT ( 'NONE',  ( 5.644696753999446592, 14.16691473709440885, -8.210578484418030953 ) ) ;
#3920 = ORIENTED_EDGE ( 'NONE', *, *, #3043, .F. ) ;
#3921 = CARTESIAN_POINT ( 'NONE',  ( -8.724662703250860574, 7.124177037145202007, 5.734202024252895491 ) ) ;
#3922 = CARTESIAN_POINT ( 'NONE',  ( -0.1999999999999986233, 14.89958263627552171, 0.09999999999999995004 ) ) ;
#3923 = CARTESIAN_POINT ( 'NONE',  ( -8.864698375648218942, 13.92087438189277115, 4.947338659961765472 ) ) ;
#3924 = B_SPLINE_CURVE_WITH_KNOTS ( 'NONE', 3,
 ( #4339, #3859, #5333, #447, #2405, #6323, #1082, #5101, #4013, #4076, #5064, #1565, #2586, #6035 ),
 .UNSPECIFIED., .F., .F.,
 ( 4, 2, 2, 2, 2, 2, 4 ),
 ( 1.004043801467442838E-17, 0.001474135640126665548, 0.002211203460189992576, 0.002948271280253320255, 0.004422406920379974744, 0.005159474740443301989, 0.005896542560506628367 ),
 .UNSPECIFIED. ) ;
#3925 = VERTEX_POINT ( 'NONE', #5055 ) ;
#3926 = CARTESIAN_POINT ( 'NONE',  ( -9.048634223609234084, 3.749418215825385037, 5.241681435837090675 ) ) ;
#3927 = ORIENTED_EDGE ( 'NONE', *, *, #5511, .F. ) ;
#3928 = FACE_OUTER_BOUND ( 'NONE', #2146, .T. ) ;
#3929 = PRESENTATION_LAYER_ASSIGNMENT (  '', '', ( #329 ) ) ;
#3930 = CARTESIAN_POINT ( 'NONE',  ( -2.504960420420648592, 4.091892662743515707, -9.865232212758174413 ) ) ;
#3931 = CARTESIAN_POINT ( 'NONE',  ( -10.01744445014300133, 14.14193358903623299, -1.372041558527590688 ) ) ;
#3932 = CARTESIAN_POINT ( 'NONE',  ( 9.886267919158340689, 3.756869696480359622, -3.545460590841652770 ) ) ;
#3933 = B_SPLINE_CURVE_WITH_KNOTS ( 'NONE', 3,
 ( #531, #2365, #5782, #1434, #1369, #2458 ),
 .UNSPECIFIED., .F., .F.,
 ( 4, 2, 4 ),
 ( 1.502314598737159232E-18, 0.0004114321564152364358, 0.0008228643128304713537 ),
 .UNSPECIFIED. ) ;
#3934 = CARTESIAN_POINT ( 'NONE',  ( 0.2631035763157456575, 2.080831023534814861, 12.12214248263758520 ) ) ;
#3935 = CARTESIAN_POINT ( 'NONE',  ( -9.780106006888674486, 13.89609646582301927, -3.303636994701216079 ) ) ;
#3936 = CARTESIAN_POINT ( 'NONE',  ( -9.547964767945394726, 3.852387266444440961, -4.003342262243314131 ) ) ;
#3937 = PRESENTATION_STYLE_ASSIGNMENT (( #3560 ) ) ;
#3938 = CARTESIAN_POINT ( 'NONE',  ( 2.149230568390585017, 4.042580927179583838, 9.941674897055680304 ) ) ;
#3939 = FACE_OUTER_BOUND ( 'NONE', #3729, .T. ) ;
#3940 = AXIS2_PLACEMENT_3D ( 'NONE', #3236, #3663, #284 ) ;
#3941 = CARTESIAN_POINT ( 'NONE',  ( -6.964029882115236880, 14.15065569502024978, 7.263151340586903260 ) ) ;
#3942 = STYLED_ITEM ( 'NONE', ( #5833 ), #81 ) ;
#3943 = CARTESIAN_POINT ( 'NONE',  ( 8.639346663800177240, 14.15872707062437641, 5.061588061185909204 ) ) ;
#3944 = CARTESIAN_POINT ( 'NONE',  ( -6.846259524029676413, 4.445072329412608880, -7.034297694930722322 ) ) ;
#3945 = VERTEX_POINT ( 'NONE', #1587 ) ;
#3946 = CARTESIAN_POINT ( 'NONE',  ( 2.213981115205460259, 7.324156189651438886, -9.775635936332976783 ) ) ;
#3947 = ADVANCED_FACE ( 'NONE', ( #194 ), #2582, .T. ) ;
#3948 = FILL_AREA_STYLE ('',( #126 ) ) ;
#3949 =( NAMED_UNIT ( * ) PLANE_ANGLE_UNIT ( ) SI_UNIT ( $, .RADIAN. ) );
#3950 =( BOUNDED_SURFACE ( )  B_SPLINE_SURFACE ( 3, 2, ( 
 ( #1903, #2446, #4413 ),
 ( #521, #3440, #5774 ),
 ( #937, #3867, #1358 ),
 ( #2356, #3838, #5829 ),
 ( #4318, #1423, #2897 ),
 ( #4868, #6331, #1546 ),
 ( #3993, #5532, #4471 ),
 ( #1119, #4022, #1061 ),
 ( #3600, #2112, #116 ),
 ( #5568, #85, #1034 ),
 ( #1090, #1575, #5949 ),
 ( #4503, #1644, #2539 ) ),
 .UNSPECIFIED., .F., .F., .F. ) 
 B_SPLINE_SURFACE_WITH_KNOTS ( ( 4, 2, 2, 2, 2, 4 ),
 ( 3, 3 ),
 ( -6.071532165918824830E-18, 0.001464990606726741763, 0.002197485910090115572, 0.002929981213453489598, 0.004394971820180237215, 0.005859962426906985267 ),
 ( 0.000000000000000000, 1.000000000000000000 ),
 .UNSPECIFIED. ) 
 GEOMETRIC_REPRESENTATION_ITEM ( )  RATIONAL_B_SPLINE_SURFACE ( (
 ( 1.000000000000000000, 0.9101407218393361420, 1.000000000000000000),
 ( 1.000000000000000000, 0.9152134589768575745, 1.000000000000000000),
 ( 1.000000000000000000, 0.9194871959769742586, 1.000000000000000000),
 ( 1.000000000000000000, 0.9239906476112358380, 1.000000000000000000),
 ( 1.000000000000000000, 0.9251722141560881907, 1.000000000000000000),
 ( 1.000000000000000000, 0.9267758961991771072, 1.000000000000000000),
 ( 1.000000000000000000, 0.9271835648417897646, 1.000000000000000000),
 ( 1.000000000000000000, 0.9271844335459767938, 1.000000000000000000),
 ( 1.000000000000000000, 0.9255576592871690433, 1.000000000000000000),
 ( 1.000000000000000000, 0.9195535724207171135, 1.000000000000000000),
 ( 1.000000000000000000, 0.9152044632163491844, 1.000000000000000000),
 ( 1.000000000000000000, 0.9101417910926261623, 1.000000000000000000) ) ) 
 REPRESENTATION_ITEM ( '' )  SURFACE ( )  );
#3951 = ORIENTED_EDGE ( 'NONE', *, *, #1278, .T. ) ;
#3952 = CARTESIAN_POINT ( 'NONE',  ( 7.470542165056659023, 13.98186165596730923, 7.120840473020563444 ) ) ;
#3953 = CARTESIAN_POINT ( 'NONE',  ( 0.3087540563067889821, 14.89940107271301528, -7.672114096377392352E-16 ) ) ;
#3954 = EDGE_CURVE ( 'NONE', #1139, #4443, #62, .T. ) ;
#3955 = VERTEX_POINT ( 'NONE', #3845 ) ;
#3956 = EDGE_CURVE ( 'NONE', #2893, #1141, #5379, .T. ) ;
#3957 = SURFACE_SIDE_STYLE ('',( #3015 ) ) ;
#3958 = EDGE_LOOP ( 'NONE', ( #6007, #2380, #5176, #1514 ) ) ;
#3959 = VECTOR ( 'NONE', #1619, 999.9999999999998863 ) ;
#3960 = CARTESIAN_POINT ( 'NONE',  ( -0.3964919337400779065, 1.957298085210510186, 11.95966482193192881 ) ) ;
#3961 = CARTESIAN_POINT ( 'NONE',  ( 5.326295037769817498, 10.55301945948382070, -8.909840641449303433 ) ) ;
#3962 = VERTEX_POINT ( 'NONE', #3326 ) ;
#3963 = FACE_OUTER_BOUND ( 'NONE', #2040, .T. ) ;
#3964 =( GEOMETRIC_REPRESENTATION_CONTEXT ( 3 ) GLOBAL_UNCERTAINTY_ASSIGNED_CONTEXT ( ( #5752 ) ) GLOBAL_UNIT_ASSIGNED_CONTEXT ( ( #3992, #3410, #428 ) ) REPRESENTATION_CONTEXT ( 'NONE', 'WORKASPACE' ) );
#3965 = CARTESIAN_POINT ( 'NONE',  ( 0.06948921310737167512, 2.035099757448216806, 12.17055745635609831 ) ) ;
#3966 = CARTESIAN_POINT ( 'NONE',  ( -3.256886258329933614, 13.98371528639705019, -9.801836428781747657 ) ) ;
#3967 = DIRECTION ( 'NONE',  ( -1.000000000000000000, -0.000000000000000000, -0.000000000000000000 ) ) ;
#3968 = DIRECTION ( 'NONE',  ( 0.000000000000000000, 0.000000000000000000, 1.000000000000000000 ) ) ;
#3969 = CARTESIAN_POINT ( 'NONE',  ( -7.471319406829342036, 13.89599898141126921, 7.122197252026063019 ) ) ;
#3970 = CARTESIAN_POINT ( 'NONE',  ( 0.5556731721562387927, 4.719695588743209491, -9.508894056462260380 ) ) ;
#3971 = DIRECTION ( 'NONE',  ( -0.5679288406014959545, 0.000000000000000000, 0.8230776585554004932 ) ) ;
#3972 = CARTESIAN_POINT ( 'NONE',  ( -0.3687970968209121625, 2.959661977979875402, 11.02049952557967494 ) ) ;
#3973 = ORIENTED_EDGE ( 'NONE', *, *, #125, .T. ) ;
#3974 = CARTESIAN_POINT ( 'NONE',  ( 2.186168649697571631, 7.448969907690073278, -9.591522492375247566 ) ) ;
#3975 = FACE_OUTER_BOUND ( 'NONE', #5420, .T. ) ;
#3976 = CARTESIAN_POINT ( 'NONE',  ( 3.721572985687203516, 2.932529117040544531, 9.011074151866862891 ) ) ;
#3977 = ORIENTED_EDGE ( 'NONE', *, *, #3830, .F. ) ;
#3978 = DIRECTION ( 'NONE',  ( 0.000000000000000000, -0.7160162785037522681, -0.6980835830454953372 ) ) ;
#3979 = CARTESIAN_POINT ( 'NONE',  ( 2.323262512278673864, 6.185303350035001202, -9.809195761837036898 ) ) ;
#3980 = CIRCLE ( 'NONE', #1719, 10.53628258987628641 ) ;
#3981 = CARTESIAN_POINT ( 'NONE',  ( -5.372663058093272603, 7.124157179922391947, -8.951832832822564257 ) ) ;
#3982 = ORIENTED_EDGE ( 'NONE', *, *, #3470, .F. ) ;
#3983 = CARTESIAN_POINT ( 'NONE',  ( 0.5905277808158052588, 9.076233961382477844, -4.349508540518796984 ) ) ;
#3984 =( GEOMETRIC_REPRESENTATION_CONTEXT ( 3 ) GLOBAL_UNCERTAINTY_ASSIGNED_CONTEXT ( ( #2087 ) ) GLOBAL_UNIT_ASSIGNED_CONTEXT ( ( #6110, #1768, #1252 ) ) REPRESENTATION_CONTEXT ( 'NONE', 'WORKASPACE' ) );
#3985 =( BOUNDED_SURFACE ( )  B_SPLINE_SURFACE ( 3, 2, ( 
 ( #4641, #122, #2572 ),
 ( #5983, #5148, #6082 ),
 ( #2086, #2633, #3669 ),
 ( #678, #2116, #4028 ),
 ( #4060, #3118, #5502 ),
 ( #6017, #2154, #2542 ) ),
 .UNSPECIFIED., .F., .F., .T. ) 
 B_SPLINE_SURFACE_WITH_KNOTS ( ( 4, 2, 4 ),
 ( 3, 3 ),
 ( 0.000000000000000000, 0.0001952716829157587815, 0.0003905433658315175631 ),
 ( 0.000000000000000000, 1.000000000000000000 ),
 .UNSPECIFIED. ) 
 GEOMETRIC_REPRESENTATION_ITEM ( )  RATIONAL_B_SPLINE_SURFACE ( (
 ( 1.000000000000000000, 0.7044479202848579202, 1.000000000000000000),
 ( 1.000000000000000000, 0.7047549348867633290, 1.000000000000000000),
 ( 1.000000000000000000, 0.7051943298531204718, 1.000000000000000000),
 ( 1.000000000000000000, 0.7060662213310180402, 1.000000000000000000),
 ( 1.000000000000000000, 0.7065024366024255098, 1.000000000000000000),
 ( 1.000000000000000000, 0.7068118461242045569, 1.000000000000000000) ) ) 
 REPRESENTATION_ITEM ( '' )  SURFACE ( )  );
#3986 = ORIENTED_EDGE ( 'NONE', *, *, #1515, .T. ) ;
#3987 = EDGE_CURVE ( 'NONE', #1816, #3548, #1763, .T. ) ;
#3988 = ADVANCED_FACE ( 'NONE', ( #3738 ), #1935, .F. ) ;
#3989 = CARTESIAN_POINT ( 'NONE',  ( 9.161778771463341187, 3.942201130490656791, 5.011937803139432823 ) ) ;
#3990 = AXIS2_PLACEMENT_3D ( 'NONE', #257, #3668, #223 ) ;
#3991 = CARTESIAN_POINT ( 'NONE',  ( 1.920127565810662018, 4.196815459942681237, -9.833735033787991853 ) ) ;
#3992 =( LENGTH_UNIT ( ) NAMED_UNIT ( * ) SI_UNIT ( .MILLI., .METRE. ) );
#3993 = CARTESIAN_POINT ( 'NONE',  ( 3.986533637289338738, 4.556959419725481908, 8.845384319745004831 ) ) ;
#3994 = CARTESIAN_POINT ( 'NONE',  ( -0.4312007198583971412, 2.174552497076372326, 11.92930732145071637 ) ) ;
#3995 = ADVANCED_FACE ( 'NONE', ( #299 ), #5360, .T. ) ;
#3996 = CARTESIAN_POINT ( 'NONE',  ( -0.2994991652754608324, 14.07287760841769320, 9.292227553795731509 ) ) ;
#3997 = CYLINDRICAL_SURFACE ( 'NONE', #5116, 2.249999999999999112 ) ;
#3998 = CARTESIAN_POINT ( 'NONE',  ( 0.2001668056713926114, 14.23348072557188182, 9.557964970809006644 ) ) ;
#3999 = CARTESIAN_POINT ( 'NONE',  ( 3.276160143419252435, 14.02533505585985019, 9.004071246827493269 ) ) ;
#4000 = CARTESIAN_POINT ( 'NONE',  ( -0.4503753127606348605, 14.27193966532341207, 9.307756463719764284 ) ) ;
#4001 = CARTESIAN_POINT ( 'NONE',  ( -0.4232801528751400366, 14.99850220539815915, 0.06946490074792867342 ) ) ;
#4002 = CARTESIAN_POINT ( 'NONE',  ( -6.795865183208212201, 13.92087586570300850, 7.541554589566731970 ) ) ;
#4003 = CARTESIAN_POINT ( 'NONE',  ( 0.3047081358716922650, 14.99926590986143893, 0.02180439294344421047 ) ) ;
#4004 = CARTESIAN_POINT ( 'NONE',  ( 3.394021089470825370, 3.756870477116517559, -9.939216797973635664 ) ) ;
#4005 = TOROIDAL_SURFACE ( 'NONE', #3698, 10.62608515108712126, 0.1270000000000000018 ) ;
#4006 = EDGE_LOOP ( 'NONE', ( #6168, #4043, #6262, #5515 ) ) ;
#4007 = CARTESIAN_POINT ( 'NONE',  ( 2.268816413536195231, 7.781425858313464339, -9.774679733804712001 ) ) ;
#4008 = CONICAL_SURFACE ( 'NONE', #4319, 1000.000000000003297, 0.7853981633974499443 ) ;
#4009 = CARTESIAN_POINT ( 'NONE',  ( 7.778544193094636405, 2.950952121496594582, -5.847110046807131312 ) ) ;
#4010 = CARTESIAN_POINT ( 'NONE',  ( 5.829256812356090833, 14.13480330077304181, -8.315095974168228210 ) ) ;
#4011 = ORIENTED_EDGE ( 'NONE', *, *, #3395, .F. ) ;
#4012 = CARTESIAN_POINT ( 'NONE',  ( -10.28254629993579350, 2.393131246113174626, -0.4575761546579500405 ) ) ;
#4013 = CARTESIAN_POINT ( 'NONE',  ( 9.692484444330876414, 4.500878762616804529, 1.209404535986774665 ) ) ;
#4014 =( NAMED_UNIT ( * ) SI_UNIT ( $, .STERADIAN. ) SOLID_ANGLE_UNIT ( ) );
#4015 = VERTEX_POINT ( 'NONE', #5222 ) ;
#4016 = CARTESIAN_POINT ( 'NONE',  ( 2.132227896573950954, 7.633343998825774079, -3.863237377073427403 ) ) ;
#4017 = ORIENTED_EDGE ( 'NONE', *, *, #3157, .F. ) ;
#4018 = CARTESIAN_POINT ( 'NONE',  ( -0.3999999999999993561, 14.89891484826749313, 0.2000000000000014266 ) ) ;
#4019 = CARTESIAN_POINT ( 'NONE',  ( 2.377141246048639189, 4.042580926293108945, -9.889655773050538556 ) ) ;
#4020 = CARTESIAN_POINT ( 'NONE',  ( -7.312143075436776662, 4.455183902994843237, -6.454684771230438045 ) ) ;
#4021 = PRESENTATION_LAYER_ASSIGNMENT (  '', '', ( #728 ) ) ;
#4022 = CARTESIAN_POINT ( 'NONE',  ( 4.647909716058622465, 4.505686234326782724, 8.527864714266824464 ) ) ;
#4023 =( BOUNDED_SURFACE ( )  B_SPLINE_SURFACE ( 3, 2, ( 
 ( #4136, #5968, #3062 ),
 ( #4585, #3649, #1077 ),
 ( #1133, #5028, #2524 ),
 ( #4041, #3126, #4517 ) ),
 .UNSPECIFIED., .F., .F., .T. ) 
 B_SPLINE_SURFACE_WITH_KNOTS ( ( 4, 4 ),
 ( 3, 3 ),
 ( -7.589415207398531038E-19, 0.0006708524371505705103 ),
 ( 0.000000000000000000, 1.000000000000000000 ),
 .UNSPECIFIED. ) 
 GEOMETRIC_REPRESENTATION_ITEM ( )  RATIONAL_B_SPLINE_SURFACE ( (
 ( 1.000000000000000000, 0.7699653562337736012, 1.000000000000000000),
 ( 1.000000000000000000, 0.7702125447732381947, 1.000000000000000000),
 ( 1.000000000000000000, 0.7681778926533942009, 1.000000000000000000),
 ( 1.000000000000000000, 0.7639885047476844271, 1.000000000000000000) ) ) 
 REPRESENTATION_ITEM ( '' )  SURFACE ( )  );
#4024 = EDGE_CURVE ( 'NONE', #883, #1348, #1464, .T. ) ;
#4025 = CARTESIAN_POINT ( 'NONE',  ( 0.5441967583544653486, 2.286138464299160677, 11.90719582751240679 ) ) ;
#4026 = CARTESIAN_POINT ( 'NONE',  ( -8.611522109779377487, 13.91644146461345244, 4.927385523739500783 ) ) ;
#4027 = CARTESIAN_POINT ( 'NONE',  ( -7.588619478371951388, 3.669383407413522757, 7.309316330972364995 ) ) ;
#4028 = CARTESIAN_POINT ( 'NONE',  ( -0.3310282116459849489, 14.99911796361913296, -0.02285306245627910515 ) ) ;
#4029 = UNCERTAINTY_MEASURE_WITH_UNIT (LENGTH_MEASURE( 1.000000000000000082E-05 ), #1391, 'distance_accuracy_value', 'NONE');
#4030 = CARTESIAN_POINT ( 'NONE',  ( -1.911544958407657813, 4.199595318833017288, -9.832730144039551590 ) ) ;
#4031 = ADVANCED_FACE ( 'NONE', ( #4193 ), #2425, .F. ) ;
#4032 = CARTESIAN_POINT ( 'NONE',  ( 3.665716400410760301, 3.669383407414277265, -9.878045053829712430 ) ) ;
#4033 = DIRECTION ( 'NONE',  ( 0.8255452917719298123, 0.07189808239673264878, -0.5597371141713511911 ) ) ;
#4034 = CONICAL_SURFACE ( 'NONE', #5786, 10.50000000000015099, 0.01745329251994333364 ) ;
#4035 = DIRECTION ( 'NONE',  ( -0.000000000000000000, -0.000000000000000000, 1.000000000000000000 ) ) ;
#4036 = CARTESIAN_POINT ( 'NONE',  ( 0.1999999999999979017, 14.94964553690037334, 0.000000000000000000 ) ) ;
#4037 = CARTESIAN_POINT ( 'NONE',  ( 2.844104979917131626, 3.886657979376489713, -9.919374376263155213 ) ) ;
#4038 = CARTESIAN_POINT ( 'NONE',  ( 1.387175509716916721, 8.676675221563307616, -9.481792520949410275 ) ) ;
#4039 = AXIS2_PLACEMENT_3D ( 'NONE', #911, #2390, #4357 ) ;
#4040 = B_SPLINE_CURVE_WITH_KNOTS ( 'NONE', 3,
 ( #5161, #4588, #755, #2709, #6063, #3652, #169, #270, #4138, #693, #4103, #6093, #2231, #4075 ),
 .UNSPECIFIED., .F., .F.,
 ( 4, 2, 2, 2, 2, 2, 4 ),
 ( 0.000000000000000000, 0.0007339284076210482542, 0.001467856815242096508, 0.002935713630484196920, 0.003669642038105247559, 0.004403570445726296897, 0.005871427260968398176 ),
 .UNSPECIFIED. ) ;
#4041 = CARTESIAN_POINT ( 'NONE',  ( -9.260785332309223961, 14.16691473722287320, -3.676146828825668678 ) ) ;
#4042 = CARTESIAN_POINT ( 'NONE',  ( 1.723992681246633962, 3.695303822353283252, 10.18692479369065396 ) ) ;
#4043 = ORIENTED_EDGE ( 'NONE', *, *, #3681, .T. ) ;
#4044 = CARTESIAN_POINT ( 'NONE',  ( 0.000000000000000000, -45.00000000000000000, 0.000000000000000000 ) ) ;
#4045 = CARTESIAN_POINT ( 'NONE',  ( 0.1999999999999997335, 13.63511657567311097, 9.500000000000000000 ) ) ;
#4046 = TOROIDAL_SURFACE ( 'NONE', #5170, 59.94831106878658034, 0.05000000000000000278 ) ;
#4047 = DIRECTION ( 'NONE',  ( -2.710490322108843648E-16, -0.003338940040097484237, 0.9999944257241680790 ) ) ;
#4048 = ORIENTED_EDGE ( 'NONE', *, *, #5322, .F. ) ;
#4049 =( NAMED_UNIT ( * ) SI_UNIT ( $, .STERADIAN. ) SOLID_ANGLE_UNIT ( ) );
#4050 = ORIENTED_EDGE ( 'NONE', *, *, #1195, .T. ) ;
#4051 = ORIENTED_EDGE ( 'NONE', *, *, #4935, .T. ) ;
#4052 = DIRECTION ( 'NONE',  ( -0.000000000000000000, -1.000000000000000000, -0.000000000000000000 ) ) ;
#4053 = CARTESIAN_POINT ( 'NONE',  ( 2.823103349089887804, 3.852398569387887495, -9.960935393527449833 ) ) ;
#4054 = CARTESIAN_POINT ( 'NONE',  ( -12.15711692786345210, 1.689338824584305732, 0.000000000000000000 ) ) ;
#4055 = DIRECTION ( 'NONE',  ( -1.906289534040448226E-16, 0.000000000000000000, -1.000000000000000000 ) ) ;
#4056 = VERTEX_POINT ( 'NONE', #5867 ) ;
#4057 = CARTESIAN_POINT ( 'NONE',  ( 9.037802054434536103, 3.886657979269826590, 4.980065780721715463 ) ) ;
#4058 =( NAMED_UNIT ( * ) PLANE_ANGLE_UNIT ( ) SI_UNIT ( $, .RADIAN. ) );
#4059 = CARTESIAN_POINT ( 'NONE',  ( 9.267421887983475770, 4.363962108164471054, 3.319574458699205532 ) ) ;
#4060 = CARTESIAN_POINT ( 'NONE',  ( -0.2528042263911636778, 14.94942533409835406, -1.128103080351377287E-12 ) ) ;
#4061 = CARTESIAN_POINT ( 'NONE',  ( -0.4914512570546403225, 4.556989683247897993, -9.699097452291251642 ) ) ;
#4062 = CARTESIAN_POINT ( 'NONE',  ( -10.13346671118635456, 4.072199286104173588, -7.246900701234712617E-13 ) ) ;
#4063 = CARTESIAN_POINT ( 'NONE',  ( 7.383326512511531270, 3.669383428088085708, 7.522453473392483936 ) ) ;
#4064 = DIRECTION ( 'NONE',  ( 1.000000000000000000, 3.428144012049404421E-15, 0.000000000000000000 ) ) ;
#4065 = ADVANCED_FACE ( 'NONE', ( #4086 ), #2383, .F. ) ;
#4066 = EDGE_CURVE ( 'NONE', #3823, #6268, #4769, .T. ) ;
#4067 = B_SPLINE_CURVE_WITH_KNOTS ( 'NONE', 3,
 ( #2283, #3798, #903, #1838, #5209, #2381, #391 ),
 .UNSPECIFIED., .F., .F.,
 ( 4, 3, 4 ),
 ( 6.290464707526003882E-05, 0.005562355922314448503, 0.01004541244015628998 ),
 .UNSPECIFIED. ) ;
#4068 = CARTESIAN_POINT ( 'NONE',  ( -5.970018420182878316, 3.939984671886588519, -8.427070146075580581 ) ) ;
#4069 = CARTESIAN_POINT ( 'NONE',  ( 2.823103349089887804, 3.852398569387888383, -9.960935393527449833 ) ) ;
#4070 = CARTESIAN_POINT ( 'NONE',  ( -2.251646680263572620, 6.638460869719913227, -9.791908769707836413 ) ) ;
#4071 = CARTESIAN_POINT ( 'NONE',  ( 0.1999999999999979572, 14.89958263627552881, 0.000000000000000000 ) ) ;
#4072 = EDGE_CURVE ( 'NONE', #5335, #3955, #5687, .T. ) ;
#4073 = CARTESIAN_POINT ( 'NONE',  ( 5.141718367496603825, 18.56083771871898236, 8.051905980680054142 ) ) ;
#4074 = EDGE_LOOP ( 'NONE', ( #4081, #1795, #872, #5033 ) ) ;
#4075 = CARTESIAN_POINT ( 'NONE',  ( 9.547949032085734089, 3.852398570225727514, -4.003350558846301865 ) ) ;
#4076 = CARTESIAN_POINT ( 'NONE',  ( 9.908805496774123256, 4.340668482445237508, 0.5176578838701073604 ) ) ;
#4077 = CARTESIAN_POINT ( 'NONE',  ( -2.214003991060893295, 2.592698622303822198, -9.851927857742996508 ) ) ;
#4078 = ORIENTED_EDGE ( 'NONE', *, *, #1193, .T. ) ;
#4079 = CARTESIAN_POINT ( 'NONE',  ( 2.249999999999999112, 6.899999999999999467, -3.810199798879392752 ) ) ;
#4080 = EDGE_LOOP ( 'NONE', ( #1117, #2415, #3982, #2464 ) ) ;
#4081 = ORIENTED_EDGE ( 'NONE', *, *, #685, .T. ) ;
#4082 = CARTESIAN_POINT ( 'NONE',  ( -6.712717218907629402, 18.56270815375041749, -6.794913842717533292 ) ) ;
#4083 = CIRCLE ( 'NONE', #2117, 0.09999999999999988065 ) ;
#4084 = CARTESIAN_POINT ( 'NONE',  ( -3.393680282658650071, 3.756870353054186484, -9.939342971583414510 ) ) ;
#4085 = CARTESIAN_POINT ( 'NONE',  ( -6.027596737763693646, 3.852398569460378841, -8.417732711310653926 ) ) ;
#4086 = FACE_OUTER_BOUND ( 'NONE', #1148, .T. ) ;
#4087 = EDGE_LOOP ( 'NONE', ( #3601, #1478, #2950, #2505, #5493, #732, #1024 ) ) ;
#4088 = CIRCLE ( 'NONE', #491, 0.04999999999999941297 ) ;
#4089 = FACE_OUTER_BOUND ( 'NONE', #951, .T. ) ;
#4090 = AXIS2_PLACEMENT_3D ( 'NONE', #3533, #2486, #1065 ) ;
#4091 = CARTESIAN_POINT ( 'NONE',  ( -6.866305288231342452, 3.886657979245133010, 7.703036598950544267 ) ) ;
#4092 = CARTESIAN_POINT ( 'NONE',  ( -0.6281043131809190827, 2.854671927874190551, 11.33367611908512274 ) ) ;
#4093 = CARTESIAN_POINT ( 'NONE',  ( 0.2422923543294803195, 4.469373314211940063, -9.736286152153663664 ) ) ;
#4094 = DIRECTION ( 'NONE',  ( 0.3125294014190148073, -4.798825836468855733E-15, -0.9499080867371708647 ) ) ;
#4095 = DIRECTION ( 'NONE',  ( 0.003380786062444336368, 0.9999942851264701504, 0.000000000000000000 ) ) ;
#4096 = CARTESIAN_POINT ( 'NONE',  ( 2.850705056305359530, 13.92087586572048785, -9.743321296933849851 ) ) ;
#4097 = CARTESIAN_POINT ( 'NONE',  ( 8.827167357445421914, 13.90671125831251587, 5.211913380268328844 ) ) ;
#4098 = CARTESIAN_POINT ( 'NONE',  ( -1.394197520406336377, 5.128838794056559180, -9.738269788068709687 ) ) ;
#4099 = EDGE_CURVE ( 'NONE', #5558, #6266, #341, .T. ) ;
#4100 = CARTESIAN_POINT ( 'NONE',  ( 5.568353401914905021, 17.85362186619740754, -8.643428265890378270 ) ) ;
#4101 = CARTESIAN_POINT ( 'NONE',  ( 0.000000000000000000, 13.89156607017623379, 0.000000000000000000 ) ) ;
#4102 = ORIENTED_EDGE ( 'NONE', *, *, #3674, .T. ) ;
#4103 = CARTESIAN_POINT ( 'NONE',  ( 8.399688156178171994, 4.357257230425113370, -5.146788366985868279 ) ) ;
#4104 = PRESENTATION_STYLE_ASSIGNMENT (( #40 ) ) ;
#4105 = B_SPLINE_CURVE_WITH_KNOTS ( 'NONE', 3,
 ( #3720, #309, #5197, #1636, #4238, #3588 ),
 .UNSPECIFIED., .F., .F.,
 ( 4, 2, 4 ),
 ( 0.000000000000000000, 0.0003403815820660142629, 0.0006807631641320285257 ),
 .UNSPECIFIED. ) ;
#4106 = VERTEX_POINT ( 'NONE', #3416 ) ;
#4107 = CARTESIAN_POINT ( 'NONE',  ( -5.109073827373989296, 4.486681183334028766, 8.332169593717978273 ) ) ;
#4108 = ORIENTED_EDGE ( 'NONE', *, *, #2095, .T. ) ;
#4109 = B_SPLINE_CURVE_WITH_KNOTS ( 'NONE', 3,
 ( #1500, #63, #2492, #5871, #5963, #4002 ),
 .UNSPECIFIED., .F., .F.,
 ( 4, 2, 4 ),
 ( 1.065992957286819242E-16, 0.002863003157664918263, 0.005726006315329729840 ),
 .UNSPECIFIED. ) ;
#4110 = CARTESIAN_POINT ( 'NONE',  ( -2.249999999999999112, 6.899999999999406164, -9.610663791841853154 ) ) ;
#4111 = CIRCLE ( 'NONE', #1336, 0.2540000000000006697 ) ;
#4112 = ADVANCED_FACE ( 'NONE', ( #4421 ), #2905, .F. ) ;
#4113 = ORIENTED_EDGE ( 'NONE', *, *, #6145, .F. ) ;
#4114 = VERTEX_POINT ( 'NONE', #1642 ) ;
#4115 = CARTESIAN_POINT ( 'NONE',  ( -6.053315524923013946, 2.393118739907386328, -8.324512548976066739 ) ) ;
#4116 = CARTESIAN_POINT ( 'NONE',  ( -1.523259551158697045, 14.16691473715515137, 9.846617735345224887 ) ) ;
#4117 = ORIENTED_EDGE ( 'NONE', *, *, #846, .T. ) ;
#4118 = CARTESIAN_POINT ( 'NONE',  ( -9.699897628698723295, 4.486634211968559605, 1.200269322233082692 ) ) ;
#4119 = AXIS2_PLACEMENT_3D ( 'NONE', #4534, #1992, #642 ) ;
#4120 =( BOUNDED_SURFACE ( )  B_SPLINE_SURFACE ( 3, 2, ( 
 ( #573, #2532, #600 ),
 ( #1177, #3164, #208 ),
 ( #2652, #1698, #5625 ),
 ( #2622, #5688, #274 ) ),
 .UNSPECIFIED., .F., .F., .T. ) 
 B_SPLINE_SURFACE_WITH_KNOTS ( ( 4, 4 ),
 ( 3, 3 ),
 ( -2.439454888092384977E-18, 0.0006708524340871900148 ),
 ( 0.000000000000000000, 1.000000000000000000 ),
 .UNSPECIFIED. ) 
 GEOMETRIC_REPRESENTATION_ITEM ( )  RATIONAL_B_SPLINE_SURFACE ( (
 ( 1.000000000000000000, 0.7699653562337764878, 1.000000000000000000),
 ( 1.000000000000000000, 0.7702125447705782113, 1.000000000000000000),
 ( 1.000000000000000000, 0.7681778926701678945, 1.000000000000000000),
 ( 1.000000000000000000, 0.7639885048009796842, 1.000000000000000000) ) ) 
 REPRESENTATION_ITEM ( '' )  SURFACE ( )  );
#4121 = CARTESIAN_POINT ( 'NONE',  ( 8.996152001299819290, 18.56269880654750537, 3.209467124887415146 ) ) ;
#4122 = VERTEX_POINT ( 'NONE', #4841 ) ;
#4123 = CARTESIAN_POINT ( 'NONE',  ( 9.438262009666136265, 4.469373314196878333, 2.402745067369040033 ) ) ;
#4124 = CARTESIAN_POINT ( 'NONE',  ( 0.2521401951217283055, 14.06029262224895682, 9.373310383194855433 ) ) ;
#4125 = CARTESIAN_POINT ( 'NONE',  ( 0.000000000000000000, -45.00000000000000000, 0.000000000000000000 ) ) ;
#4126 = CARTESIAN_POINT ( 'NONE',  ( -0.2533223746614358118, 14.18389425226598277, 9.500000000000001776 ) ) ;
#4127 = CARTESIAN_POINT ( 'NONE',  ( 2.447828935635002701, 13.99046619180959539, 9.480491124065419939 ) ) ;
#4128 = CARTESIAN_POINT ( 'NONE',  ( -2.855464740682771563, 10.93265123265478067, -9.796746835496596972 ) ) ;
#4129 = CIRCLE ( 'NONE', #430, 59.05907871595265846 ) ;
#4130 = CARTESIAN_POINT ( 'NONE',  ( 8.814683203786472632, 3.669383407414573028, 5.771881047856827429 ) ) ;
#4131 = CARTESIAN_POINT ( 'NONE',  ( 8.938342809286112356, 13.99046619157964777, 3.997199807566271357 ) ) ;
#4132 = CARTESIAN_POINT ( 'NONE',  ( -2.235272216875550555, 7.197399168959624838, -3.812981792361493483 ) ) ;
#4133 = FACE_BOUND ( 'NONE', #4825, .T. ) ;
#4134 = CARTESIAN_POINT ( 'NONE',  ( -0.5989341419115807863, 4.529381239437387130, -9.708769538597593396 ) ) ;
#4135 = AXIS2_PLACEMENT_3D ( 'NONE', #5485, #3035, #6030 ) ;
#4136 = CARTESIAN_POINT ( 'NONE',  ( -9.620708377731920891, 14.14193358903623476, -3.110251060713027371 ) ) ;
#4137 = CARTESIAN_POINT ( 'NONE',  ( 5.281114559806018960, 13.89599898141107559, -8.868829482057712710 ) ) ;
#4138 = CARTESIAN_POINT ( 'NONE',  ( 7.919957253134668029, 4.455183903133526968, -5.692509899635944670 ) ) ;
#4139 = CARTESIAN_POINT ( 'NONE',  ( -0.1999999999999979017, 14.94964553690037512, -0.05000000000000000278 ) ) ;
#4140 = EDGE_LOOP ( 'NONE', ( #1982, #3435, #3003, #5330 ) ) ;
#4141 = CARTESIAN_POINT ( 'NONE',  ( -0.2620594940273184847, 14.79930454744664026, 0.1209351875763718387 ) ) ;
#4142 = CARTESIAN_POINT ( 'NONE',  ( -1.700462111221264339, 5.421425127238411079, -9.573154096082248543 ) ) ;
#4143 = ORIENTED_EDGE ( 'NONE', *, *, #368, .T. ) ;
#4144 = CARTESIAN_POINT ( 'NONE',  ( -9.848562396332521729, 2.150903574822276454, -3.709659960334886097 ) ) ;
#4145 = CIRCLE ( 'NONE', #2501, 0.2539999999999994484 ) ;
#4146 = CARTESIAN_POINT ( 'NONE',  ( 0.9797573747282238843, 3.756969513007422101, 10.45328994424441404 ) ) ;
#4147 = EDGE_CURVE ( 'NONE', #4341, #3683, #551, .T. ) ;
#4148 = FACE_OUTER_BOUND ( 'NONE', #6045, .T. ) ;
#4149 = ORIENTED_EDGE ( 'NONE', *, *, #1868, .T. ) ;
#4150 = CARTESIAN_POINT ( 'NONE',  ( -9.346562636453723982, 4.556989683231557287, 2.637381771801496466 ) ) ;
#4151 = EDGE_CURVE ( 'NONE', #4703, #1854, #1572, .T. ) ;
#4152 = CARTESIAN_POINT ( 'NONE',  ( 9.844750043037684861, 2.802924355907120191, 0.8101584117093896253 ) ) ;
#4153 = ORIENTED_EDGE ( 'NONE', *, *, #6100, .T. ) ;
#4154 = CARTESIAN_POINT ( 'NONE',  ( -2.180755411352955063E-14, 3.759185968624210172, 0.000000000000000000 ) ) ;
#4155 =( NAMED_UNIT ( * ) SI_UNIT ( $, .STERADIAN. ) SOLID_ANGLE_UNIT ( ) );
#4156 = CARTESIAN_POINT ( 'NONE',  ( -0.5411055080206237378, 2.339537975492040012, 11.75923894227091537 ) ) ;
#4157 = EDGE_CURVE ( 'NONE', #916, #4686, #1884, .T. ) ;
#4158 = DIRECTION ( 'NONE',  ( 0.8255533900687604953, -0.07189609648868086622, 0.5597254250573826528 ) ) ;
#4159 = B_SPLINE_CURVE_WITH_KNOTS ( 'NONE', 3,
 ( #4475, #3996, #611, #6015, #152, #1647, #4573, #1611, #5926, #2084, #6047, #1520, #524, #1122, #553, #53 ),
 .UNSPECIFIED., .F., .F.,
 ( 4, 3, 3, 3, 3, 4 ),
 ( 0.000000000000000000, 2.354581842940988494E-05, 5.754306229985479032E-05, 9.115325116612873406E-05, 0.0001245944576662651627, 0.0001580462739344787630 ),
 .UNSPECIFIED. ) ;
#4160 = APPLICATION_PROTOCOL_DEFINITION ( 'draft international standard', 'automotive_design', 1998, #5097 ) ;
#4161 = CARTESIAN_POINT ( 'NONE',  ( 3.125686726735321663, 14.30647375525150800, 8.760132142557008450 ) ) ;
#4162 = CARTESIAN_POINT ( 'NONE',  ( 0.000000000000000000, -45.00000000000000000, 0.000000000000000000 ) ) ;
#4163 = CARTESIAN_POINT ( 'NONE',  ( 0.01326998442885480960, 2.014753239646301264, 12.09698580379751931 ) ) ;
#4164 = CARTESIAN_POINT ( 'NONE',  ( 4.005911203054309588, 4.469374704171122481, 8.877316646852317916 ) ) ;
#4165 = CARTESIAN_POINT ( 'NONE',  ( -2.111738740300448836, 6.111780393551296875, -9.607410495112981508 ) ) ;
#4166 = DIRECTION ( 'NONE',  ( 0.000000000000000000, 1.000000000000000000, 0.000000000000000000 ) ) ;
#4167 = ORIENTED_EDGE ( 'NONE', *, *, #532, .T. ) ;
#4168 = CARTESIAN_POINT ( 'NONE',  ( -0.8817242975774002289, 4.616375043523749611, -9.717523118150776185 ) ) ;
#4169 = ORIENTED_EDGE ( 'NONE', *, *, #1637, .F. ) ;
#4170 = CARTESIAN_POINT ( 'NONE',  ( -0.2324815812225216605, 14.79945744532203555, 0.1047206590709064966 ) ) ;
#4171 = CARTESIAN_POINT ( 'NONE',  ( -10.21436744609329672, 13.90671125833135235, -0.8658073188588796265 ) ) ;
#4172 =( NAMED_UNIT ( * ) SI_UNIT ( $, .STERADIAN. ) SOLID_ANGLE_UNIT ( ) );
#4173 = EDGE_LOOP ( 'NONE', ( #2233, #2314, #115, #6226 ) ) ;
#4174 = ORIENTED_EDGE ( 'NONE', *, *, #6109, .F. ) ;
#4175 = CARTESIAN_POINT ( 'NONE',  ( 9.536616337404876020, 14.14412282276219734, -3.322406623993593655 ) ) ;
#4176 = DIRECTION ( 'NONE',  ( 3.430248998885766964E-15, -1.000000000000000000, -0.000000000000000000 ) ) ;
#4177 = FACE_OUTER_BOUND ( 'NONE', #1382, .T. ) ;
#4178 = CARTESIAN_POINT ( 'NONE',  ( -9.929731768455070551, 3.756919615067360940, -3.413352004464217160 ) ) ;
#4179 = CARTESIAN_POINT ( 'NONE',  ( 8.394411644711723852, 13.89156607017617162, 5.558940091529748884 ) ) ;
#4180 = ORIENTED_EDGE ( 'NONE', *, *, #4072, .T. ) ;
#4181 = CARTESIAN_POINT ( 'NONE',  ( 0.3006767730037346875, 3.195875711592494284, 10.97784574352665032 ) ) ;
#4182 = EDGE_CURVE ( 'NONE', #2378, #2334, #5276, .T. ) ;
#4183 = EDGE_CURVE ( 'NONE', #2978, #4926, #2677, .T. ) ;
#4184 = ORIENTED_EDGE ( 'NONE', *, *, #6264, .T. ) ;
#4185 = CARTESIAN_POINT ( 'NONE',  ( -0.1999999999999979294, 14.89958263627552348, 0.000000000000000000 ) ) ;
#4186 = CARTESIAN_POINT ( 'NONE',  ( -1.254919010435437077, 3.756870353063797463, 10.42750127525407322 ) ) ;
#4187 = DIRECTION ( 'NONE',  ( 0.000000000000000000, 1.000000000000000000, 0.000000000000000000 ) ) ;
#4188 = DIRECTION ( 'NONE',  ( 1.903723342950827192E-16, 0.000000000000000000, 1.000000000000000000 ) ) ;
#4189 = COLOUR_RGB ( '',1.000000000000000000, 1.000000000000000000, 1.000000000000000000 ) ;
#4190 = EDGE_CURVE ( 'NONE', #2242, #5108, #5377, .T. ) ;
#4191 = CARTESIAN_POINT ( 'NONE',  ( 9.082994352727057574, 3.852398569279966267, 4.968838901014372311 ) ) ;
#4192 = DIRECTION ( 'NONE',  ( -0.8688062163380493308, 0.000000000000000000, 0.4951522578483942283 ) ) ;
#4193 = FACE_OUTER_BOUND ( 'NONE', #3861, .T. ) ;
#4194 = CARTESIAN_POINT ( 'NONE',  ( -1.425139699535925786, 2.150907334169533058, 10.42711532054248558 ) ) ;
#4195 = CARTESIAN_POINT ( 'NONE',  ( -1.068699951722223540, 4.901513081518133141, -9.529019881071260301 ) ) ;
#4196 = FACE_OUTER_BOUND ( 'NONE', #3220, .T. ) ;
#4197 = EDGE_LOOP ( 'NONE', ( #4485, #5586, #3450, #2238 ) ) ;
#4198 = CARTESIAN_POINT ( 'NONE',  ( -9.035172852691578882, 3.939973367684197481, 5.002249652786644241 ) ) ;
#4199 = CARTESIAN_POINT ( 'NONE',  ( 1.710928823206169458, 5.743678914513500544, 10.15257514055277710 ) ) ;
#4200 = CARTESIAN_POINT ( 'NONE',  ( -1.420515421181714810, 18.50562870918076896, -9.504788912294053205 ) ) ;
#4201 = FACE_OUTER_BOUND ( 'NONE', #791, .T. ) ;
#4202 = CARTESIAN_POINT ( 'NONE',  ( -9.507334596464781740, 14.02533505587629392, 1.190425626255633640 ) ) ;
#4203 = ORIENTED_EDGE ( 'NONE', *, *, #2606, .F. ) ;
#4204 = CARTESIAN_POINT ( 'NONE',  ( -6.865416122263557241, 3.852398569254999128, 7.749594047728254331 ) ) ;
#4205 = CARTESIAN_POINT ( 'NONE',  ( -0.1877001227379830883, 4.655906623453636151, -9.515182306541680290 ) ) ;
#4206 = DIRECTION ( 'NONE',  ( -0.8831206579823095426, -0.3857600616469490373, -0.2669964012548387000 ) ) ;
#4207 = FACE_OUTER_BOUND ( 'NONE', #1919, .T. ) ;
#4208 = CARTESIAN_POINT ( 'NONE',  ( 8.814683203786472632, 3.669383407414570364, 5.771881047856824765 ) ) ;
#4209 = VERTEX_POINT ( 'NONE', #738 ) ;
#4210 = CARTESIAN_POINT ( 'NONE',  ( 0.5993444931959710509, 2.718032574714294825, 11.40625781519958615 ) ) ;
#4211 = AXIS2_PLACEMENT_3D ( 'NONE', #2197, #4166, #5715 ) ;
#4212 = ORIENTED_EDGE ( 'NONE', *, *, #2207, .T. ) ;
#4213 = CIRCLE ( 'NONE', #3290, 0.1269999999999991414 ) ;
#4214 =( LENGTH_UNIT ( ) NAMED_UNIT ( * ) SI_UNIT ( .MILLI., .METRE. ) );
#4215 =( LENGTH_UNIT ( ) NAMED_UNIT ( * ) SI_UNIT ( .MILLI., .METRE. ) );
#4216 = CARTESIAN_POINT ( 'NONE',  ( 0.5150642663704151358, 2.958332027164586098, 11.18865071745844020 ) ) ;
#4217 = EDGE_CURVE ( 'NONE', #2857, #4998, #3012, .T. ) ;
#4218 = EDGE_CURVE ( 'NONE', #2742, #3303, #5609, .T. ) ;
#4219 = CARTESIAN_POINT ( 'NONE',  ( 1.795662239820662087, 5.513938301457237401, -4.076588811597119388 ) ) ;
#4220 = CARTESIAN_POINT ( 'NONE',  ( -10.13229287389449063, 13.98186336903538418, -0.6112866751684613575 ) ) ;
#4221 = FACE_OUTER_BOUND ( 'NONE', #2429, .T. ) ;
#4222 = CARTESIAN_POINT ( 'NONE',  ( -9.973184262161357339, 3.756969513007237804, -3.281278842883708080 ) ) ;
#4223 = B_SPLINE_CURVE_WITH_KNOTS ( 'NONE', 3,
 ( #3902, #882, #2359, #2803, #5347, #5865 ),
 .UNSPECIFIED., .F., .F.,
 ( 4, 2, 4 ),
 ( 1.301042606982605321E-18, 0.0004385535011228196191, 0.0008771070022456379373 ),
 .UNSPECIFIED. ) ;
#4224 = EDGE_CURVE ( 'NONE', #6355, #254, #3299, .T. ) ;
#4225 = CARTESIAN_POINT ( 'NONE',  ( 9.195264096451964519, 4.076753323905492721, -4.267500396533549178 ) ) ;
#4226 = EDGE_CURVE ( 'NONE', #2319, #608, #2148, .T. ) ;
#4227 = CARTESIAN_POINT ( 'NONE',  ( -5.392870793694454434, 18.50825781498916456, 7.951422485091100611 ) ) ;
#4228 = CIRCLE ( 'NONE', #1456, 59.79991666684085061 ) ;
#4229 = DIRECTION ( 'NONE',  ( -0.000000000000000000, 1.000000000000000000, -0.000000000000000000 ) ) ;
#4230 = ORIENTED_EDGE ( 'NONE', *, *, #4182, .F. ) ;
#4231 =( BOUNDED_SURFACE ( )  B_SPLINE_SURFACE ( 3, 2, ( 
 ( #1426, #2511, #2600 ),
 ( #2056, #3567, #1578 ),
 ( #2485, #4932, #1064 ),
 ( #3472, #3966, #2026 ) ),
 .UNSPECIFIED., .F., .F., .T. ) 
 B_SPLINE_SURFACE_WITH_KNOTS ( ( 4, 4 ),
 ( 3, 3 ),
 ( 0.02698179336173055221, 0.03726999173070718457 ),
 ( 0.000000000000000000, 1.000000000000000000 ),
 .UNSPECIFIED. ) 
 GEOMETRIC_REPRESENTATION_ITEM ( )  RATIONAL_B_SPLINE_SURFACE ( (
 ( 1.000000000000000000, 0.9685181932688980977, 1.000000000000000000),
 ( 1.000000000000000000, 0.9683949016202740845, 1.000000000000000000),
 ( 1.000000000000000000, 0.9682683432425884806, 1.000000000000000000),
 ( 1.000000000000000000, 0.9681383263566403219, 1.000000000000000000) ) ) 
 REPRESENTATION_ITEM ( '' )  SURFACE ( )  );
#4232 = CARTESIAN_POINT ( 'NONE',  ( -3.169265446892641336, 14.27184673351078459, 8.817400670003774366 ) ) ;
#4233 = AXIS2_PLACEMENT_3D ( 'NONE', #265, #4714, #6179 ) ;
#4234 =( NAMED_UNIT ( * ) PLANE_ANGLE_UNIT ( ) SI_UNIT ( $, .RADIAN. ) );
#4235 = CARTESIAN_POINT ( 'NONE',  ( 0.9970500854963660897, 9.141762251135967077, -9.643958843364652367 ) ) ;
#4236 = VERTEX_POINT ( 'NONE', #2181 ) ;
#4237 = CARTESIAN_POINT ( 'NONE',  ( -2.180375261619798909E-14, 3.756969513006675143, 0.000000000000000000 ) ) ;
#4238 = CARTESIAN_POINT ( 'NONE',  ( -9.585671115833108047, 14.14193358903623121, -3.218629218135899084 ) ) ;
#4239 = EDGE_LOOP ( 'NONE', ( #5399, #5389, #864, #5067 ) ) ;
#4240 = PLANE ( 'NONE',  #1617 ) ;
#4241 = CARTESIAN_POINT ( 'NONE',  ( -9.586838432146748801, 14.23679851443201017, 0.1973399415026334536 ) ) ;
#4242 = CARTESIAN_POINT ( 'NONE',  ( -9.040806944954987046, 2.150916105309848447, 5.386980972471073770 ) ) ;
#4243 = EDGE_LOOP ( 'NONE', ( #1986, #731, #351, #4314, #1265, #2494 ) ) ;
#4244 = CARTESIAN_POINT ( 'NONE',  ( -10.01744445014300133, 14.14193358903623299, -1.372041558527590688 ) ) ;
#4245 = CARTESIAN_POINT ( 'NONE',  ( 10.22951592571300594, 17.85361989809409522, -1.035575368628416371 ) ) ;
#4246 = ORIENTED_EDGE ( 'NONE', *, *, #5200, .T. ) ;
#4247 = CARTESIAN_POINT ( 'NONE',  ( -0.2483380407305422755, 3.227320951842711949, 10.95030713187639293 ) ) ;
#4248 = STYLED_ITEM ( 'NONE', ( #3891 ), #4416 ) ;
#4249 = ORIENTED_EDGE ( 'NONE', *, *, #5522, .F. ) ;
#4250 = CARTESIAN_POINT ( 'NONE',  ( 0.2528217553944355211, 14.89949445243005144, -3.678240573451798236E-16 ) ) ;
#4251 = COLOUR_RGB ( '',1.000000000000000000, 1.000000000000000000, 1.000000000000000000 ) ;
#4252 = FILL_AREA_STYLE_COLOUR ( '', #3365 ) ;
#4253 = CARTESIAN_POINT ( 'NONE',  ( -2.899877888196913833, 14.16691473700918813, -9.532413584031660392 ) ) ;
#4254 = CARTESIAN_POINT ( 'NONE',  ( 0.5989436989083775087, 2.721795503271011274, 11.40280141105524514 ) ) ;
#4255 = AXIS2_PLACEMENT_3D ( 'NONE', #4709, #4256, #1192 ) ;
#4256 = DIRECTION ( 'NONE',  ( -0.000000000000000000, -1.000000000000000000, -0.000000000000000000 ) ) ;
#4257 = CARTESIAN_POINT ( 'NONE',  ( -0.5989341419115740139, 4.529381239437364037, -9.708769538597595172 ) ) ;
#4258 = DIRECTION ( 'NONE',  ( 0.9866514390717238125, -0.07189808228716605687, -0.1461150353013839776 ) ) ;
#4259 = CARTESIAN_POINT ( 'NONE',  ( 5.999502062300789085, 4.274516321015831011, 7.987118829138611709 ) ) ;
#4260 = CARTESIAN_POINT ( 'NONE',  ( 0.2994991652754582789, 14.79891665987305416, 0.1996661101836401109 ) ) ;
#4261 = CARTESIAN_POINT ( 'NONE',  ( -10.44719924100447983, 3.705625275241956285, -1.089678995836413700 ) ) ;
#4262 = CARTESIAN_POINT ( 'NONE',  ( 0.000000000000000000, -45.00000000000000000, -0.05004170141784816672 ) ) ;
#4263 = CARTESIAN_POINT ( 'NONE',  ( 5.970014673271128558, 3.939973368403107745, -8.427085786547207746 ) ) ;
#4264 = EDGE_CURVE ( 'NONE', #2208, #1409, #3847, .T. ) ;
#4265 = AXIS2_PLACEMENT_3D ( 'NONE', #5991, #1584, #5542 ) ;
#4266 = CARTESIAN_POINT ( 'NONE',  ( 0.1999999999999993727, 13.63511657567311097, 0.2000000000000000111 ) ) ;
#4267 = UNCERTAINTY_MEASURE_WITH_UNIT (LENGTH_MEASURE( 1.000000000000000082E-05 ), #5956, 'distance_accuracy_value', 'NONE');
#4268 = DIRECTION ( 'NONE',  ( 1.000000000000000000, 3.416338905061713390E-15, 0.000000000000000000 ) ) ;
#4269 = CARTESIAN_POINT ( 'NONE',  ( 1.507059763327757818, 5.223843087656805828, -9.558111979750242071 ) ) ;
#4270 =( BOUNDED_SURFACE ( )  B_SPLINE_SURFACE ( 3, 2, ( 
 ( #5784, #915, #1887 ),
 ( #857, #2877, #1974 ),
 ( #1914, #1371, #6283 ),
 ( #3944, #950, #372 ),
 ( #3449, #891, #4816 ),
 ( #407, #3851, #469 ),
 ( #1469, #2428, #4848 ),
 ( #440, #3422, #2396 ),
 ( #4363, #3879, #2909 ),
 ( #4943, #4968, #1018 ),
 ( #3030, #5964, #3511 ),
 ( #4993, #4483, #588 ) ),
 .UNSPECIFIED., .F., .F., .T. ) 
 B_SPLINE_SURFACE_WITH_KNOTS ( ( 4, 2, 2, 2, 2, 4 ),
 ( 3, 3 ),
 ( 0.000000000000000000, 0.001464990606253756397, 0.002197485909380634487, 0.002929981212507512794, 0.004394971818761268974, 0.005859962425015025587 ),
 ( 0.000000000000000000, 1.000000000000000000 ),
 .UNSPECIFIED. ) 
 GEOMETRIC_REPRESENTATION_ITEM ( )  RATIONAL_B_SPLINE_SURFACE ( (
 ( 1.000000000000000000, 0.9101407218923992515, 1.000000000000000000),
 ( 1.000000000000000000, 0.9152134585405240497, 1.000000000000000000),
 ( 1.000000000000000000, 0.9194871963287859495, 1.000000000000000000),
 ( 1.000000000000000000, 0.9239906477361783388, 1.000000000000000000),
 ( 1.000000000000000000, 0.9251722141502063401, 1.000000000000000000),
 ( 1.000000000000000000, 0.9267758961965228970, 1.000000000000000000),
 ( 1.000000000000000000, 0.9271835648390879259, 1.000000000000000000),
 ( 1.000000000000000000, 0.9271844335513697022, 1.000000000000000000),
 ( 1.000000000000000000, 0.9255576590660553604, 1.000000000000000000),
 ( 1.000000000000000000, 0.9195535740508339329, 1.000000000000000000),
 ( 1.000000000000000000, 0.9152044620424718557, 1.000000000000000000),
 ( 1.000000000000000000, 0.9101417909501430259, 1.000000000000000000) ) ) 
 REPRESENTATION_ITEM ( '' )  SURFACE ( )  );
#4271 = AXIS2_PLACEMENT_3D ( 'NONE', #2855, #4403, #5851 ) ;
#4272 = B_SPLINE_CURVE_WITH_KNOTS ( 'NONE', 3,
 ( #4903, #6276, #6337, #5285, #1878, #941, #5832, #4872, #4417, #4811, #6370, #1967, #5895, #1495, #5255, #4777, #4290, #6246, #2115, #5050, #2085, #4448, #3052, #581, #1038, #1579, #2512, #647, #2057, #5471 ),
 .UNSPECIFIED., .F., .F.,
 ( 4, 2, 2, 2, 2, 2, 2, 2, 2, 2, 2, 2, 2, 2, 4 ),
 ( 0.007091877489489793220, 0.007979265401181635797, 0.008422959357027557520, 0.008866653312873479242, 0.009310347268719402700, 0.009754041224565324422, 0.01064142913625716787, 0.01108512309210309132, 0.01152881704794901305, 0.01197251100379493477, 0.01241620495964085649, 0.01285989891548677821, 0.01330359287133269994, 0.01374728682717862166, 0.01419098078302454338 ),
 .UNSPECIFIED. ) ;
#4273 = ADVANCED_FACE ( 'NONE', ( #1764 ), #2386, .T. ) ;
#4274 = CARTESIAN_POINT ( 'NONE',  ( -0.2994991652754600553, 14.07409618859461808, 9.284474123539226298 ) ) ;
#4275 = ORIENTED_EDGE ( 'NONE', *, *, #2927, .T. ) ;
#4276 = FACE_OUTER_BOUND ( 'NONE', #1689, .T. ) ;
#4277 = CARTESIAN_POINT ( 'NONE',  ( -5.840452253632950655E-15, 1.702632157470046481, 0.000000000000000000 ) ) ;
#4278 = CARTESIAN_POINT ( 'NONE',  ( 0.3999999999999993561, 14.89891484826749313, 0.2000000000000014266 ) ) ;
#4279 = CARTESIAN_POINT ( 'NONE',  ( 0.9832267671729350011, 3.669383407414266163, 10.49030580765140641 ) ) ;
#4280 = CARTESIAN_POINT ( 'NONE',  ( -10.04847197612910570, 14.14193359095486002, -1.145505686104053344 ) ) ;
#4281 = EDGE_LOOP ( 'NONE', ( #3666, #1372, #4671, #6293 ) ) ;
#4282 = DIRECTION ( 'NONE',  ( 0.000000000000000000, 0.000000000000000000, -1.000000000000000000 ) ) ;
#4283 = CARTESIAN_POINT ( 'NONE',  ( -2.132999199990998740, 6.168952281776260982, -3.892016976969759678 ) ) ;
#4284 = CARTESIAN_POINT ( 'NONE',  ( 0.5788866065334159483, 2.410137521981010611, 11.67297596262706527 ) ) ;
#4285 = PRESENTATION_STYLE_ASSIGNMENT (( #5857 ) ) ;
#4286 = CARTESIAN_POINT ( 'NONE',  ( 0.4887839231156145825, 3.003200142703907005, 11.14849518719743848 ) ) ;
#4287 = DIRECTION ( 'NONE',  ( 0.5611776815649666128, 0.000000000000000000, -0.8276953604517599539 ) ) ;
#4288 = DIRECTION ( 'NONE',  ( -0.000000000000000000, -1.000000000000000000, -0.000000000000000000 ) ) ;
#4289 = CARTESIAN_POINT ( 'NONE',  ( -5.281103924575377917, 13.89599898141130296, -8.868835815001425260 ) ) ;
#4290 = CARTESIAN_POINT ( 'NONE',  ( 0.7250788763167458351, 9.035060937118092994, -9.432771340692399420 ) ) ;
#4291 = CARTESIAN_POINT ( 'NONE',  ( 8.238236258796987954, 4.399048105972581446, -5.325372151756359251 ) ) ;
#4292 = CARTESIAN_POINT ( 'NONE',  ( -1.266670049499775352, 17.85362546366295788, 10.20347772303083467 ) ) ;
#4293 = DIRECTION ( 'NONE',  ( 0.000000000000000000, -0.000000000000000000, -1.000000000000000000 ) ) ;
#4294 = DIRECTION ( 'NONE',  ( 0.000000000000000000, -0.9878934923506881294, -0.1551336448716423289 ) ) ;
#4295 = CARTESIAN_POINT ( 'NONE',  ( -0.3964919337400779065, 1.957298085210510186, 11.95966482193192881 ) ) ;
#4296 = CARTESIAN_POINT ( 'NONE',  ( -0.2888032105724535614, 14.06596728680167452, 9.336422583080894455 ) ) ;
#4297 = ORIENTED_EDGE ( 'NONE', *, *, #4536, .T. ) ;
#4298 = CARTESIAN_POINT ( 'NONE',  ( 1.511207850296029109, 4.981620898708477796, -9.749869880139881317 ) ) ;
#4299 = EDGE_CURVE ( 'NONE', #4717, #1924, #480, .T. ) ;
#4300 = CARTESIAN_POINT ( 'NONE',  ( 7.318471374548580322, 14.14193358903631115, 6.976508302147419904 ) ) ;
#4301 = COLOUR_RGB ( '',1.000000000000000000, 1.000000000000000000, 1.000000000000000000 ) ;
#4302 = DIRECTION ( 'NONE',  ( 0.7546047078103048644, -0.4554610430164970913, 0.4723631793915032961 ) ) ;
#4303 = EDGE_LOOP ( 'NONE', ( #825, #337, #6078, #5726 ) ) ;
#4304 = CARTESIAN_POINT ( 'NONE',  ( -3.788013850271615635, 4.469400801886460606, 8.982240261118931812 ) ) ;
#4305 = ORIENTED_EDGE ( 'NONE', *, *, #1788, .T. ) ;
#4306 = B_SPLINE_CURVE_WITH_KNOTS ( 'NONE', 3,
 ( #2498, #12, #3886, #5363, #2945, #3428, #3487, #2402, #4918, #2525, #1023, #5425, #3398, #5394 ),
 .UNSPECIFIED., .F., .F.,
 ( 4, 2, 2, 2, 2, 2, 4 ),
 ( 2.602085213965210642E-18, 0.001474135639724712989, 0.002211203459587068616, 0.002948271279449424676, 0.004422406919174134629, 0.005159474739036492424, 0.005896542558898848485 ),
 .UNSPECIFIED. ) ;
#4307 = CARTESIAN_POINT ( 'NONE',  ( 10.22301150988229246, 14.10646180264004279, -1.400184608055025759 ) ) ;
#4308 = CARTESIAN_POINT ( 'NONE',  ( -9.973184262161357339, 3.756969513007237804, -3.281278842883708080 ) ) ;
#4309 = CARTESIAN_POINT ( 'NONE',  ( -10.22744300011440366, 14.11644886963999213, -0.8705681191715943790 ) ) ;
#4310 = ORIENTED_EDGE ( 'NONE', *, *, #5438, .T. ) ;
#4311 = EDGE_CURVE ( 'NONE', #5887, #1645, #1223, .T. ) ;
#4312 = CARTESIAN_POINT ( 'NONE',  ( 9.547949032085734089, 3.852398570225727958, -4.003350558846300089 ) ) ;
#4313 = B_SPLINE_CURVE_WITH_KNOTS ( 'NONE', 3,
 ( #1725, #6097, #1634, #4591, #4107, #757, #2169, #786, #6066, #6126, #2743, #663, #3686, #2202 ),
 .UNSPECIFIED., .F., .F.,
 ( 4, 2, 2, 2, 2, 2, 4 ),
 ( 3.974750819240313445E-18, 0.001474135639815878996, 0.002211203459723815132, 0.002948271279631751920, 0.004422406919447622459, 0.005159474739355557511, 0.005896542559263492564 ),
 .UNSPECIFIED. ) ;
#4314 = ORIENTED_EDGE ( 'NONE', *, *, #6178, .T. ) ;
#4315 = DIRECTION ( 'NONE',  ( 0.6820695273971310035, 0.000000000000000000, 0.7312873305317508787 ) ) ;
#4316 = CARTESIAN_POINT ( 'NONE',  ( 0.5413144693188705059, 2.798796948580695165, 11.20773064026138499 ) ) ;
#4317 = CARTESIAN_POINT ( 'NONE',  ( 0.6287846172712922010, 2.853154637822904682, 11.33515962878947647 ) ) ;
#4318 = CARTESIAN_POINT ( 'NONE',  ( 3.328606344329732902, 4.486634212025507829, 9.189615892760134130 ) ) ;
#4319 = AXIS2_PLACEMENT_3D ( 'NONE', #3373, #4862, #482 ) ;
#4320 = CARTESIAN_POINT ( 'NONE',  ( 0.9097426860935667881, 14.10646180264004812, 10.27827074526254059 ) ) ;
#4321 = DIRECTION ( 'NONE',  ( -1.000000000000000000, -3.424503811541026798E-15, 0.000000000000000000 ) ) ;
#4322 = DIRECTION ( 'NONE',  ( 0.7294044456087149797, -0.07189808243214122763, 0.6802939221166276473 ) ) ;
#4323 = VERTEX_POINT ( 'NONE', #1863 ) ;
#4324 = CARTESIAN_POINT ( 'NONE',  ( 7.276644892909549078, 4.556989683244081490, -6.431520413513646339 ) ) ;
#4325 = CARTESIAN_POINT ( 'NONE',  ( -7.272451967002509399, 13.89832332843726270, 7.305494963633583083 ) ) ;
#4326 = CARTESIAN_POINT ( 'NONE',  ( 5.418252608937909720, 3.756969513007446082, -8.992982477327148061 ) ) ;
#4327 = CARTESIAN_POINT ( 'NONE',  ( 0.2999999999999992117, 14.89891484826748957, 0.2000000000000007050 ) ) ;
#4328 = CARTESIAN_POINT ( 'NONE',  ( -0.3235219307939227740, 2.103080739736579385, 11.81546961895753611 ) ) ;
#4329 = CARTESIAN_POINT ( 'NONE',  ( -0.2574600310773381140, 14.04014596109016111, 9.500103885461159692 ) ) ;
#4330 = ORIENTED_EDGE ( 'NONE', *, *, #86, .F. ) ;
#4331 = CARTESIAN_POINT ( 'NONE',  ( 2.251397497879077392, 6.638408529025200622, -9.615731667081199419 ) ) ;
#4332 = STYLED_ITEM ( 'NONE', ( #2777 ), #3789 ) ;
#4333 = DIRECTION ( 'NONE',  ( -0.8565475734274262676, 4.355857297717637885E-15, -0.5160680715328044288 ) ) ;
#4334 = VERTEX_POINT ( 'NONE', #2856 ) ;
#4335 = ORIENTED_EDGE ( 'NONE', *, *, #2014, .T. ) ;
#4336 = SURFACE_STYLE_USAGE ( .BOTH. , #1376 ) ;
#4337 = VERTEX_POINT ( 'NONE', #3794 ) ;
#4338 = CARTESIAN_POINT ( 'NONE',  ( 10.13338705590799727, 13.92087438194845284, -0.6111496338306295906 ) ) ;
#4339 = CARTESIAN_POINT ( 'NONE',  ( 9.035169442231504533, 3.939984671706218133, 5.002233934739611421 ) ) ;
#4340 = CARTESIAN_POINT ( 'NONE',  ( -10.25880149284057374, 14.10648961879167196, -1.137678503597390200 ) ) ;
#4341 = VERTEX_POINT ( 'NONE', #4405 ) ;
#4342 = CARTESIAN_POINT ( 'NONE',  ( 8.859759981209853308, 14.13480499331960338, 4.962409600750788741 ) ) ;
#4343 = AXIS2_PLACEMENT_3D ( 'NONE', #5878, #4917, #509 ) ;
#4344 = ORIENTED_EDGE ( 'NONE', *, *, #5402, .F. ) ;
#4345 = EDGE_CURVE ( 'NONE', #6106, #4698, #4983, .T. ) ;
#4346 = EDGE_CURVE ( 'NONE', #3657, #1799, #1160, .T. ) ;
#4347 = CARTESIAN_POINT ( 'NONE',  ( -0.9100789084132823170, 13.89599898141095657, 10.28192899003259164 ) ) ;
#4348 = CARTESIAN_POINT ( 'NONE',  ( 0.2323281872145143423, 1.861509288921058713, 12.05949576754384012 ) ) ;
#4349 = CARTESIAN_POINT ( 'NONE',  ( 0.000000000000000000, 2.600000000000046718, -8.863739773864104166 ) ) ;
#4350 = CIRCLE ( 'NONE', #4869, 0.09999999999999933942 ) ;
#4351 = CARTESIAN_POINT ( 'NONE',  ( 0.9100665785405163133, 13.89599898141108625, 10.28193008137260556 ) ) ;
#4352 = ADVANCED_FACE ( 'NONE', ( #2406 ), #2796, .T. ) ;
#4353 = CARTESIAN_POINT ( 'NONE',  ( 8.606153869344943530, 13.89599898141196199, 5.699159846220374526 ) ) ;
#4354 = DIRECTION ( 'NONE',  ( -3.696709209476633285E-14, -0.1552607118641879391, 0.9878735300388534757 ) ) ;
#4355 = FILL_AREA_STYLE_COLOUR ( '', #2907 ) ;
#4356 = AXIS2_PLACEMENT_3D ( 'NONE', #2837, #5289, #1430 ) ;
#4357 = DIRECTION ( 'NONE',  ( 0.9970079542246494952, 0.000000000000000000, 0.07729902465606670880 ) ) ;
#4358 = CARTESIAN_POINT ( 'NONE',  ( -3.652771575905980228, 3.756969513007422101, -9.843193332756866809 ) ) ;
#4359 = CARTESIAN_POINT ( 'NONE',  ( -5.173069169780137422, 14.14193358903626674, -8.687407364380623775 ) ) ;
#4360 = CARTESIAN_POINT ( 'NONE',  ( 0.4237063986777271918, 14.25161345132224078, 9.437748171694275712 ) ) ;
#4361 =( BOUNDED_SURFACE ( )  B_SPLINE_SURFACE ( 3, 2, ( 
 ( #3693, #249, #4697 ),
 ( #5661, #1703, #5631 ),
 ( #5142, #3201, #1246 ),
 ( #764, #2718, #1761 ) ),
 .UNSPECIFIED., .F., .F., .T. ) 
 B_SPLINE_SURFACE_WITH_KNOTS ( ( 4, 4 ),
 ( 3, 3 ),
 ( 0.000000000000000000, 0.0008838515641053999294 ),
 ( 0.000000000000000000, 1.000000000000000000 ),
 .UNSPECIFIED. ) 
 GEOMETRIC_REPRESENTATION_ITEM ( )  RATIONAL_B_SPLINE_SURFACE ( (
 ( 1.000000000000000000, 0.9271838545667813181, 1.000000000000000000),
 ( 1.000000000000000000, 0.9273783597735769657, 1.000000000000000000),
 ( 1.000000000000000000, 0.9211205640277736473, 1.000000000000000000),
 ( 1.000000000000000000, 0.9101417910711833148, 1.000000000000000000) ) ) 
 REPRESENTATION_ITEM ( '' )  SURFACE ( )  );
#4362 = CARTESIAN_POINT ( 'NONE',  ( -0.5189079612227256444, 2.813545016068800031, 11.19088845081372163 ) ) ;
#4363 = CARTESIAN_POINT ( 'NONE',  ( -8.208038855336036832, 4.500846144059623910, -5.294873530150428387 ) ) ;
#4364 = EDGE_LOOP ( 'NONE', ( #4767, #5270, #3746, #4117 ) ) ;
#4365 = CARTESIAN_POINT ( 'NONE',  ( 2.276129812562764698, 6.045176541274649651, -9.806009690774200038 ) ) ;
#4366 = CARTESIAN_POINT ( 'NONE',  ( -9.630782174179842059, 3.942189827655138590, -4.038066565326287716 ) ) ;
#4367 = CARTESIAN_POINT ( 'NONE',  ( 0.1380274111023133687, 2.044982414972543960, 12.16006198554977402 ) ) ;
#4368 = CARTESIAN_POINT ( 'NONE',  ( 10.28754510660035848, 10.51632293795428907, -1.390821274719454603 ) ) ;
#4369 = ORIENTED_EDGE ( 'NONE', *, *, #2265, .T. ) ;
#4370 = CARTESIAN_POINT ( 'NONE',  ( -0.5004716234240319528, 2.581032612971887463, 11.33082300090910621 ) ) ;
#4371 = CARTESIAN_POINT ( 'NONE',  ( -1.908024805176910199, 13.99046237902735790, -9.603721122233237040 ) ) ;
#4372 = CARTESIAN_POINT ( 'NONE',  ( 8.724438301562214448, 7.136646439231904004, 5.734146357447579945 ) ) ;
#4373 = ORIENTED_EDGE ( 'NONE', *, *, #685, .F. ) ;
#4374 = CARTESIAN_POINT ( 'NONE',  ( -1.177153395839895866, 13.89619262924256304, 10.25828617471983506 ) ) ;
#4375 = EDGE_LOOP ( 'NONE', ( #1568, #1779 ) ) ;
#4376 = CARTESIAN_POINT ( 'NONE',  ( -1.044529595392917676, 13.89609646582276703, 10.27002671968445746 ) ) ;
#4377 = B_SPLINE_CURVE_WITH_KNOTS ( 'NONE', 3,
 ( #4347, #4376, #6329, #321, #2352, #1800 ),
 .UNSPECIFIED., .F., .F.,
 ( 4, 2, 4 ),
 ( 1.734723475976807094E-18, 0.0003992262156784101112, 0.0007984524313568184877 ),
 .UNSPECIFIED. ) ;
#4378 = SURFACE_STYLE_FILL_AREA ( #4445 ) ;
#4379 = EDGE_LOOP ( 'NONE', ( #3565, #2775, #3106, #3136 ) ) ;
#4380 = CARTESIAN_POINT ( 'NONE',  ( -9.035172852691578882, 3.939973367684197481, 5.002249652786644241 ) ) ;
#4381 = ADVANCED_FACE ( 'NONE', ( #6296, #4860 ), #2437, .F. ) ;
#4382 = EDGE_CURVE ( 'NONE', #3492, #924, #2989, .T. ) ;
#4383 = FACE_OUTER_BOUND ( 'NONE', #4140, .T. ) ;
#4384 = DIRECTION ( 'NONE',  ( 1.000000000000000000, 0.000000000000000000, 1.224646799147346798E-16 ) ) ;
#4385 = CARTESIAN_POINT ( 'NONE',  ( -9.395034150589930633, 13.92087438211473938, -3.846085072605324395 ) ) ;
#4386 = CARTESIAN_POINT ( 'NONE',  ( -10.00850003627170892, 3.669383407414074760, -3.292898090995663551 ) ) ;
#4387 = CARTESIAN_POINT ( 'NONE',  ( 0.2999999999999992117, -45.00000000000000000, -5.718868602121329148E-17 ) ) ;
#4388 = CARTESIAN_POINT ( 'NONE',  ( 6.318857514163718214, 13.99046237927642622, -7.479576040042100971 ) ) ;
#4389 = B_SPLINE_CURVE_WITH_KNOTS ( 'NONE', 3,
 ( #2969, #2996, #5505, #128, #58, #5475 ),
 .UNSPECIFIED., .F., .F.,
 ( 4, 2, 4 ),
 ( 1.301042606982605321E-18, 0.0003992262144840740858, 0.0007984524289681468705 ),
 .UNSPECIFIED. ) ;
#4390 = EDGE_CURVE ( 'NONE', #4629, #2378, #467, .T. ) ;
#4391 = AXIS2_PLACEMENT_3D ( 'NONE', #2517, #1128, #2607 ) ;
#4392 = CARTESIAN_POINT ( 'NONE',  ( 6.887347911552355484, 3.939973367885870381, 7.695536940860502995 ) ) ;
#4393 = CARTESIAN_POINT ( 'NONE',  ( 0.4000654152415913378, 2.182911004600322613, 11.73318855945290551 ) ) ;
#4394 = SURFACE_STYLE_USAGE ( .BOTH. , #2843 ) ;
#4395 = VERTEX_POINT ( 'NONE', #4800 ) ;
#4396 = CARTESIAN_POINT ( 'NONE',  ( -1.129195793310675544, 9.091556636463835162, -9.650593579819787493 ) ) ;
#4397 = CIRCLE ( 'NONE', #4090, 10.53628258987644450 ) ;
#4398 = CARTESIAN_POINT ( 'NONE',  ( 0.5879546903059305052, 2.374893314551062229, 11.81615383924914475 ) ) ;
#4399 =( BOUNDED_SURFACE ( )  B_SPLINE_SURFACE ( 3, 2, ( 
 ( #3304, #4307, #5820 ),
 ( #6261, #6322, #1920 ),
 ( #416, #1860, #3824 ),
 ( #2886, #2374, #4338 ) ),
 .UNSPECIFIED., .F., .F., .T. ) 
 B_SPLINE_SURFACE_WITH_KNOTS ( ( 4, 4 ),
 ( 3, 3 ),
 ( -6.125742274543100052E-18, 0.0006708524348539000610 ),
 ( 0.000000000000000000, 1.000000000000000000 ),
 .UNSPECIFIED. ) 
 GEOMETRIC_REPRESENTATION_ITEM ( )  RATIONAL_B_SPLINE_SURFACE ( (
 ( 1.000000000000000000, 0.7699653562337716028, 1.000000000000000000),
 ( 1.000000000000000000, 0.7702125447712321327, 1.000000000000000000),
 ( 1.000000000000000000, 0.7681778926659823536, 1.000000000000000000),
 ( 1.000000000000000000, 0.7639885047876392443, 1.000000000000000000) ) ) 
 REPRESENTATION_ITEM ( '' )  SURFACE ( )  );
#4400 = CARTESIAN_POINT ( 'NONE',  ( 1.778359665876806162, 3.852398570021291491, 10.19939132102191870 ) ) ;
#4401 = VERTEX_POINT ( 'NONE', #4764 ) ;
#4402 = CARTESIAN_POINT ( 'NONE',  ( -8.994167849558552419, 18.56083627273160630, 3.221087326742638979 ) ) ;
#4403 = DIRECTION ( 'NONE',  ( 0.9961056392938223425, 1.164557539550398966E-15, 0.08816776830024519729 ) ) ;
#4404 = AXIS2_PLACEMENT_3D ( 'NONE', #3454, #4333, #1476 ) ;
#4405 = CARTESIAN_POINT ( 'NONE',  ( 8.864694338212403935, 13.92087586570633562, 4.947324883748799529 ) ) ;
#4406 = ORIENTED_EDGE ( 'NONE', *, *, #2129, .T. ) ;
#4407 = CARTESIAN_POINT ( 'NONE',  ( -1.659063915805480738, 13.92087438204731953, 10.01531547227517116 ) ) ;
#4408 = COLOUR_RGB ( '',1.000000000000000000, 1.000000000000000000, 1.000000000000000000 ) ;
#4409 = ORIENTED_EDGE ( 'NONE', *, *, #2122, .F. ) ;
#4410 = CARTESIAN_POINT ( 'NONE',  ( -0.1996619213937554094, 14.05750220906498349, 9.399999999999996803 ) ) ;
#4411 = CARTESIAN_POINT ( 'NONE',  ( -0.5989341419115740139, 4.529381239437364037, -9.708769538597595172 ) ) ;
#4412 = CARTESIAN_POINT ( 'NONE',  ( -10.13624571252497120, 4.076753323176895094, -0.1447905674823024291 ) ) ;
#4413 = CARTESIAN_POINT ( 'NONE',  ( 1.778359665876811935, 3.852398570021291491, 10.19939132102191515 ) ) ;
#4414 = SURFACE_STYLE_USAGE ( .BOTH. , #490 ) ;
#4415 = SURFACE_SIDE_STYLE ('',( #4810 ) ) ;
#4416 = ADVANCED_FACE ( 'NONE', ( #2888 ), #5262, .F. ) ;
#4417 = CARTESIAN_POINT ( 'NONE',  ( -1.372804568517579149, 8.688778155428266814, -9.480228020932534250 ) ) ;
#4418 = SURFACE_STYLE_FILL_AREA ( #2028 ) ;
#4419 = EDGE_CURVE ( 'NONE', #3962, #637, #2460, .T. ) ;
#4420 = B_SPLINE_CURVE_WITH_KNOTS ( 'NONE', 3,
 ( #6127, #2203, #4171, #3688, #760, #2712 ),
 .UNSPECIFIED., .F., .F.,
 ( 4, 2, 4 ),
 ( 7.890876742356109159E-18, 0.0003992241973065127603, 0.0007984483946130176060 ),
 .UNSPECIFIED. ) ;
#4421 = FACE_OUTER_BOUND ( 'NONE', #5133, .T. ) ;
#4422 = CARTESIAN_POINT ( 'NONE',  ( 1.211996102219778049, 4.357486224803703401, -9.776028958057338514 ) ) ;
#4423 = CARTESIAN_POINT ( 'NONE',  ( -0.3315658988589443856, 14.23736017261490616, 9.530452742056809257 ) ) ;
#4424 = DIRECTION ( 'NONE',  ( 0.000000000000000000, 0.000000000000000000, -1.000000000000000000 ) ) ;
#4425 = ADVANCED_FACE ( 'NONE', ( #598 ), #423, .T. ) ;
#4426 = AXIS2_PLACEMENT_3D ( 'NONE', #999, #5376, #4929 ) ;
#4427 = EDGE_CURVE ( 'NONE', #3590, #37, #2981, .T. ) ;
#4428 = CARTESIAN_POINT ( 'NONE',  ( -0.1302843670871752513, 2.003930412622020096, 11.91844550582128726 ) ) ;
#4429 = CARTESIAN_POINT ( 'NONE',  ( -0.4000000000009241719, 14.07359894305417392, 9.284395973154774495 ) ) ;
#4430 = ORIENTED_EDGE ( 'NONE', *, *, #1156, .F. ) ;
#4431 = CARTESIAN_POINT ( 'NONE',  ( 2.356391096319938594, 7.501257722973897479, -9.790034558432619605 ) ) ;
#4432 = DIRECTION ( 'NONE',  ( 0.9907503653874621952, 0.000000000000000000, -0.1356971388224900987 ) ) ;
#4433 = DIRECTION ( 'NONE',  ( -0.000000000000000000, -1.000000000000000000, -0.000000000000000000 ) ) ;
#4434 = CARTESIAN_POINT ( 'NONE',  ( 6.787119721840483955, 14.27269387300751191, -6.662909650897000269 ) ) ;
#4435 = EDGE_LOOP ( 'NONE', ( #5600, #1450, #2104, #5246 ) ) ;
#4436 = CARTESIAN_POINT ( 'NONE',  ( -10.02645996858438870, 18.09583315601293307, -0.5555530823742368396 ) ) ;
#4437 = CARTESIAN_POINT ( 'NONE',  ( 7.531853700832916942, 7.124177037124338696, 7.229937203716136906 ) ) ;
#4438 = CARTESIAN_POINT ( 'NONE',  ( -9.441572423617003551, 14.27257337781279745, 1.150501045271110190 ) ) ;
#4439 = ORIENTED_EDGE ( 'NONE', *, *, #2293, .F. ) ;
#4440 = CARTESIAN_POINT ( 'NONE',  ( 2.234910031675815922, 7.199299535982036424, -3.813152813236749594 ) ) ;
#4441 = AXIS2_PLACEMENT_3D ( 'NONE', #281, #4206, #2241 ) ;
#4442 =( BOUNDED_SURFACE ( )  B_SPLINE_SURFACE ( 3, 2, ( 
 ( #6211, #1171, #4137 ),
 ( #3650, #5620, #3250 ),
 ( #5220, #2770, #4746 ),
 ( #1331, #1808, #3771 ) ),
 .UNSPECIFIED., .F., .F., .T. ) 
 B_SPLINE_SURFACE_WITH_KNOTS ( ( 4, 4 ),
 ( 3, 3 ),
 ( -4.716279450311944288E-18, 0.0006708524353830376671 ),
 ( 0.000000000000000000, 1.000000000000000000 ),
 .UNSPECIFIED. ) 
 GEOMETRIC_REPRESENTATION_ITEM ( )  RATIONAL_B_SPLINE_SURFACE ( (
 ( 1.000000000000000000, 0.7699653562337700485, 1.000000000000000000),
 ( 1.000000000000000000, 0.7702125447716940965, 1.000000000000000000),
 ( 1.000000000000000000, 0.7681778926630628002, 1.000000000000000000),
 ( 1.000000000000000000, 0.7639885047784182870, 1.000000000000000000) ) ) 
 REPRESENTATION_ITEM ( '' )  SURFACE ( )  );
#4443 = VERTEX_POINT ( 'NONE', #544 ) ;
#4444 = CARTESIAN_POINT ( 'NONE',  ( -0.3999999999999997446, 14.94819772977331951, 0.1471780010512854509 ) ) ;
#4445 = FILL_AREA_STYLE ('',( #4957 ) ) ;
#4446 = CARTESIAN_POINT ( 'NONE',  ( 9.066907413700432627, 4.130523735507019900, 4.544617953396066667 ) ) ;
#4447 =( LENGTH_UNIT ( ) NAMED_UNIT ( * ) SI_UNIT ( .MILLI., .METRE. ) );
#4448 = CARTESIAN_POINT ( 'NONE',  ( 1.695431505871343614, 8.386603950489170956, -9.515873276641714895 ) ) ;
#4449 = CARTESIAN_POINT ( 'NONE',  ( -7.843705779490051988, 14.30659558105440965, -4.997852730766157769 ) ) ;
#4450 = CARTESIAN_POINT ( 'NONE',  ( -8.814689101527369175, 3.669383407413506326, 5.771872040955202010 ) ) ;
#4451 = CARTESIAN_POINT ( 'NONE',  ( 9.395020863502992370, 13.92087586582867864, -3.846090504979800428 ) ) ;
#4452 = CARTESIAN_POINT ( 'NONE',  ( 0.5989341001116929020, 4.529381233635652038, -9.708769548046989328 ) ) ;
#4453 = CARTESIAN_POINT ( 'NONE',  ( -0.1082256428686566851, 2.987006157942480034, 10.93550262802096285 ) ) ;
#4454 = CARTESIAN_POINT ( 'NONE',  ( 0.3784141135461837058, 14.99877422560190432, 0.09563230348739637510 ) ) ;
#4455 = ORIENTED_EDGE ( 'NONE', *, *, #3840, .F. ) ;
#4456 = CARTESIAN_POINT ( 'NONE',  ( 0.6702089088972686959, 9.052121514089311205, -9.430232543527710121 ) ) ;
#4457 = EDGE_CURVE ( 'NONE', #3555, #972, #4350, .T. ) ;
#4458 =( LENGTH_UNIT ( ) NAMED_UNIT ( * ) SI_UNIT ( .MILLI., .METRE. ) );
#4459 = DIRECTION ( 'NONE',  ( 1.000000000000000000, 3.430248998885767359E-15, 0.000000000000000000 ) ) ;
#4460 = ORIENTED_EDGE ( 'NONE', *, *, #3186, .T. ) ;
#4461 = CARTESIAN_POINT ( 'NONE',  ( 12.40566599729052655, 1.800000000000066214, 0.000000000000000000 ) ) ;
#4462 =( NAMED_UNIT ( * ) SI_UNIT ( $, .STERADIAN. ) SOLID_ANGLE_UNIT ( ) );
#4463 = DIRECTION ( 'NONE',  ( 0.000000000000000000, -0.9999944257241679679, -0.003338940040097517197 ) ) ;
#4464 = EDGE_LOOP ( 'NONE', ( #5855, #6074, #5844, #2623, #215, #3045 ) ) ;
#4465 = CARTESIAN_POINT ( 'NONE',  ( 0.000000000000000000, 13.89156607017620004, 0.000000000000000000 ) ) ;
#4466 = EDGE_CURVE ( 'NONE', #2475, #1379, #4530, .T. ) ;
#4467 = VERTEX_POINT ( 'NONE', #6003 ) ;
#4468 = CARTESIAN_POINT ( 'NONE',  ( -0.1996666666668770740, 14.79974999854841222, -4.730983412880686908E-13 ) ) ;
#4469 = CARTESIAN_POINT ( 'NONE',  ( -5.840249803039204934, 13.92087586572965741, -8.303632425037056564 ) ) ;
#4470 = CARTESIAN_POINT ( 'NONE',  ( -0.2637234747430871606, 2.066769541931217979, 11.85312027624119224 ) ) ;
#4471 = CARTESIAN_POINT ( 'NONE',  ( 4.006118373066483329, 4.469373314225054017, 8.877217424524149081 ) ) ;
#4472 = CIRCLE ( 'NONE', #5910, 0.2540000000000008362 ) ;
#4473 =( GEOMETRIC_REPRESENTATION_CONTEXT ( 3 ) GLOBAL_UNCERTAINTY_ASSIGNED_CONTEXT ( ( #9 ) ) GLOBAL_UNIT_ASSIGNED_CONTEXT ( ( #5741, #5251, #4773 ) ) REPRESENTATION_CONTEXT ( 'NONE', 'WORKASPACE' ) );
#4474 = CARTESIAN_POINT ( 'NONE',  ( -0.05711027221345606197, 2.084833166740378996, 12.12083905339536827 ) ) ;
#4475 = CARTESIAN_POINT ( 'NONE',  ( -0.2994991652754600553, 14.07409618859461808, 9.284474123539226298 ) ) ;
#4476 = CARTESIAN_POINT ( 'NONE',  ( 7.152614639560790799, 14.14406121268806338, 7.129714637653409071 ) ) ;
#4477 = DIRECTION ( 'NONE',  ( -0.000000000000000000, -1.000000000000000000, -0.000000000000000000 ) ) ;
#4478 = CARTESIAN_POINT ( 'NONE',  ( -1.941376837719454240, 4.287181424033274624, -9.794580504581494651 ) ) ;
#4479 = CARTESIAN_POINT ( 'NONE',  ( 0.1999999999999997613, 14.18411949163390595, 9.549999999999998934 ) ) ;
#4480 = MECHANICAL_DESIGN_GEOMETRIC_PRESENTATION_REPRESENTATION (  '', ( #5918 ), #5689 ) ;
#4481 = CARTESIAN_POINT ( 'NONE',  ( -0.9332436628467537520, 10.51632293795427131, 10.33910172134443073 ) ) ;
#4482 = CARTESIAN_POINT ( 'NONE',  ( 0.1461829445013730355, 3.010987348630121740, 10.91122459665078104 ) ) ;
#4483 = CARTESIAN_POINT ( 'NONE',  ( -9.528564791779006171, 3.886646807229348966, -3.961010561654166651 ) ) ;
#4484 = CARTESIAN_POINT ( 'NONE',  ( 8.854250533840950510, 13.91281420043291206, 5.081656986221499750 ) ) ;
#4485 = ORIENTED_EDGE ( 'NONE', *, *, #5124, .F. ) ;
#4486 = CARTESIAN_POINT ( 'NONE',  ( 2.101099405256158015, 7.716440716053670101, -9.756242960747107063 ) ) ;
#4487 = CARTESIAN_POINT ( 'NONE',  ( 6.705888026538175062, 18.56084152752575633, -6.804522119519775814 ) ) ;
#4488 = FACE_OUTER_BOUND ( 'NONE', #2559, .T. ) ;
#4489 = ORIENTED_EDGE ( 'NONE', *, *, #6144, .T. ) ;
#4490 = CARTESIAN_POINT ( 'NONE',  ( -9.613275540866853319, 2.932530540935253782, 1.623112898620494793 ) ) ;
#4491 = CARTESIAN_POINT ( 'NONE',  ( -0.1999999999999997335, 14.15750163757763325, 9.500000000000000000 ) ) ;
#4492 = ADVANCED_FACE ( 'NONE', ( #5518 ), #4782, .T. ) ;
#4493 = CONICAL_SURFACE ( 'NONE', #3557, 12.40566599729053365, 0.05235987755982567105 ) ;
#4494 = CARTESIAN_POINT ( 'NONE',  ( -8.648132537521551200, 14.16691473700007897, 4.948333468757240006 ) ) ;
#4495 = ORIENTED_EDGE ( 'NONE', *, *, #6375, .F. ) ;
#4496 = CARTESIAN_POINT ( 'NONE',  ( -5.970018420182878316, 3.939984671886588519, -8.427070146075580581 ) ) ;
#4497 = CIRCLE ( 'NONE', #2848, 0.2539999999999992819 ) ;
#4498 = ORIENTED_EDGE ( 'NONE', *, *, #5286, .T. ) ;
#4499 = FACE_OUTER_BOUND ( 'NONE', #5976, .T. ) ;
#4500 = CARTESIAN_POINT ( 'NONE',  ( 5.973200426001519681, 3.695334435534924022, -8.430104860468995653 ) ) ;
#4501 = CARTESIAN_POINT ( 'NONE',  ( 2.866303143363345018, 3.939984671814131811, -9.921740647484728726 ) ) ;
#4502 = EDGE_CURVE ( 'NONE', #2657, #5551, #3839, .T. ) ;
#4503 = CARTESIAN_POINT ( 'NONE',  ( 6.887347911552360813, 3.939973367885877487, 7.695536940860498554 ) ) ;
#4504 = CARTESIAN_POINT ( 'NONE',  ( 10.20003386248484212, 4.005632134805771294, -0.1818168562655823606 ) ) ;
#4505 = DIRECTION ( 'NONE',  ( -0.003380786062443252166, 0.9999942851264701504, 0.000000000000000000 ) ) ;
#4506 = DIRECTION ( 'NONE',  ( 1.000000000000000000, 0.000000000000000000, -1.906289534040448226E-16 ) ) ;
#4507 = CARTESIAN_POINT ( 'NONE',  ( 9.490362602982562734, 7.547373101315774768, -3.909272227848358483 ) ) ;
#4508 = CARTESIAN_POINT ( 'NONE',  ( -10.21307286302270079, 9.438544898499266367, -0.6002176879044500701 ) ) ;
#4509 = CARTESIAN_POINT ( 'NONE',  ( 1.778359665876804163, 3.852398570021295043, 10.19939132102191870 ) ) ;
#4510 = CARTESIAN_POINT ( 'NONE',  ( -0.7324475795892638752, 9.032628214832795877, -4.328404541017224716 ) ) ;
#4511 = CARTESIAN_POINT ( 'NONE',  ( -0.2528970013113903126, 14.15741222034423430, 9.500000000000000000 ) ) ;
#4512 = AXIS2_PLACEMENT_3D ( 'NONE', #4626, #5654, #4690 ) ;
#4513 = DIRECTION ( 'NONE',  ( 1.000000000000000000, 3.441691376337973837E-15, 0.000000000000000000 ) ) ;
#4514 = AXIS2_PLACEMENT_3D ( 'NONE', #1750, #4751, #5618 ) ;
#4515 = CARTESIAN_POINT ( 'NONE',  ( 0.5823441772281687800, 9.286395754529108260, -9.624669020466456004 ) ) ;
#4516 = PRESENTATION_LAYER_ASSIGNMENT (  '', '', ( #5960 ) ) ;
#4517 = CARTESIAN_POINT ( 'NONE',  ( -9.395034150589845368, 13.92087438211478378, -3.846085072605382127 ) ) ;
#4518 = DIRECTION ( 'NONE',  ( -3.696709209476633285E-14, -0.1552607118641879391, 0.9878735300388534757 ) ) ;
#4519 = VERTEX_POINT ( 'NONE', #5163 ) ;
#4520 = CARTESIAN_POINT ( 'NONE',  ( 1.923213911404288767, 5.403646173583736001, -9.779033617114444965 ) ) ;
#4521 = CARTESIAN_POINT ( 'NONE',  ( -5.677957328446839647, 10.55531654186980717, -8.699564470727255028 ) ) ;
#4522 = ORIENTED_EDGE ( 'NONE', *, *, #1781, .F. ) ;
#4523 = SURFACE_STYLE_USAGE ( .BOTH. , #3957 ) ;
#4524 = B_SPLINE_CURVE_WITH_KNOTS ( 'NONE', 3,
 ( #2451, #3935, #494, #5382, #1844, #4385 ),
 .UNSPECIFIED., .F., .F.,
 ( 4, 2, 4 ),
 ( 2.453269466693398698E-18, 0.0003992262162326605502, 0.0007984524324653187151 ),
 .UNSPECIFIED. ) ;
#4525 = ORIENTED_EDGE ( 'NONE', *, *, #1818, .T. ) ;
#4526 = VERTEX_POINT ( 'NONE', #2711 ) ;
#4527 =( LENGTH_UNIT ( ) NAMED_UNIT ( * ) SI_UNIT ( .MILLI., .METRE. ) );
#4528 = CARTESIAN_POINT ( 'NONE',  ( 1.428810862235474932, 13.90671125835460664, 10.15093218152837196 ) ) ;
#4529 = CARTESIAN_POINT ( 'NONE',  ( 2.142731149297096849, 4.244193012713266100, -9.808564973179356272 ) ) ;
#4530 = B_SPLINE_CURVE_WITH_KNOTS ( 'NONE', 3,
 ( #5883, #5034, #2044, #41 ),
 .UNSPECIFIED., .F., .F.,
 ( 4, 4 ),
 ( 5.131204752301483311E-05, 0.01019202896350882188 ),
 .UNSPECIFIED. ) ;
#4531 = PRESENTATION_LAYER_ASSIGNMENT (  '', '', ( #323 ) ) ;
#4532 = CARTESIAN_POINT ( 'NONE',  ( 6.455554388668498511, 4.234637832007158487, -7.613636217907149728 ) ) ;
#4533 = ORIENTED_EDGE ( 'NONE', *, *, #4264, .T. ) ;
#4534 = CARTESIAN_POINT ( 'NONE',  ( -1.271135707740878171E-14, 13.89599898141113954, 0.000000000000000000 ) ) ;
#4535 = EDGE_CURVE ( 'NONE', #4236, #992, #921, .T. ) ;
#4536 = EDGE_CURVE ( 'NONE', #1084, #3962, #4313, .T. ) ;
#4537 = VECTOR ( 'NONE', #2124, 1000.000000000000000 ) ;
#4538 = CARTESIAN_POINT ( 'NONE',  ( -0.4989161473369970734, 2.253527360487852516, 11.84730015423995830 ) ) ;
#4539 = CARTESIAN_POINT ( 'NONE',  ( 0.2994991652754604994, 14.07409618859462341, 9.284474123539231627 ) ) ;
#4540 = DIRECTION ( 'NONE',  ( -0.5116294234347076308, 0.000000000000000000, -0.8592062226705928785 ) ) ;
#4541 = CARTESIAN_POINT ( 'NONE',  ( 5.878257392065934006, 3.749418216154010164, -8.648647039467990183 ) ) ;
#4542 = B_SPLINE_CURVE_WITH_KNOTS ( 'NONE', 3,
 ( #5856, #3762, #2860, #5308 ),
 .UNSPECIFIED., .F., .F.,
 ( 4, 4 ),
 ( 5.131204752301478568E-05, 0.01019202896350920179 ),
 .UNSPECIFIED. ) ;
#4543 = UNCERTAINTY_MEASURE_WITH_UNIT (LENGTH_MEASURE( 1.000000000000000082E-05 ), #1411, 'distance_accuracy_value', 'NONE');
#4544 = CARTESIAN_POINT ( 'NONE',  ( 9.544239976951864435, 3.939984672651938080, -3.945138075116883858 ) ) ;
#4545 = CARTESIAN_POINT ( 'NONE',  ( -2.860675808502204820, 7.605684247104129270, -9.856220024585237383 ) ) ;
#4546 = ADVANCED_FACE ( 'NONE', ( #2682 ), #1410, .T. ) ;
#4547 = CARTESIAN_POINT ( 'NONE',  ( -10.09380421537545480, 3.759185968624764396, -3.320964031696735042 ) ) ;
#4548 = DIRECTION ( 'NONE',  ( -0.6937281976467670752, -7.751949428141695528E-15, -0.7202368969927659403 ) ) ;
#4549 = LINE ( 'NONE', #3059, #4537 ) ;
#4550 = CARTESIAN_POINT ( 'NONE',  ( 3.117443867569476890, 3.825112817398764520, -9.961186059384370850 ) ) ;
#4551 = CARTESIAN_POINT ( 'NONE',  ( -5.829259087579416132, 14.13480499334620610, -8.315082348179000604 ) ) ;
#4552 = MECHANICAL_DESIGN_GEOMETRIC_PRESENTATION_REPRESENTATION (  '', ( #4248 ), #3728 ) ;
#4553 = PRESENTATION_LAYER_ASSIGNMENT (  '', '', ( #3942 ) ) ;
#4554 = DIRECTION ( 'NONE',  ( -0.7455160343121121080, 0.4799979161654169824, -0.4623936018809073900 ) ) ;
#4555 = CARTESIAN_POINT ( 'NONE',  ( 0.2783970327781764009, 14.79919544732206305, 0.1372727263245649421 ) ) ;
#4556 = ORIENTED_EDGE ( 'NONE', *, *, #1039, .T. ) ;
#4557 = CARTESIAN_POINT ( 'NONE',  ( -6.027596737763693646, 3.852398569460378841, -8.417732711310653926 ) ) ;
#4558 = CARTESIAN_POINT ( 'NONE',  ( 1.497901284915221121, 8.835992006918905517, -9.681424446402468575 ) ) ;
#4559 = CIRCLE ( 'NONE', #5065, 0.04999999999999932276 ) ;
#4560 = CARTESIAN_POINT ( 'NONE',  ( 0.2539527675250357053, 14.79940207269300068, 0.09983393355300332339 ) ) ;
#4561 = ORIENTED_EDGE ( 'NONE', *, *, #1947, .T. ) ;
#4562 =( NAMED_UNIT ( * ) PLANE_ANGLE_UNIT ( ) SI_UNIT ( $, .RADIAN. ) );
#4563 = ORIENTED_EDGE ( 'NONE', *, *, #1624, .T. ) ;
#4564 = EDGE_LOOP ( 'NONE', ( #4636, #4455, #453, #2844 ) ) ;
#4565 = CARTESIAN_POINT ( 'NONE',  ( 9.620712107367808130, 14.14193358903625963, -3.110239524083428631 ) ) ;
#4566 = CARTESIAN_POINT ( 'NONE',  ( 0.1297707238227582549, 2.982282444023691248, 10.94005711368369127 ) ) ;
#4567 = CARTESIAN_POINT ( 'NONE',  ( -8.394418311133488686, 13.89156607017588918, 5.558930024727360752 ) ) ;
#4568 =( BOUNDED_SURFACE ( )  B_SPLINE_SURFACE ( 3, 2, ( 
 ( #2336, #1977, #5422 ),
 ( #2466, #1126, #5020 ),
 ( #617, #1021, #3608 ),
 ( #2574, #4610, #3090 ) ),
 .UNSPECIFIED., .F., .F., .T. ) 
 B_SPLINE_SURFACE_WITH_KNOTS ( ( 4, 4 ),
 ( 3, 3 ),
 ( 0.02698176286325175768, 0.03726999353208663296 ),
 ( 0.000000000000000000, 1.000000000000000000 ),
 .UNSPECIFIED. ) 
 GEOMETRIC_REPRESENTATION_ITEM ( )  RATIONAL_B_SPLINE_SURFACE ( (
 ( 1.000000000000000000, 0.9685162344216763364, 1.000000000000000000),
 ( 1.000000000000000000, 0.9683929456777604639, 1.000000000000000000),
 ( 1.000000000000000000, 0.9682663969958407169, 1.000000000000000000),
 ( 1.000000000000000000, 0.9681363960033773086, 1.000000000000000000) ) ) 
 REPRESENTATION_ITEM ( '' )  SURFACE ( )  );
#4569 = ORIENTED_EDGE ( 'NONE', *, *, #5690, .F. ) ;
#4570 = CARTESIAN_POINT ( 'NONE',  ( 9.069619551883027597, 4.076753322624109721, 4.528403984677206395 ) ) ;
#4571 = AXIS2_PLACEMENT_3D ( 'NONE', #2003, #4033, #1096 ) ;
#4572 = ORIENTED_EDGE ( 'NONE', *, *, #2757, .T. ) ;
#4573 = CARTESIAN_POINT ( 'NONE',  ( -0.2837255348487682238, 14.06568427222190643, 9.338331825067742287 ) ) ;
#4574 = CARTESIAN_POINT ( 'NONE',  ( -6.865416122263557241, 3.852398569255001792, 7.749594047728255219 ) ) ;
#4575 = CARTESIAN_POINT ( 'NONE',  ( -0.5988521204597999636, 2.721784403633737082, 11.40281684252035710 ) ) ;
#4576 = EDGE_CURVE ( 'NONE', #2072, #1610, #2294, .T. ) ;
#4577 = CARTESIAN_POINT ( 'NONE',  ( 9.417389784038983080, 12.42676558334004255, -3.860879349373791403 ) ) ;
#4578 = CARTESIAN_POINT ( 'NONE',  ( -9.682160120407372617, 4.424283181903283513, 1.405875793261261775 ) ) ;
#4579 = CARTESIAN_POINT ( 'NONE',  ( 7.365407536585244941, 3.705625223546355596, 7.488815112997628809 ) ) ;
#4580 = CARTESIAN_POINT ( 'NONE',  ( -0.9100789084132823170, 13.89599898141095657, 10.28192899003259164 ) ) ;
#4581 = CARTESIAN_POINT ( 'NONE',  ( 3.391952617614649057, 14.10648961878931829, -9.748434637772771083 ) ) ;
#4582 = ADVANCED_FACE ( 'NONE', ( #5326 ), #5466, .T. ) ;
#4583 = CARTESIAN_POINT ( 'NONE',  ( 0.1996661101836398333, 14.05874120078701495, 9.384307178631047464 ) ) ;
#4584 = CARTESIAN_POINT ( 'NONE',  ( -1.690430121229088645, 5.408956324302060636, -9.756770320776141148 ) ) ;
#4585 = CARTESIAN_POINT ( 'NONE',  ( -9.551133307774954062, 14.14193359275642159, -3.325462381384953314 ) ) ;
#4586 = CARTESIAN_POINT ( 'NONE',  ( 1.689472873968983269, 18.09583448505778236, 9.898697956469888481 ) ) ;
#4587 = VERTEX_POINT ( 'NONE', #409 ) ;
#4588 = CARTESIAN_POINT ( 'NONE',  ( 6.138899027866841607, 3.947596968061424683, -8.220946113292551871 ) ) ;
#4589 = CARTESIAN_POINT ( 'NONE',  ( 2.087873858537913740, 5.648313288676669153, -9.791732645426520776 ) ) ;
#4590 = ORIENTED_EDGE ( 'NONE', *, *, #759, .T. ) ;
#4591 = CARTESIAN_POINT ( 'NONE',  ( -5.334159410808404722, 4.445140644150293419, 8.240023826114605043 ) ) ;
#4592 = ORIENTED_EDGE ( 'NONE', *, *, #5985, .F. ) ;
#4593 = CARTESIAN_POINT ( 'NONE',  ( -2.249999999999965805, 6.776439790252446471, -9.613030573401715628 ) ) ;
#4594 = ORIENTED_EDGE ( 'NONE', *, *, #5214, .T. ) ;
#4595 = CARTESIAN_POINT ( 'NONE',  ( 9.846538003310547182, 3.697134351065658464, -3.669512633762383125 ) ) ;
#4596 = AXIS2_PLACEMENT_3D ( 'NONE', #5583, #6064, #2102 ) ;
#4597 = CARTESIAN_POINT ( 'NONE',  ( -3.653083133866718679, 3.705665997290550795, -9.844032893944351770 ) ) ;
#4598 = ORIENTED_EDGE ( 'NONE', *, *, #2463, .T. ) ;
#4599 = CARTESIAN_POINT ( 'NONE',  ( -7.024411241843020903, 4.398893506462311365, -6.847548771112620614 ) ) ;
#4600 = CARTESIAN_POINT ( 'NONE',  ( 9.096625770763976604, 18.63523436001057121, 2.655323059669640440 ) ) ;
#4601 = ORIENTED_EDGE ( 'NONE', *, *, #2529, .T. ) ;
#4602 = AXIS2_PLACEMENT_3D ( 'NONE', #5494, #3046, #2562 ) ;
#4603 = CARTESIAN_POINT ( 'NONE',  ( -0.5411055080212449075, 2.339537975490088240, 11.75923894226961863 ) ) ;
#4604 = EDGE_LOOP ( 'NONE', ( #1643, #6325, #3656, #1384 ) ) ;
#4605 = AXIS2_PLACEMENT_3D ( 'NONE', #510, #474, #4459 ) ;
#4606 = SURFACE_SIDE_STYLE ('',( #3208 ) ) ;
#4607 = CARTESIAN_POINT ( 'NONE',  ( -0.3053306799924250803, 14.18802937519021157, 9.477830709094511974 ) ) ;
#4608 = CARTESIAN_POINT ( 'NONE',  ( 0.6050663430145711841, 4.525890752187050836, -9.508894056462262157 ) ) ;
#4609 = VECTOR ( 'NONE', #311, 999.9999999999998863 ) ;
#4610 = CARTESIAN_POINT ( 'NONE',  ( 3.256885809157288758, 13.98371707604409586, -9.801837092062704926 ) ) ;
#4611 = AXIS2_PLACEMENT_3D ( 'NONE', #1494, #1007, #4384 ) ;
#4612 = CARTESIAN_POINT ( 'NONE',  ( 4.985580376793964597, 14.27269387271553569, 8.099589339724417414 ) ) ;
#4613 = CARTESIAN_POINT ( 'NONE',  ( -5.281103924575377917, 13.89599898141130296, -8.868835815001425260 ) ) ;
#4614 = B_SPLINE_CURVE_WITH_KNOTS ( 'NONE', 3,
 ( #6032, #628, #5098, #3618, #660, #1203 ),
 .UNSPECIFIED., .F., .F.,
 ( 4, 2, 4 ),
 ( 1.778091562876227272E-17, 0.0003992241970685629637, 0.0007984483941371081465 ),
 .UNSPECIFIED. ) ;
#4615 = CARTESIAN_POINT ( 'NONE',  ( -9.206479510745053219, 4.121999044125520761, -4.260871941019270359 ) ) ;
#4616 = CARTESIAN_POINT ( 'NONE',  ( 3.098969611154270609, 3.774516735485415886, -9.962926009376031899 ) ) ;
#4617 = CARTESIAN_POINT ( 'NONE',  ( -1.678136788194388940, 8.422428545053268323, -9.702071106179074533 ) ) ;
#4618 = ADVANCED_FACE ( 'NONE', ( #5295 ), #5678, .T. ) ;
#4619 = EDGE_CURVE ( 'NONE', #481, #4861, #4145, .T. ) ;
#4620 = CARTESIAN_POINT ( 'NONE',  ( 0.1996661101836373076, 14.79958333304300666, 0.09983305509181969462 ) ) ;
#4621 = CARTESIAN_POINT ( 'NONE',  ( 3.595637834531942634, 18.63523252515622275, 8.767595503213181374 ) ) ;
#4622 = ORIENTED_EDGE ( 'NONE', *, *, #4657, .F. ) ;
#4623 = FILL_AREA_STYLE_COLOUR ( '', #2671 ) ;
#4624 = CARTESIAN_POINT ( 'NONE',  ( -2.159199270085488731, 5.778377070829307627, -9.797341309818527577 ) ) ;
#4625 = CARTESIAN_POINT ( 'NONE',  ( -0.5861976336890084571, 2.339537975492040456, 11.78084218746015743 ) ) ;
#4626 = CARTESIAN_POINT ( 'NONE',  ( -6.410943103190354892E-15, 1.868943947005726969, 0.000000000000000000 ) ) ;
#4627 = VECTOR ( 'NONE', #3247, 1000.000000000000114 ) ;
#4628 = ADVANCED_FACE ( 'NONE', ( #3712 ), #829, .T. ) ;
#4629 = VERTEX_POINT ( 'NONE', #4749 ) ;
#4630 = CARTESIAN_POINT ( 'NONE',  ( 8.630691405804521210, 14.15065569502179876, 5.173223893555895181 ) ) ;
#4631 = CARTESIAN_POINT ( 'NONE',  ( 0.1932036363421814895, 4.656432598665997347, -9.660993926601259219 ) ) ;
#4632 = CARTESIAN_POINT ( 'NONE',  ( -3.127157391222510352, 14.30659558065587866, 8.759174559467123089 ) ) ;
#4633 = ORIENTED_EDGE ( 'NONE', *, *, #1433, .T. ) ;
#4634 = CARTESIAN_POINT ( 'NONE',  ( 0.5989341001116929020, 4.529381233635652038, -9.708769548046992881 ) ) ;
#4635 = CARTESIAN_POINT ( 'NONE',  ( -0.3994103939425009964, 4.520121199012366198, -9.702809817015715765 ) ) ;
#4636 = ORIENTED_EDGE ( 'NONE', *, *, #5597, .T. ) ;
#4637 = CARTESIAN_POINT ( 'NONE',  ( 9.401163003131706830, 4.556959419696435809, 2.398209414202635781 ) ) ;
#4638 = ORIENTED_EDGE ( 'NONE', *, *, #5370, .F. ) ;
#4639 = SURFACE_STYLE_USAGE ( .BOTH. , #4606 ) ;
#4640 = CARTESIAN_POINT ( 'NONE',  ( -7.217983858494572580, 10.55531654185529966, 7.471434294720391556 ) ) ;
#4641 = CARTESIAN_POINT ( 'NONE',  ( -0.3999999999999993561, 14.94797744711659249, 0.2000000000000014266 ) ) ;
#4642 = CARTESIAN_POINT ( 'NONE',  ( 5.418252608937918602, 3.756969513007445194, -8.992982477327148061 ) ) ;
#4643 = CARTESIAN_POINT ( 'NONE',  ( 10.42908633385305173, 3.942189826375682937, -0.5404675200874214935 ) ) ;
#4644 = MECHANICAL_DESIGN_GEOMETRIC_PRESENTATION_REPRESENTATION (  '', ( #323 ), #5565 ) ;
#4645 = CARTESIAN_POINT ( 'NONE',  ( 0.2001668056713904464, 14.99964524126811227, -0.05004170141784819448 ) ) ;
#4646 = CARTESIAN_POINT ( 'NONE',  ( 7.371580383354667809, 3.685834350319533659, 7.506433803907952118 ) ) ;
#4647 = B_SPLINE_CURVE_WITH_KNOTS ( 'NONE', 3,
 ( #6360, #1961, #1484, #2792, #2557, #3434, #5945, #3554, #2046, #4496 ),
 .UNSPECIFIED., .F., .F.,
 ( 4, 3, 3, 4 ),
 ( 0.001079297928199958413, 0.005562350630871416499, 0.005649842381819924174, 0.01106179590284220651 ),
 .UNSPECIFIED. ) ;
#4648 = CARTESIAN_POINT ( 'NONE',  ( -1.693826105823734052, 8.388136936000051946, -4.061262559169080966 ) ) ;
#4649 = CARTESIAN_POINT ( 'NONE',  ( -7.187644256344268179, 17.85362546366267722, 7.352086826400602071 ) ) ;
#4650 = CARTESIAN_POINT ( 'NONE',  ( -5.840249803039212928, 13.92087586572979063, -8.303632425037037024 ) ) ;
#4651 = CIRCLE ( 'NONE', #1256, 0.1000000000000001443 ) ;
#4652 = CARTESIAN_POINT ( 'NONE',  ( -6.748648018451319786, 14.16691622592068711, 7.330196057264510401 ) ) ;
#4653 = ORIENTED_EDGE ( 'NONE', *, *, #2757, .F. ) ;
#4654 = CARTESIAN_POINT ( 'NONE',  ( -6.131582574004651676, 14.23679851443315769, -7.372252662238463650 ) ) ;
#4655 = CARTESIAN_POINT ( 'NONE',  ( -0.2938750479516111791, 9.339991367217685081, -9.617280777954976045 ) ) ;
#4656 = CARTESIAN_POINT ( 'NONE',  ( 2.210939263776499075, 2.594197380215124582, -9.851391127151821081 ) ) ;
#4657 = EDGE_CURVE ( 'NONE', #5589, #2793, #1926, .T. ) ;
#4658 = EDGE_CURVE ( 'NONE', #858, #1602, #961, .T. ) ;
#4659 = AXIS2_PLACEMENT_3D ( 'NONE', #4387, #2080, #4055 ) ;
#4660 = CARTESIAN_POINT ( 'NONE',  ( 10.21494243938697721, 13.90659367271437219, -0.8685952233066308592 ) ) ;
#4661 = DIRECTION ( 'NONE',  ( -1.906289534040448719E-16, 0.000000000000000000, 1.000000000000000000 ) ) ;
#4662 = ORIENTED_EDGE ( 'NONE', *, *, #4182, .T. ) ;
#4663 = ORIENTED_EDGE ( 'NONE', *, *, #6027, .T. ) ;
#4664 = FACE_OUTER_BOUND ( 'NONE', #5904, .T. ) ;
#4665 = CIRCLE ( 'NONE', #3733, 0.1999999999999998723 ) ;
#4666 = CARTESIAN_POINT ( 'NONE',  ( 0.5025224520616274893, 4.524906708614179429, -9.705889748260796424 ) ) ;
#4667 = CARTESIAN_POINT ( 'NONE',  ( -1.543619592233319349, 3.749418216367048196, 10.34264202855073123 ) ) ;
#4668 = ORIENTED_EDGE ( 'NONE', *, *, #960, .F. ) ;
#4669 = CARTESIAN_POINT ( 'NONE',  ( 0.000000000000000000, -45.00000000000000000, 0.000000000000000000 ) ) ;
#4670 = CARTESIAN_POINT ( 'NONE',  ( -0.5989341419115740139, 4.529381239437364037, -9.708769538597595172 ) ) ;
#4671 = ORIENTED_EDGE ( 'NONE', *, *, #1663, .T. ) ;
#4672 = EDGE_CURVE ( 'NONE', #272, #3044, #2077, .T. ) ;
#4673 = DIRECTION ( 'NONE',  ( 0.6899931767456833898, -4.305927036993255160E-16, 0.7238158716444398344 ) ) ;
#4674 = CARTESIAN_POINT ( 'NONE',  ( -7.531861692346544679, 7.124157179924615946, 7.229929380705033992 ) ) ;
#4675 = CARTESIAN_POINT ( 'NONE',  ( 0.1386409869835050490, 3.308166566101312434, 10.89679697434708494 ) ) ;
#4676 = CARTESIAN_POINT ( 'NONE',  ( 0.2991410358306918482, 4.665003770852361065, -4.456339866518844950 ) ) ;
#4677 = CARTESIAN_POINT ( 'NONE',  ( -10.34174187664575228, 10.55531654191508295, -0.9848839325888036900 ) ) ;
#4678 = DIRECTION ( 'NONE',  ( 3.430248998885766964E-15, -1.000000000000000000, -0.000000000000000000 ) ) ;
#4679 = CARTESIAN_POINT ( 'NONE',  ( -5.270940066249127476, 14.14193358903625963, -8.629128421549147276 ) ) ;
#4680 = CARTESIAN_POINT ( 'NONE',  ( -10.44526062426829327, 3.756870477111358131, -1.097242090019560745 ) ) ;
#4681 = CARTESIAN_POINT ( 'NONE',  ( 0.5556731721562389037, 4.719695588743209491, -9.508894056462263933 ) ) ;
#4682 = CARTESIAN_POINT ( 'NONE',  ( -2.002322497202777996, 5.864898424080272399, -9.598519618714306034 ) ) ;
#4683 =( BOUNDED_SURFACE ( )  B_SPLINE_SURFACE ( 3, 2, ( 
 ( #2484, #3471, #2991 ),
 ( #5440, #1036, #4025 ),
 ( #3564, #5137, #1609 ),
 ( #2961, #1063, #2685 ),
 ( #4960, #2024, #3934 ),
 ( #3531, #5407, #552 ),
 ( #3021, #5499, #3965 ),
 ( #2510, #4474, #5015 ),
 ( #52, #1493, #2540 ),
 ( #1091, #3085, #730 ),
 ( #1005, #4931, #523 ),
 ( #3994, #5953, #2568 ),
 ( #4538, #119, #6368 ),
 ( #1548, #3500, #5469 ) ),
 .UNSPECIFIED., .F., .F., .T. ) 
 B_SPLINE_SURFACE_WITH_KNOTS ( ( 4, 2, 2, 2, 2, 2, 4 ),
 ( 3, 3 ),
 ( 0.000000000000000000, 0.0004044188566443357924, 0.0006066282849665036343, 0.0008088377132886715847, 0.001011047141610839535, 0.001213256569933007269, 0.001617675426577343169 ),
 ( 0.000000000000000000, 1.000000000000000000 ),
 .UNSPECIFIED. ) 
 GEOMETRIC_REPRESENTATION_ITEM ( )  RATIONAL_B_SPLINE_SURFACE ( (
 ( 1.000000000000000000, 0.5758340577900766810, 1.000000000000000000),
 ( 1.000000000000000000, 0.5759913839587966766, 1.000000000000000000),
 ( 1.000000000000000000, 0.5762722808154443488, 1.000000000000000000),
 ( 1.000000000000000000, 0.5767823117543027234, 1.000000000000000000),
 ( 1.000000000000000000, 0.5769681299900125682, 1.000000000000000000),
 ( 1.000000000000000000, 0.5772527474872951592, 1.000000000000000000),
 ( 1.000000000000000000, 0.5773489336058310606, 1.000000000000000000),
 ( 1.000000000000000000, 0.5773515745324584447, 1.000000000000000000),
 ( 1.000000000000000000, 0.5772582240913312068, 1.000000000000000000),
 ( 1.000000000000000000, 0.5769737384225207544, 1.000000000000000000),
 ( 1.000000000000000000, 0.5767885454460692785, 1.000000000000000000),
 ( 1.000000000000000000, 0.5762745236473285626, 1.000000000000000000),
 ( 1.000000000000000000, 0.5759950746591306903, 1.000000000000000000),
 ( 1.000000000000000000, 0.5758340577895637580, 1.000000000000000000) ) ) 
 REPRESENTATION_ITEM ( '' )  SURFACE ( )  );
#4684 = AXIS2_PLACEMENT_3D ( 'NONE', #6242, #261, #4188 ) ;
#4685 = CARTESIAN_POINT ( 'NONE',  ( -0.2001668056713907518, 14.99964524126810694, -0.05004170141784819448 ) ) ;
#4686 = VERTEX_POINT ( 'NONE', #853 ) ;
#4687 = CARTESIAN_POINT ( 'NONE',  ( -0.9665335969818474871, 14.05996167687673193, -9.464291891967045345 ) ) ;
#4688 = CARTESIAN_POINT ( 'NONE',  ( -1.392292609977768381, 8.930915477848811790, -9.671041808700930886 ) ) ;
#4689 = CARTESIAN_POINT ( 'NONE',  ( -0.2975699804052330810, 14.79899823333789577, 0.1771644739343611885 ) ) ;
#4690 = DIRECTION ( 'NONE',  ( -1.000000000000000000, -3.427481348334213294E-15, 0.000000000000000000 ) ) ;
#4691 = DIRECTION ( 'NONE',  ( 0.000000000000000000, -0.1552607118642087003, 0.9878735300388502560 ) ) ;
#4692 = ADVANCED_FACE ( 'NONE', ( #780 ), #3701, .T. ) ;
#4693 = ADVANCED_FACE ( 'NONE', ( #2332 ), #3207, .T. ) ;
#4694 = ORIENTED_EDGE ( 'NONE', *, *, #4427, .T. ) ;
#4695 = CARTESIAN_POINT ( 'NONE',  ( -5.817046485557756164, 18.09584571078096360, -8.185383585464013123 ) ) ;
#4696 = CARTESIAN_POINT ( 'NONE',  ( -0.4644721599052388239, 4.696452064789535363, -9.506289305895489150 ) ) ;
#4697 = CARTESIAN_POINT ( 'NONE',  ( 10.40922206766159341, 3.756969513007464734, -1.370872392997398492 ) ) ;
#4698 = VERTEX_POINT ( 'NONE', #336 ) ;
#4699 = DIRECTION ( 'NONE',  ( 0.1305714244419967640, 5.537106734386782925E-17, -0.9914389053891258241 ) ) ;
#4700 = DIRECTION ( 'NONE',  ( 0.9523350780931425508, -0.07189609631706196657, -0.2964605376229625944 ) ) ;
#4701 = ORIENTED_EDGE ( 'NONE', *, *, #1396, .T. ) ;
#4702 = CIRCLE ( 'NONE', #1922, 0.1270000000000003904 ) ;
#4703 = VERTEX_POINT ( 'NONE', #2263 ) ;
#4704 = ADVANCED_FACE ( 'NONE', ( #366 ), #5924, .F. ) ;
#4705 = EDGE_CURVE ( 'NONE', #3133, #5047, #2838, .T. ) ;
#4706 = PRESENTATION_STYLE_ASSIGNMENT (( #2696 ) ) ;
#4707 = CARTESIAN_POINT ( 'NONE',  ( 9.082994352727055798, 3.852398569279964935, 4.968838901014372311 ) ) ;
#4708 = CARTESIAN_POINT ( 'NONE',  ( 0.3855454505888437078, 3.128724945707141547, 11.03699078184902405 ) ) ;
#4709 = CARTESIAN_POINT ( 'NONE',  ( -1.271135707741129029E-14, 3.705665997290552571, 0.000000000000000000 ) ) ;
#4710 = DIRECTION ( 'NONE',  ( 0.3418592386014294160, -0.3857503547716829018, -0.8569299415800405439 ) ) ;
#4711 =( GEOMETRIC_REPRESENTATION_CONTEXT ( 3 ) GLOBAL_UNCERTAINTY_ASSIGNED_CONTEXT ( ( #5503 ) ) GLOBAL_UNIT_ASSIGNED_CONTEXT ( ( #4214, #2248, #5637 ) ) REPRESENTATION_CONTEXT ( 'NONE', 'WORKASPACE' ) );
#4712 = DIRECTION ( 'NONE',  ( 1.000000000000000000, 3.416338905061474366E-15, 0.000000000000000000 ) ) ;
#4713 = CARTESIAN_POINT ( 'NONE',  ( 4.650927893310679018, 4.556990391250579364, 8.525416907776653730 ) ) ;
#4714 = DIRECTION ( 'NONE',  ( -1.000000000000000000, -0.000000000000000000, -1.906289534040448719E-16 ) ) ;
#4715 = CARTESIAN_POINT ( 'NONE',  ( -2.980509009038631696, 2.802918777819425333, 9.417644518038054358 ) ) ;
#4716 = CARTESIAN_POINT ( 'NONE',  ( 5.844471969053137705, 3.825291822013650478, -8.647667929482846461 ) ) ;
#4717 = VERTEX_POINT ( 'NONE', #404 ) ;
#4718 = CARTESIAN_POINT ( 'NONE',  ( 3.645155710252019787, 10.51632293795152151, -9.720123867968410991 ) ) ;
#4719 = CARTESIAN_POINT ( 'NONE',  ( -1.923184155111952398, 5.403612233353677574, -9.779034068275239022 ) ) ;
#4720 = EDGE_LOOP ( 'NONE', ( #4153, #601, #2791, #408 ) ) ;
#4721 = CARTESIAN_POINT ( 'NONE',  ( 2.426671921687717060, 6.618646445261918920, -9.814152464299233714 ) ) ;
#4722 = CARTESIAN_POINT ( 'NONE',  ( 8.604651283374993298, 13.98186332372663188, 5.698714326295528210 ) ) ;
#4723 = FILL_AREA_STYLE ('',( #1727 ) ) ;
#4724 = ORIENTED_EDGE ( 'NONE', *, *, #3477, .T. ) ;
#4725 = FILL_AREA_STYLE ('',( #5789 ) ) ;
#4726 = CARTESIAN_POINT ( 'NONE',  ( -2.850717588750687703, 13.92087438190185367, -9.743328298661149134 ) ) ;
#4727 = CARTESIAN_POINT ( 'NONE',  ( -6.318848603317388068, 13.99046619166552929, -7.479554184387743554 ) ) ;
#4728 = ORIENTED_EDGE ( 'NONE', *, *, #6349, .F. ) ;
#4729 = CARTESIAN_POINT ( 'NONE',  ( -0.4499999999999991784, -45.00000000000000000, -8.578302903182002350E-17 ) ) ;
#4730 = DIRECTION ( 'NONE',  ( -0.2972297303801038626, 0.000000000000000000, -0.9548059946283173893 ) ) ;
#4731 = VERTEX_POINT ( 'NONE', #3356 ) ;
#4732 = STYLED_ITEM ( 'NONE', ( #2504 ), #5923 ) ;
#4733 = CARTESIAN_POINT ( 'NONE',  ( 9.938699609312063643, 14.16691473705593651, -0.7060103213211074147 ) ) ;
#4734 = ORIENTED_EDGE ( 'NONE', *, *, #198, .T. ) ;
#4735 = TOROIDAL_SURFACE ( 'NONE', #5548, 10.06816576155242871, 0.2540000000000000036 ) ;
#4736 = CARTESIAN_POINT ( 'NONE',  ( -2.180755411353146283E-14, 3.759185968624955354, 0.000000000000000000 ) ) ;
#4737 = CARTESIAN_POINT ( 'NONE',  ( 0.4604535237211121457, 2.908645379147872134, 11.07955161373730846 ) ) ;
#4738 = CARTESIAN_POINT ( 'NONE',  ( 10.40265991674301738, 7.126451548761226995, -0.9755592359151892268 ) ) ;
#4739 = CARTESIAN_POINT ( 'NONE',  ( -1.262734936001338015, 3.705625223547035496, 10.42770734430772350 ) ) ;
#4740 = CARTESIAN_POINT ( 'NONE',  ( 0.000000000000000000, 14.14193358903625963, 0.000000000000000000 ) ) ;
#4741 = EDGE_CURVE ( 'NONE', #3657, #4686, #2537, .T. ) ;
#4742 = DIRECTION ( 'NONE',  ( 0.000000000000000000, 0.000000000000000000, -1.000000000000000000 ) ) ;
#4743 = EDGE_CURVE ( 'NONE', #1019, #4812, #2915, .T. ) ;
#4744 = CARTESIAN_POINT ( 'NONE',  ( 0.3047263935247150335, 14.15903812396937056, 9.478201187228364688 ) ) ;
#4745 = CARTESIAN_POINT ( 'NONE',  ( 3.986588403041786854, 4.556959065118957319, 8.845358083688378059 ) ) ;
#4746 = CARTESIAN_POINT ( 'NONE',  ( 5.704465683564006184, 13.90470501652175095, -8.537311688621080918 ) ) ;
#4747 = CARTESIAN_POINT ( 'NONE',  ( -10.44120968024452267, 3.737636420285056271, -0.7885952024228347623 ) ) ;
#4748 = CARTESIAN_POINT ( 'NONE',  ( -6.870856201081217307, 5.743678914004327396, 7.667685080997638458 ) ) ;
#4749 = CARTESIAN_POINT ( 'NONE',  ( 8.783579905614827155, 3.756969513007713868, 5.751514514756051355 ) ) ;
#4750 = VERTEX_POINT ( 'NONE', #2488 ) ;
#4751 = DIRECTION ( 'NONE',  ( 0.9687113246181693338, -0.2468861290266078090, 0.02540883410880854718 ) ) ;
#4752 = MECHANICAL_DESIGN_GEOMETRIC_PRESENTATION_REPRESENTATION (  '', ( #329 ), #5151 ) ;
#4753 =( NAMED_UNIT ( * ) PLANE_ANGLE_UNIT ( ) SI_UNIT ( $, .RADIAN. ) );
#4754 = CARTESIAN_POINT ( 'NONE',  ( 0.7232904842138907497, 9.246676008594727492, -9.630104070265952387 ) ) ;
#4755 = ORIENTED_EDGE ( 'NONE', *, *, #2839, .F. ) ;
#4756 = CARTESIAN_POINT ( 'NONE',  ( -9.547906667357988653, 3.695334435531631545, -3.947565014076165557 ) ) ;
#4757 = CARTESIAN_POINT ( 'NONE',  ( -0.3999999999999993006, -45.00000000000000000, -7.625158136161780825E-17 ) ) ;
#4758 = CARTESIAN_POINT ( 'NONE',  ( 5.907484704542253162, 3.882853097310040358, -8.536952740413500607 ) ) ;
#4759 = CARTESIAN_POINT ( 'NONE',  ( 9.974108178047957907, 3.695303782906208312, -3.281914749187485825 ) ) ;
#4760 = CARTESIAN_POINT ( 'NONE',  ( -0.5025488657198434739, 4.524907931683336493, -9.705890535852471857 ) ) ;
#4761 = CARTESIAN_POINT ( 'NONE',  ( 0.2999999999999992117, 14.89891484826748957, 0.2000000000000007050 ) ) ;
#4762 = ORIENTED_EDGE ( 'NONE', *, *, #3707, .F. ) ;
#4763 = CARTESIAN_POINT ( 'NONE',  ( 8.869528249231073858, 14.27181953743739129, 3.020842697206441940 ) ) ;
#4764 = CARTESIAN_POINT ( 'NONE',  ( -8.864698375648234929, 13.92087438189274273, 4.947338659961871166 ) ) ;
#4765 = ORIENTED_EDGE ( 'NONE', *, *, #6145, .T. ) ;
#4766 = CARTESIAN_POINT ( 'NONE',  ( 9.011762538889589891, 14.05984037702634559, 3.050025682737107502 ) ) ;
#4767 = ORIENTED_EDGE ( 'NONE', *, *, #2291, .T. ) ;
#4768 = CARTESIAN_POINT ( 'NONE',  ( 0.04675747967369772717, 1.821260872230329175, 12.10163371191429071 ) ) ;
#4769 = B_SPLINE_CURVE_WITH_KNOTS ( 'NONE', 3,
 ( #1429, #496, #2869, #1009, #6044, #2423, #2937, #434, #6340, #3873 ),
 .UNSPECIFIED., .F., .F.,
 ( 4, 2, 2, 2, 4 ),
 ( 0.002360338459517697350, 0.002637507268905740429, 0.002914676078293783508, 0.003191844887681826587, 0.003469013697069869232 ),
 .UNSPECIFIED. ) ;
#4770 = CARTESIAN_POINT ( 'NONE',  ( -0.6279939311344578945, 2.855058919602493805, 11.33329501486812774 ) ) ;
#4771 = CARTESIAN_POINT ( 'NONE',  ( -1.778348075403697326, 3.852387265922301296, 10.19940481656209208 ) ) ;
#4772 = CARTESIAN_POINT ( 'NONE',  ( 10.39035394907286403, 3.794958671911919712, -0.6623238817956877966 ) ) ;
#4773 =( NAMED_UNIT ( * ) SI_UNIT ( $, .STERADIAN. ) SOLID_ANGLE_UNIT ( ) );
#4774 = B_SPLINE_CURVE_WITH_KNOTS ( 'NONE', 3,
 ( #113, #704, #606, #6104 ),
 .UNSPECIFIED., .F., .F.,
 ( 4, 4 ),
 ( 0.001104184918957891145, 0.01124490182513445020 ),
 .UNSPECIFIED. ) ;
#4775 = CARTESIAN_POINT ( 'NONE',  ( -5.109378908051007251, 4.486634211800824446, 8.332041024286038322 ) ) ;
#4776 = FACE_OUTER_BOUND ( 'NONE', #1678, .T. ) ;
#4777 = CARTESIAN_POINT ( 'NONE',  ( 0.5848455577493913982, 9.077637540469948974, -9.426397509978608369 ) ) ;
#4778 = EDGE_CURVE ( 'NONE', #4812, #4122, #1463, .T. ) ;
#4779 = CARTESIAN_POINT ( 'NONE',  ( 8.884612691794686157, 4.197188863602828057, -4.630917780550430685 ) ) ;
#4780 = CARTESIAN_POINT ( 'NONE',  ( -2.133559297668684795, 18.29540839408670294, 9.604981581473824193 ) ) ;
#4781 = DIRECTION ( 'NONE',  ( -0.000000000000000000, -1.000000000000000000, -0.000000000000000000 ) ) ;
#4782 =( BOUNDED_SURFACE ( )  B_SPLINE_SURFACE ( 3, 2, ( 
 ( #4494, #2588, #3923 ),
 ( #991, #2949, #4922 ),
 ( #1511, #4438, #5555 ),
 ( #3192, #3163, #1275 ) ),
 .UNSPECIFIED., .F., .F., .T. ) 
 B_SPLINE_SURFACE_WITH_KNOTS ( ( 4, 4 ),
 ( 3, 3 ),
 ( 0.000000000000000000, 0.005799967169044410037 ),
 ( 0.000000000000000000, 1.000000000000000000 ),
 .UNSPECIFIED. ) 
 GEOMETRIC_REPRESENTATION_ITEM ( )  RATIONAL_B_SPLINE_SURFACE ( (
 ( 1.000000000000000000, 0.7639885048009823487, 1.000000000000000000),
 ( 1.000000000000000000, 0.7662491057562297314, 1.000000000000000000),
 ( 1.000000000000000000, 0.7662486930961994736, 1.000000000000000000),
 ( 1.000000000000000000, 0.7639881486001274258, 1.000000000000000000) ) ) 
 REPRESENTATION_ITEM ( '' )  SURFACE ( )  );
#4783 = CIRCLE ( 'NONE', #4571, 0.2540000000000007252 ) ;
#4784 = DIRECTION ( 'NONE',  ( 1.000000000000000000, 1.715124499442883285E-15, 0.000000000000000000 ) ) ;
#4785 = ADVANCED_FACE ( 'NONE', ( #2515 ), #2132, .T. ) ;
#4786 = CARTESIAN_POINT ( 'NONE',  ( -0.5768158138210628394, 2.206467433907166154, 11.70297782365970995 ) ) ;
#4787 = UNCERTAINTY_MEASURE_WITH_UNIT (LENGTH_MEASURE( 1.000000000000000082E-05 ), #4447, 'distance_accuracy_value', 'NONE');
#4788 = FACE_OUTER_BOUND ( 'NONE', #6182, .T. ) ;
#4789 = ORIENTED_EDGE ( 'NONE', *, *, #6264, .F. ) ;
#4790 = CARTESIAN_POINT ( 'NONE',  ( -9.974104371211332420, 3.695334402577914013, -3.281924608594093407 ) ) ;
#4791 = VECTOR ( 'NONE', #5465, 999.9999999999998863 ) ;
#4792 = DIRECTION ( 'NONE',  ( -1.906289534040448719E-16, 0.000000000000000000, 1.000000000000000000 ) ) ;
#4793 = DIRECTION ( 'NONE',  ( -0.000000000000000000, 0.000000000000000000, 1.000000000000000000 ) ) ;
#4794 = ORIENTED_EDGE ( 'NONE', *, *, #5252, .T. ) ;
#4795 = CARTESIAN_POINT ( 'NONE',  ( -4.442920853454631391, 4.469374704118210140, 8.666863891062959624 ) ) ;
#4796 = ORIENTED_EDGE ( 'NONE', *, *, #5079, .T. ) ;
#4797 = CARTESIAN_POINT ( 'NONE',  ( -7.531749495505844827, 7.136646439230974082, 7.229730815415162937 ) ) ;
#4798 = ORIENTED_EDGE ( 'NONE', *, *, #6299, .T. ) ;
#4799 = CARTESIAN_POINT ( 'NONE',  ( 9.780107075002090866, 13.89609647592564734, -3.303634216395515910 ) ) ;
#4800 = CARTESIAN_POINT ( 'NONE',  ( 0.2999999999999992673, 14.79891540569507846, 0.1996661059959916884 ) ) ;
#4801 = ORIENTED_EDGE ( 'NONE', *, *, #1350, .F. ) ;
#4802 = DIRECTION ( 'NONE',  ( 0.9999942851264702615, -0.003380786062444440018, 7.047273846646894584E-15 ) ) ;
#4803 = ORIENTED_EDGE ( 'NONE', *, *, #5286, .F. ) ;
#4804 = DIRECTION ( 'NONE',  ( 0.000000000000000000, 0.000000000000000000, 1.000000000000000000 ) ) ;
#4805 = CARTESIAN_POINT ( 'NONE',  ( 0.4728105011967242977, 2.029437928814155967, 11.88484563374636949 ) ) ;
#4806 = CARTESIAN_POINT ( 'NONE',  ( 0.1383381671171205474, 3.308224214949214037, 10.89674267572458000 ) ) ;
#4807 = CARTESIAN_POINT ( 'NONE',  ( 0.5208522666317592087, 2.392850631011568030, 11.80151322550464776 ) ) ;
#4808 = DIRECTION ( 'NONE',  ( 0.8565481007233637367, 3.839060669174739854E-15, -0.5160671963486911373 ) ) ;
#4809 = CARTESIAN_POINT ( 'NONE',  ( 1.437724641053307773, 13.90487727700647547, 10.16531292731455061 ) ) ;
#4810 = SURFACE_STYLE_FILL_AREA ( #1362 ) ;
#4811 = CARTESIAN_POINT ( 'NONE',  ( -1.127159291681732123, 8.852903378013266433, -9.458671654877687018 ) ) ;
#4812 = VERTEX_POINT ( 'NONE', #1999 ) ;
#4813 = CARTESIAN_POINT ( 'NONE',  ( 9.544239976951862658, 3.939984672651913211, -3.945138075116886522 ) ) ;
#4814 = CARTESIAN_POINT ( 'NONE',  ( -0.9329910374509928772, 10.55301945954049536, 10.33848184258279801 ) ) ;
#4815 = DIRECTION ( 'NONE',  ( 0.000000000000000000, -1.000000000000000000, -0.000000000000000000 ) ) ;
#4816 = CARTESIAN_POINT ( 'NONE',  ( -7.025033979090528291, 4.399048105747597859, -6.846679692191698585 ) ) ;
#4817 = ORIENTED_EDGE ( 'NONE', *, *, #2122, .T. ) ;
#4818 = CARTESIAN_POINT ( 'NONE',  ( 2.155300193870050229, 6.239802096270027576, -9.610637628137020272 ) ) ;
#4819 = DIRECTION ( 'NONE',  ( 0.5009421434428974473, 0.07189609640766767007, 0.8624893739891379418 ) ) ;
#4820 = ADVANCED_FACE ( 'NONE', ( #3939 ), #3516, .F. ) ;
#4821 = ADVANCED_FACE ( 'NONE', ( #5444 ), #4907, .F. ) ;
#4822 = CARTESIAN_POINT ( 'NONE',  ( -3.120467778645461099, 3.837294471937563678, -9.946522365649052233 ) ) ;
#4823 = ORIENTED_EDGE ( 'NONE', *, *, #3681, .F. ) ;
#4824 = DIRECTION ( 'NONE',  ( 0.000000000000000000, 0.000000000000000000, -1.000000000000000000 ) ) ;
#4825 = EDGE_LOOP ( 'NONE', ( #5936, #4633 ) ) ;
#4826 = CARTESIAN_POINT ( 'NONE',  ( 8.941236000604474654, 9.438544898343677048, 4.972063692873867069 ) ) ;
#4827 = ORIENTED_EDGE ( 'NONE', *, *, #6178, .F. ) ;
#4828 = FACE_OUTER_BOUND ( 'NONE', #3337, .T. ) ;
#4829 = EDGE_LOOP ( 'NONE', ( #1304, #1664, #151, #5718 ) ) ;
#4830 = CARTESIAN_POINT ( 'NONE',  ( -9.221581341069104099, 13.91644146483529632, -3.660584473916977277 ) ) ;
#4831 = CARTESIAN_POINT ( 'NONE',  ( 0.1736800890629408289, 2.083350287686157376, 12.07608663387069825 ) ) ;
#4832 = CARTESIAN_POINT ( 'NONE',  ( 0.6530757820403702008, 2.561505266164745720, 11.62583290162240779 ) ) ;
#4833 = CARTESIAN_POINT ( 'NONE',  ( 9.620712107367799248, 14.14193358903626674, -3.110239524083419749 ) ) ;
#4834 = AXIS2_PLACEMENT_3D ( 'NONE', #821, #1233, #1783 ) ;
#4835 = DIRECTION ( 'NONE',  ( -0.000000000000000000, -1.000000000000000000, -0.000000000000000000 ) ) ;
#4836 = MECHANICAL_DESIGN_GEOMETRIC_PRESENTATION_REPRESENTATION (  '', ( #5960 ), #3073 ) ;
#4837 = CARTESIAN_POINT ( 'NONE',  ( 0.8914494823680483293, 14.14193358903626851, 10.07159417224552911 ) ) ;
#4838 = DIRECTION ( 'NONE',  ( 1.000000000000000000, 0.000000000000000000, 0.000000000000000000 ) ) ;
#4839 = CARTESIAN_POINT ( 'NONE',  ( 1.363711830555307536, 7.126431806510488798, 10.35892645409524881 ) ) ;
#4840 = ORIENTED_EDGE ( 'NONE', *, *, #3318, .F. ) ;
#4841 = CARTESIAN_POINT ( 'NONE',  ( 9.395020863502992370, 13.92087586582867864, -3.846090504979800428 ) ) ;
#4842 = CARTESIAN_POINT ( 'NONE',  ( 5.898474686157957336, 9.438539599054761808, -8.359146369220676220 ) ) ;
#4843 = CARTESIAN_POINT ( 'NONE',  ( -0.9801928870346408029, 3.695334402580754407, 10.45432967954018721 ) ) ;
#4844 = B_SPLINE_CURVE_WITH_KNOTS ( 'NONE', 3,
 ( #3287, #5122, #2158, #2224, #4131, #6176 ),
 .UNSPECIFIED., .F., .F.,
 ( 4, 2, 4 ),
 ( 1.135714584200022745E-16, 0.002863003151506035831, 0.005726006303011958037 ),
 .UNSPECIFIED. ) ;
#4845 = CARTESIAN_POINT ( 'NONE',  ( 0.4503751462695280705, 14.26172630994914314, 9.372795279557642800 ) ) ;
#4846 = PRESENTATION_LAYER_ASSIGNMENT (  '', '', ( #2 ) ) ;
#4847 = CARTESIAN_POINT ( 'NONE',  ( -0.5334887474778484684, 2.318778468483620792, 11.78453139891110446 ) ) ;
#4848 = CARTESIAN_POINT ( 'NONE',  ( -7.461068223317319337, 4.469373314161306787, -6.259906915403762540 ) ) ;
#4849 = ORIENTED_EDGE ( 'NONE', *, *, #1709, .T. ) ;
#4850 = CARTESIAN_POINT ( 'NONE',  ( 2.111726369249951496, 6.111752496694230707, -9.607401939094158294 ) ) ;
#4851 = CARTESIAN_POINT ( 'NONE',  ( 0.9832267671729350011, 3.669383407414266163, 10.49030580765140641 ) ) ;
#4852 = CIRCLE ( 'NONE', #5672, 0.2539999999999996705 ) ;
#4853 = CARTESIAN_POINT ( 'NONE',  ( 0.4218789650561405313, 2.170037042739763056, 12.02834210122251157 ) ) ;
#4854 = CARTESIAN_POINT ( 'NONE',  ( 0.000000000000000000, 12.59999999999994458, 0.000000000000000000 ) ) ;
#4855 = ORIENTED_EDGE ( 'NONE', *, *, #3909, .F. ) ;
#4856 = ADVANCED_FACE ( 'NONE', ( #3375 ), #233, .F. ) ;
#4857 = CARTESIAN_POINT ( 'NONE',  ( 0.1999999999999975409, 14.94964553690037512, -0.05000000000000000278 ) ) ;
#4858 = CARTESIAN_POINT ( 'NONE',  ( 7.187210564985786476, 13.98371528641633965, 7.418039482973885157 ) ) ;
#4859 = EDGE_CURVE ( 'NONE', #2621, #2273, #4067, .T. ) ;
#4860 = FACE_OUTER_BOUND ( 'NONE', #6220, .T. ) ;
#4861 = VERTEX_POINT ( 'NONE', #354 ) ;
#4862 = DIRECTION ( 'NONE',  ( 3.430248998885766964E-15, -1.000000000000000000, -0.000000000000000000 ) ) ;
#4863 = ORIENTED_EDGE ( 'NONE', *, *, #5767, .F. ) ;
#4864 = CARTESIAN_POINT ( 'NONE',  ( -2.249999999999999112, 6.899999999999999467, -3.810199798879392752 ) ) ;
#4865 = CARTESIAN_POINT ( 'NONE',  ( -0.5367652525326084278, 3.040184387895900286, 11.15264694469066420 ) ) ;
#4866 = DIRECTION ( 'NONE',  ( -1.906289534040448226E-16, 0.000000000000000000, -1.000000000000000000 ) ) ;
#4867 = EDGE_CURVE ( 'NONE', #2106, #637, #4377, .T. ) ;
#4868 = CARTESIAN_POINT ( 'NONE',  ( 3.764834277181367206, 4.542803839330316507, 8.957633646722550580 ) ) ;
#4869 = AXIS2_PLACEMENT_3D ( 'NONE', #2071, #4047, #4463 ) ;
#4870 = CARTESIAN_POINT ( 'NONE',  ( -3.788525603485854987, 4.469403577546863460, 8.981992724434451958 ) ) ;
#4871 = CARTESIAN_POINT ( 'NONE',  ( -5.691638515436715728, 13.90671125832274058, -8.525736076607882907 ) ) ;
#4872 = CARTESIAN_POINT ( 'NONE',  ( -1.485927687419075216, 8.595873097066208501, -9.491842362211508899 ) ) ;
#4873 = CONICAL_SURFACE ( 'NONE', #1268, 8.863739773864104166, 0.05235987755982453307 ) ;
#4874 = CARTESIAN_POINT ( 'NONE',  ( -9.035172852691578882, 3.939973367684201033, 5.002249652786646905 ) ) ;
#4875 = CARTESIAN_POINT ( 'NONE',  ( -0.1999999999999997613, 14.18411949163390418, 9.500000000000000000 ) ) ;
#4876 = CARTESIAN_POINT ( 'NONE',  ( -7.284294405041053189, 13.89619475092560741, 7.318385058052313319 ) ) ;
#4877 = CARTESIAN_POINT ( 'NONE',  ( 8.543545127113082671, 14.14412282275140775, 5.384540240745492312 ) ) ;
#4878 = CARTESIAN_POINT ( 'NONE',  ( -0.2520946173511864341, 14.06028976326518354, 9.373329549998857146 ) ) ;
#4879 = ORIENTED_EDGE ( 'NONE', *, *, #5439, .F. ) ;
#4880 = CARTESIAN_POINT ( 'NONE',  ( -0.1326347106127729603, 9.150052491144430533, -9.618925970057098596 ) ) ;
#4881 = CARTESIAN_POINT ( 'NONE',  ( 7.162409710617155589, 14.14193359275650330, 7.140219509912438589 ) ) ;
#4882 = CARTESIAN_POINT ( 'NONE',  ( -1.271135707740878171E-14, 3.705665997289820712, 0.000000000000000000 ) ) ;
#4883 = CARTESIAN_POINT ( 'NONE',  ( 6.686365697454247581, 18.09553473905379306, 7.492446397531842273 ) ) ;
#4884 = ORIENTED_EDGE ( 'NONE', *, *, #5510, .T. ) ;
#4885 = CARTESIAN_POINT ( 'NONE',  ( -9.152812028068181505, 18.65357535741529560, 2.380580732428411395 ) ) ;
#4886 = FACE_OUTER_BOUND ( 'NONE', #4829, .T. ) ;
#4887 = CARTESIAN_POINT ( 'NONE',  ( 8.839890947208543182, 18.29690174482972509, 4.317372339499699230 ) ) ;
#4888 = ORIENTED_EDGE ( 'NONE', *, *, #5123, .T. ) ;
#4889 = CARTESIAN_POINT ( 'NONE',  ( 5.173079587446729910, 14.14193358903626319, -8.687401160989718818 ) ) ;
#4890 =( BOUNDED_SURFACE ( )  B_SPLINE_SURFACE ( 3, 2, ( 
 ( #677, #3242, #5210 ),
 ( #4737, #322, #2631 ),
 ( #4316, #5799, #355 ),
 ( #5771, #1839, #904 ),
 ( #3799, #5736, #1870 ),
 ( #5309, #3864, #6303 ),
 ( #4284, #1354, #6238 ),
 ( #5248, #6269, #2353 ),
 ( #426, #842, #3314 ),
 ( #2382, #4805, #5279 ),
 ( #2861, #3835, #874 ),
 ( #1386, #1900, #2827 ),
 ( #392, #3345, #2321 ),
 ( #4831, #4348, #5826 ),
 ( #1420, #1324, #3279 ),
 ( #2795, #4768, #5920 ),
 ( #2928, #2076, #1989 ),
 ( #1517, #576, #603 ),
 ( #4893, #2985, #6362 ),
 ( #3463, #3960, #5403 ) ),
 .UNSPECIFIED., .F., .F., .T. ) 
 B_SPLINE_SURFACE_WITH_KNOTS ( ( 4, 2, 2, 2, 2, 2, 2, 2, 2, 4 ),
 ( 3, 3 ),
 ( 0.001902275022697934824, 0.002377843778373178556, 0.002615628156210800422, 0.002853412534048421854, 0.003091196911886043286, 0.003210089100804854219, 0.003328981289723665152, 0.003447873478642476085, 0.003566765667561287018, 0.003804550045398908883 ),
 ( 0.000000000000000000, 1.000000000000000000 ),
 .UNSPECIFIED. ) 
 GEOMETRIC_REPRESENTATION_ITEM ( )  RATIONAL_B_SPLINE_SURFACE ( (
 ( 1.000000000000000000, 0.8921527077486606228, 1.000000000000000000),
 ( 1.000000000000000000, 0.8599895387484283171, 1.000000000000000000),
 ( 1.000000000000000000, 0.8136410806767500059, 1.000000000000000000),
 ( 1.000000000000000000, 0.7361862118670494670, 1.000000000000000000),
 ( 1.000000000000000000, 0.7085136411360954956, 1.000000000000000000),
 ( 1.000000000000000000, 0.6504999788409022710, 1.000000000000000000),
 ( 1.000000000000000000, 0.6205387435929932138, 1.000000000000000000),
 ( 1.000000000000000000, 0.5577591488299242783, 1.000000000000000000),
 ( 1.000000000000000000, 0.5254008753107186624, 1.000000000000000000),
 ( 1.000000000000000000, 0.4781878993269189082, 1.000000000000000000),
 ( 1.000000000000000000, 0.4627463732928731033, 1.000000000000000000),
 ( 1.000000000000000000, 0.4342800629597131645, 1.000000000000000000),
 ( 1.000000000000000000, 0.4209451012764892086, 1.000000000000000000),
 ( 1.000000000000000000, 0.3993930884595284780, 1.000000000000000000),
 ( 1.000000000000000000, 0.3910162349115706704, 1.000000000000000000),
 ( 1.000000000000000000, 0.3820540119928991230, 1.000000000000000000),
 ( 1.000000000000000000, 0.3814618692980936698, 1.000000000000000000),
 ( 1.000000000000000000, 0.3919211170354548468, 1.000000000000000000),
 ( 1.000000000000000000, 0.4148366426696565301, 1.000000000000000000),
 ( 1.000000000000000000, 0.4429672709290478072, 1.000000000000000000) ) ) 
 REPRESENTATION_ITEM ( '' )  SURFACE ( )  );
#4891 = EDGE_CURVE ( 'NONE', #5887, #4861, #4542, .T. ) ;
#4892 = ORIENTED_EDGE ( 'NONE', *, *, #2807, .F. ) ;
#4893 = CARTESIAN_POINT ( 'NONE',  ( -0.2458478714036863855, 2.101010263165880687, 12.05396413852134785 ) ) ;
#4894 = CARTESIAN_POINT ( 'NONE',  ( 0.06909346474017644124, 3.320278581447290378, 10.88538559689995466 ) ) ;
#4895 = CARTESIAN_POINT ( 'NONE',  ( -10.33939354027391921, 3.852398569612337287, -0.5358056068802050653 ) ) ;
#4896 = EDGE_LOOP ( 'NONE', ( #3173, #5666, #594 ) ) ;
#4897 = CARTESIAN_POINT ( 'NONE',  ( 1.102182119232617714E-15, 0.000000000000000000, 9.000000000000000000 ) ) ;
#4898 = SHAPE_DEFINITION_REPRESENTATION ( #5362, #264 ) ;
#4899 = EDGE_CURVE ( 'NONE', #4056, #5076, #1058, .T. ) ;
#4900 = EDGE_CURVE ( 'NONE', #1635, #3524, #865, .T. ) ;
#4901 = SURFACE_STYLE_FILL_AREA ( #2932 ) ;
#4902 = DIRECTION ( 'NONE',  ( 0.7593629155144688836, 0.3857600623042211629, -0.5239820005233090106 ) ) ;
#4903 = CARTESIAN_POINT ( 'NONE',  ( -2.249999999999999112, 6.899999999999406164, -9.610663791841853154 ) ) ;
#4904 = FACE_OUTER_BOUND ( 'NONE', #4896, .T. ) ;
#4905 = CARTESIAN_POINT ( 'NONE',  ( 6.447282735504552775, 4.287181426338960044, -7.624650586093810745 ) ) ;
#4906 = DIRECTION ( 'NONE',  ( -0.000000000000000000, -1.000000000000000000, -0.000000000000000000 ) ) ;
#4907 = CYLINDRICAL_SURFACE ( 'NONE', #5796, 0.2000000000000005107 ) ;
#4908 = B_SPLINE_SURFACE_WITH_KNOTS ( 'NONE', 1, 3, ( 
 ( #4242, #6196, #1794, #512, #595, #2472, #39, #2919, #4490, #2553, #1509, #3520, #4012, #6000 ),
 ( #1956, #3010, #958, #3489, #4402, #1025, #4885, #1564, #2042, #5458, #570, #3430, #4436, #6356 ) ),
 .UNSPECIFIED., .F., .F., .F.,
 ( 2, 2 ),
 ( 4, 2, 2, 2, 2, 2, 4 ),
 ( 0.000000000000000000, 1.000000000000000000 ),
 ( 2.189008175820282676E-07, 0.001685983364764145811, 0.002528865596737427633, 0.003371747828710709455, 0.004214630060683991278, 0.005057512292657273534, 0.006743276756603837178 ),
 .UNSPECIFIED. ) ;
#4909 = PRESENTATION_LAYER_ASSIGNMENT (  '', '', ( #165 ) ) ;
#4910 = CARTESIAN_POINT ( 'NONE',  ( 0.000000000000000000, 13.89156607017623379, 0.000000000000000000 ) ) ;
#4911 = CARTESIAN_POINT ( 'NONE',  ( 0.3208860706859382739, 2.877061194339906258, 11.04125318054931348 ) ) ;
#4912 = ORIENTED_EDGE ( 'NONE', *, *, #118, .F. ) ;
#4913 = CARTESIAN_POINT ( 'NONE',  ( 0.9131348732283506298, 8.960744255838619665, -9.642936238483674316 ) ) ;
#4914 = CARTESIAN_POINT ( 'NONE',  ( -2.863513279712781134, 5.772828836045444056, -9.888983942503527302 ) ) ;
#4915 = UNCERTAINTY_MEASURE_WITH_UNIT (LENGTH_MEASURE( 1.000000000000000082E-05 ), #5837, 'distance_accuracy_value', 'NONE');
#4916 = AXIS2_PLACEMENT_3D ( 'NONE', #1008, #3967, #4986 ) ;
#4917 = DIRECTION ( 'NONE',  ( 0.000000000000000000, 0.000000000000000000, -1.000000000000000000 ) ) ;
#4918 = CARTESIAN_POINT ( 'NONE',  ( 6.988715748600973221, 4.500878760664103417, -6.823838088599403662 ) ) ;
#4919 = VERTEX_POINT ( 'NONE', #1929 ) ;
#4920 = CARTESIAN_POINT ( 'NONE',  ( 1.908013273057567405, 13.99046619160583482, -9.603700527638448392 ) ) ;
#4921 = PRESENTATION_LAYER_ASSIGNMENT (  '', '', ( #2350 ) ) ;
#4922 = CARTESIAN_POINT ( 'NONE',  ( -9.011928375939554314, 14.05996167680313924, 3.048303653710948247 ) ) ;
#4923 = ORIENTED_EDGE ( 'NONE', *, *, #4867, .F. ) ;
#4924 = FACE_OUTER_BOUND ( 'NONE', #3619, .T. ) ;
#4925 = AXIS2_PLACEMENT_3D ( 'NONE', #2899, #3807, #5314 ) ;
#4926 = VERTEX_POINT ( 'NONE', #1385 ) ;
#4927 = CARTESIAN_POINT ( 'NONE',  ( -0.3998158018999994345, 14.79877784808383545, 0.09076364274668596854 ) ) ;
#4928 = CARTESIAN_POINT ( 'NONE',  ( 1.659072168858043206, 13.92087586580219494, 10.01530372681640912 ) ) ;
#4929 = DIRECTION ( 'NONE',  ( -1.000000000000000000, 0.000000000000000000, 0.000000000000000000 ) ) ;
#4930 =( BOUNDED_SURFACE ( )  B_SPLINE_SURFACE ( 3, 2, ( 
 ( #31, #3813, #5813 ),
 ( #5291, #3357, #4845 ),
 ( #438, #2394, #4360 ),
 ( #6314, #3877, #585 ),
 ( #159, #3611, #6053 ),
 ( #5477, #5575, #1554 ) ),
 .UNSPECIFIED., .F., .F., .F. ) 
 B_SPLINE_SURFACE_WITH_KNOTS ( ( 4, 2, 4 ),
 ( 3, 3 ),
 ( -1.355252715606880543E-20, 0.0001964382420281195565, 0.0003928764840562391130 ),
 ( 0.000000000000000000, 1.000000000000000000 ),
 .UNSPECIFIED. ) 
 GEOMETRIC_REPRESENTATION_ITEM ( )  RATIONAL_B_SPLINE_SURFACE ( (
 ( 1.000000000000000000, 0.7044479202848579202, 1.000000000000000000),
 ( 1.000000000000000000, 0.6901646273217850736, 1.000000000000000000),
 ( 1.000000000000000000, 0.6754546189257255584, 1.000000000000000000),
 ( 1.000000000000000000, 0.6543156936725993411, 1.000000000000000000),
 ( 1.000000000000000000, 0.6478799629988633013, 1.000000000000000000),
 ( 1.000000000000000000, 0.6483442695897844166, 1.000000000000000000) ) ) 
 REPRESENTATION_ITEM ( '' )  SURFACE ( )  );
#4931 = CARTESIAN_POINT ( 'NONE',  ( -0.2775464035172384714, 2.147377990220184163, 12.05524984108641995 ) ) ;
#4932 = CARTESIAN_POINT ( 'NONE',  ( -3.261445980455944138, 10.55532556791667353, -9.863294450625557985 ) ) ;
#4933 = CARTESIAN_POINT ( 'NONE',  ( 6.748658946505846856, 14.16691473702655379, 7.330198014049598143 ) ) ;
#4934 = CYLINDRICAL_SURFACE ( 'NONE', #651, 0.5999999999999998668 ) ;
#4935 = EDGE_CURVE ( 'NONE', #608, #2316, #3154, .T. ) ;
#4936 = ADVANCED_FACE ( 'NONE', ( #3895 ), #4873, .F. ) ;
#4937 = CARTESIAN_POINT ( 'NONE',  ( 0.9882542155510191106, 4.486634211921701088, -9.723785994123083753 ) ) ;
#4938 = CIRCLE ( 'NONE', #3805, 0.1269999999999999185 ) ;
#4939 = DIRECTION ( 'NONE',  ( -0.9999942902657595889, 0.003379265582914342883, -4.411114283457788193E-17 ) ) ;
#4940 = CARTESIAN_POINT ( 'NONE',  ( 6.795879512146781209, 13.92087438191896709, 7.541555460265790600 ) ) ;
#4941 = AXIS2_PLACEMENT_3D ( 'NONE', #6080, #4673, #186 ) ;
#4942 = CARTESIAN_POINT ( 'NONE',  ( -0.03060285661930102138, 3.028811672316304549, 10.89432036980579532 ) ) ;
#4943 = CARTESIAN_POINT ( 'NONE',  ( -8.868140047183530328, 4.287181430206284283, -4.588991527938001802 ) ) ;
#4944 = EDGE_CURVE ( 'NONE', #3590, #1139, #6152, .T. ) ;
#4945 = ORIENTED_EDGE ( 'NONE', *, *, #4741, .F. ) ;
#4946 = CARTESIAN_POINT ( 'NONE',  ( 1.924990065026407793, 8.072762172816359438, -9.547100792808038250 ) ) ;
#4947 = CARTESIAN_POINT ( 'NONE',  ( -0.5432747316590675890, 2.284268324999585875, 11.90911415924427708 ) ) ;
#4948 = CARTESIAN_POINT ( 'NONE',  ( 10.34840165339218565, 7.136646439224485050, -1.380884254533361277 ) ) ;
#4949 = ORIENTED_EDGE ( 'NONE', *, *, #5478, .T. ) ;
#4950 = FACE_OUTER_BOUND ( 'NONE', #3196, .T. ) ;
#4951 = CARTESIAN_POINT ( 'NONE',  ( -1.677964314269703161, 10.93265123305247499, 10.06550362293597445 ) ) ;
#4952 = ORIENTED_EDGE ( 'NONE', *, *, #644, .T. ) ;
#4953 = FACE_OUTER_BOUND ( 'NONE', #5294, .T. ) ;
#4954 = AXIS2_PLACEMENT_3D ( 'NONE', #3888, #5850, #1445 ) ;
#4955 = VERTEX_POINT ( 'NONE', #5735 ) ;
#4956 = CARTESIAN_POINT ( 'NONE',  ( 2.857928463727877233, 9.351067230578127720, -9.825012565139205734 ) ) ;
#4957 = FILL_AREA_STYLE_COLOUR ( '', #4251 ) ;
#4958 = CARTESIAN_POINT ( 'NONE',  ( 9.116199174205164013, 4.284774967713151028, 4.079639163444875649 ) ) ;
#4959 = MECHANICAL_DESIGN_GEOMETRIC_PRESENTATION_REPRESENTATION (  '', ( #1567 ), #5980 ) ;
#4960 = CARTESIAN_POINT ( 'NONE',  ( 0.2385206648285294606, 2.063048101222996866, 12.04606933543743530 ) ) ;
#4961 = CARTESIAN_POINT ( 'NONE',  ( -7.561842441819392135, 3.756969513006679584, 7.283524837390892515 ) ) ;
#4962 = FACE_OUTER_BOUND ( 'NONE', #1109, .T. ) ;
#4963 = CARTESIAN_POINT ( 'NONE',  ( -5.970018420182877428, 3.939984671886589407, -8.427070146075584134 ) ) ;
#4964 = CARTESIAN_POINT ( 'NONE',  ( 5.151180217193222610, 13.89156607017623379, -8.650624496074888370 ) ) ;
#4965 = ADVANCED_FACE ( 'NONE', ( #3241 ), #4046, .T. ) ;
#4966 = CARTESIAN_POINT ( 'NONE',  ( -1.793773161121450022, 3.942189827132787983, 10.28787270186877656 ) ) ;
#4967 = CARTESIAN_POINT ( 'NONE',  ( -0.2805173872957612557, 2.957159710866817726, 10.96240729557863425 ) ) ;
#4968 = CARTESIAN_POINT ( 'NONE',  ( -8.859242448985700236, 4.234637836090810126, -4.599506720552237304 ) ) ;
#4969 = ORIENTED_EDGE ( 'NONE', *, *, #3512, .F. ) ;
#4970 = CARTESIAN_POINT ( 'NONE',  ( -0.2689023120988377480, 9.138012679799103921, -9.417264990583392503 ) ) ;
#4971 = EDGE_CURVE ( 'NONE', #4341, #2378, #2009, .T. ) ;
#4972 = CARTESIAN_POINT ( 'NONE',  ( 7.041297505052346750, 18.63506791537060892, -6.342315075630708954 ) ) ;
#4973 = CARTESIAN_POINT ( 'NONE',  ( 7.187644291988759093, 17.85361810297437302, 7.352086949838489538 ) ) ;
#4974 = ORIENTED_EDGE ( 'NONE', *, *, #5645, .T. ) ;
#4975 =( LENGTH_UNIT ( ) NAMED_UNIT ( * ) SI_UNIT ( .MILLI., .METRE. ) );
#4976 = CARTESIAN_POINT ( 'NONE',  ( 2.269351117719545563, 7.779916224309831208, -9.774769250239883078 ) ) ;
#4977 = CARTESIAN_POINT ( 'NONE',  ( 0.4000000000004705347, 14.79841331328719711, 0.1996644295299903893 ) ) ;
#4978 = ORIENTED_EDGE ( 'NONE', *, *, #5876, .T. ) ;
#4979 = ORIENTED_EDGE ( 'NONE', *, *, #565, .F. ) ;
#4980 = CARTESIAN_POINT ( 'NONE',  ( 2.857791489623190184, 9.438544898394185978, -9.823448802956805892 ) ) ;
#4981 = CARTESIAN_POINT ( 'NONE',  ( -1.151275873164252828E-13, 14.20566599729045087, 8.131485224692666491E-30 ) ) ;
#4982 =( NAMED_UNIT ( * ) PLANE_ANGLE_UNIT ( ) SI_UNIT ( $, .RADIAN. ) );
#4983 = B_SPLINE_CURVE_WITH_KNOTS ( 'NONE', 3,
 ( #385, #5334, #3340, #838 ),
 .UNSPECIFIED., .F., .F.,
 ( 4, 4 ),
 ( 0.000000000000000000, 0.0008208498691243068263 ),
 .UNSPECIFIED. ) ;
#4984 = CARTESIAN_POINT ( 'NONE',  ( 0.1996661101836398333, 14.05874120078701495, 9.384307178631047464 ) ) ;
#4985 = CARTESIAN_POINT ( 'NONE',  ( 0.4041223604889114807, 14.06536014325207695, 9.336683798942475576 ) ) ;
#4986 = DIRECTION ( 'NONE',  ( 0.000000000000000000, 0.000000000000000000, 1.000000000000000000 ) ) ;
#4987 = CARTESIAN_POINT ( 'NONE',  ( -8.002105195059709075, 14.05996167793125906, -5.145223080926813353 ) ) ;
#4988 = UNCERTAINTY_MEASURE_WITH_UNIT (LENGTH_MEASURE( 1.000000000000000082E-05 ), #2876, 'distance_accuracy_value', 'NONE');
#4989 = CARTESIAN_POINT ( 'NONE',  ( -2.866317708478583359, 3.939973367754322719, -9.921747470053979612 ) ) ;
#4990 = DIRECTION ( 'NONE',  ( 0.5116304537678797448, 0.000000000000000000, -0.8592056091397874962 ) ) ;
#4991 = FACE_OUTER_BOUND ( 'NONE', #181, .T. ) ;
#4992 = DIRECTION ( 'NONE',  ( -0.000000000000000000, 0.000000000000000000, 1.000000000000000000 ) ) ;
#4993 = CARTESIAN_POINT ( 'NONE',  ( -9.544254391232758650, 3.939973369391879476, -3.945130941957055715 ) ) ;
#4994 = DIRECTION ( 'NONE',  ( 0.003379265582915700304, -0.9999942902657595889, 0.000000000000000000 ) ) ;
#4995 = CARTESIAN_POINT ( 'NONE',  ( -1.047608524919016126, 8.909448509244876746, -9.450937332703608362 ) ) ;
#4996 = CARTESIAN_POINT ( 'NONE',  ( 7.213503462661112309, 18.65358053777460867, -6.116085233562013279 ) ) ;
#4997 = CARTESIAN_POINT ( 'NONE',  ( 4.472962812221597417, 2.950873366434259015, 8.642259358909901934 ) ) ;
#4998 = VERTEX_POINT ( 'NONE', #97 ) ;
#4999 = FACE_OUTER_BOUND ( 'NONE', #4464, .T. ) ;
#5000 = SURFACE_SIDE_STYLE ('',( #170 ) ) ;
#5001 = CARTESIAN_POINT ( 'NONE',  ( -5.973204753710346537, 3.695303822354641277, -8.430089708788363723 ) ) ;
#5002 = ADVANCED_FACE ( 'NONE', ( #4133, #2066 ), #2082, .T. ) ;
#5003 = ORIENTED_EDGE ( 'NONE', *, *, #5597, .F. ) ;
#5004 = ADVANCED_FACE ( 'NONE', ( #3060 ), #619, .F. ) ;
#5005 = EDGE_LOOP ( 'NONE', ( #4556, #2595, #2113, #674, #3894 ) ) ;
#5006 = EDGE_LOOP ( 'NONE', ( #1837, #282, #4184, #741, #1975, #4694, #3455 ) ) ;
#5007 = PRESENTATION_STYLE_ASSIGNMENT (( #47 ) ) ;
#5008 = PRESENTATION_LAYER_ASSIGNMENT (  '', '', ( #5221 ) ) ;
#5009 = CARTESIAN_POINT ( 'NONE',  ( -0.4843654410743544747, 4.469400801806986401, -9.736276452498390910 ) ) ;
#5010 = CARTESIAN_POINT ( 'NONE',  ( -9.510699255562396814, 4.556959419719891713, 1.918299735599551692 ) ) ;
#5011 =( BOUNDED_SURFACE ( )  B_SPLINE_SURFACE ( 3, 2, ( 
 ( #3781, #4295, #3294 ),
 ( #5263, #2267, #4328 ),
 ( #855, #2811, #1886 ),
 ( #4847, #4786, #371 ),
 ( #439, #2842, #3850 ),
 ( #5814, #3716, #1403 ),
 ( #3359, #5325, #2395 ),
 ( #4362, #1752, #5683 ),
 ( #1272, #2033, #1468 ),
 ( #3972, #3001, #3510 ),
 ( #1555, #4967, #2908 ),
 ( #1046, #2461, #4453 ),
 ( #5480, #4942, #1973 ),
 ( #535, #4482, #468 ),
 ( #1913, #32, #1072 ),
 ( #3, #5842, #6347 ) ),
 .UNSPECIFIED., .F., .F., .T. ) 
 B_SPLINE_SURFACE_WITH_KNOTS ( ( 4, 2, 2, 2, 2, 2, 2, 4 ),
 ( 3, 3 ),
 ( 0.000000000000000000, 0.0002377843778402935026, 0.0004755687556805870053, 0.0009511375113611740106, 0.001188921889201467567, 0.001426706267041760907, 0.001664490644882054464, 0.001902275022722348021 ),
 ( 0.000000000000000000, 1.000000000000000000 ),
 .UNSPECIFIED. ) 
 GEOMETRIC_REPRESENTATION_ITEM ( )  RATIONAL_B_SPLINE_SURFACE ( (
 ( 1.000000000000000000, 0.4429672709290478072, 1.000000000000000000),
 ( 1.000000000000000000, 0.4710263329596392490, 1.000000000000000000),
 ( 1.000000000000000000, 0.5033517400958097410, 1.000000000000000000),
 ( 1.000000000000000000, 0.5671553230451727989, 1.000000000000000000),
 ( 1.000000000000000000, 0.5985998184361870367, 1.000000000000000000),
 ( 1.000000000000000000, 0.6903959257914866754, 1.000000000000000000),
 ( 1.000000000000000000, 0.7462734181418572144, 1.000000000000000000),
 ( 1.000000000000000000, 0.8190690682512691279, 1.000000000000000000),
 ( 1.000000000000000000, 0.8419352627336825767, 1.000000000000000000),
 ( 1.000000000000000000, 0.8814404149362734531, 1.000000000000000000),
 ( 1.000000000000000000, 0.8984810693589035946, 1.000000000000000000),
 ( 1.000000000000000000, 0.9213207551841449128, 1.000000000000000000),
 ( 1.000000000000000000, 0.9262074543868659138, 1.000000000000000000),
 ( 1.000000000000000000, 0.9193179762608767458, 1.000000000000000000),
 ( 1.000000000000000000, 0.9078488145804761711, 1.000000000000000000),
 ( 1.000000000000000000, 0.8921527077438203834, 1.000000000000000000) ) ) 
 REPRESENTATION_ITEM ( '' )  SURFACE ( )  );
#5012 =( NAMED_UNIT ( * ) SI_UNIT ( $, .STERADIAN. ) SOLID_ANGLE_UNIT ( ) );
#5013 = EDGE_LOOP ( 'NONE', ( #3519, #4563, #4498, #1437, #1086, #1600, #4789 ) ) ;
#5014 = EDGE_CURVE ( 'NONE', #4467, #3699, #1780, .T. ) ;
#5015 = CARTESIAN_POINT ( 'NONE',  ( -0.06637760782566025364, 2.034814151322626330, 12.17086043057324396 ) ) ;
#5016 = CARTESIAN_POINT ( 'NONE',  ( 0.3786832317782736212, 14.16475258496313749, 9.403905810194556736 ) ) ;
#5017 = FACE_OUTER_BOUND ( 'NONE', #4080, .T. ) ;
#5018 = CARTESIAN_POINT ( 'NONE',  ( -0.4941932159715375916, 3.004357453213008622, 11.14718991145717197 ) ) ;
#5019 = DIRECTION ( 'NONE',  ( -0.000000000000000000, -1.000000000000000000, -0.000000000000000000 ) ) ;
#5020 = CARTESIAN_POINT ( 'NONE',  ( 3.649024108743859518, 7.124157179996091216, -9.781893602793587661 ) ) ;
#5021 = FACE_OUTER_BOUND ( 'NONE', #5013, .T. ) ;
#5022 = CARTESIAN_POINT ( 'NONE',  ( 0.4000000000000010769, 13.63511657567311097, 9.299999999999997158 ) ) ;
#5023 = AXIS2_PLACEMENT_3D ( 'NONE', #5431, #3042, #6038 ) ;
#5024 = CARTESIAN_POINT ( 'NONE',  ( 0.2975370306784376750, 14.07053475032091505, 9.307176061396811306 ) ) ;
#5025 = CIRCLE ( 'NONE', #4834, 10.11096886307259801 ) ;
#5026 = CARTESIAN_POINT ( 'NONE',  ( -2.196254888196528920, 7.461752052668261470, -9.771197686741627919 ) ) ;
#5027 = STYLED_ITEM ( 'NONE', ( #3113 ), #5660 ) ;
#5028 = CARTESIAN_POINT ( 'NONE',  ( -9.594348621771736418, 14.11625251784901103, -3.651248252280669959 ) ) ;
#5029 = CARTESIAN_POINT ( 'NONE',  ( 5.403813370157147133, 18.50562960635319598, 7.947180406887193627 ) ) ;
#5030 = ORIENTED_EDGE ( 'NONE', *, *, #1819, .T. ) ;
#5031 = DIRECTION ( 'NONE',  ( 0.000000000000000000, 1.000000000000000000, 0.000000000000000000 ) ) ;
#5032 = CARTESIAN_POINT ( 'NONE',  ( 1.830935678614141526, 5.290167164123100285, -9.772024256875134540 ) ) ;
#5033 = ORIENTED_EDGE ( 'NONE', *, *, #1156, .T. ) ;
#5034 = CARTESIAN_POINT ( 'NONE',  ( 0.9564621598761771093, 7.136646439231521200, 10.39622230731563235 ) ) ;
#5035 = EDGE_LOOP ( 'NONE', ( #5823, #4765, #6130, #76 ) ) ;
#5036 = VERTEX_POINT ( 'NONE', #5995 ) ;
#5037 = EDGE_CURVE ( 'NONE', #1284, #4519, #5543, .T. ) ;
#5038 = EDGE_CURVE ( 'NONE', #1298, #272, #4559, .T. ) ;
#5039 = ORIENTED_EDGE ( 'NONE', *, *, #2373, .F. ) ;
#5040 = CARTESIAN_POINT ( 'NONE',  ( -6.552036936478231155, 18.50826154181794436, -7.027018310254614875 ) ) ;
#5041 = CARTESIAN_POINT ( 'NONE',  ( 3.124432249740847212, 14.15254961774975229, -9.551256370361386416 ) ) ;
#5042 = CARTESIAN_POINT ( 'NONE',  ( 1.093838586743196725E-15, 2.600000000000046718, 8.863739773864104166 ) ) ;
#5043 = CIRCLE ( 'NONE', #4441, 0.1270000000000000295 ) ;
#5044 = DIRECTION ( 'NONE',  ( 0.000000000000000000, 0.9222735102544012964, 0.3865379312344709994 ) ) ;
#5045 = ORIENTED_EDGE ( 'NONE', *, *, #1674, .T. ) ;
#5046 = MECHANICAL_DESIGN_GEOMETRIC_PRESENTATION_REPRESENTATION (  '', ( #728 ), #2063 ) ;
#5047 = VERTEX_POINT ( 'NONE', #163 ) ;
#5048 = EDGE_CURVE ( 'NONE', #3741, #1866, #2769, .T. ) ;
#5049 = FILL_AREA_STYLE_COLOUR ( '', #789 ) ;
#5050 = CARTESIAN_POINT ( 'NONE',  ( 1.372297472981480970, 8.689057259217280560, -9.480191179615069075 ) ) ;
#5051 = CARTESIAN_POINT ( 'NONE',  ( -0.5668045474280228868, 2.470524854897260258, 11.72171521812144235 ) ) ;
#5052 = CARTESIAN_POINT ( 'NONE',  ( -2.377776894334761248, 4.042299445143137326, -9.889768751186943874 ) ) ;
#5053 = CARTESIAN_POINT ( 'NONE',  ( -9.625148510126894763, 4.447877920907766125, 1.618125705294849892 ) ) ;
#5054 = CARTESIAN_POINT ( 'NONE',  ( 7.562479975576125391, 3.705665997290843450, 7.284153802536326161 ) ) ;
#5055 = CARTESIAN_POINT ( 'NONE',  ( -12.50000000000000000, -4.293440603042597559E-14, 1.530808498934191521E-15 ) ) ;
#5056 = CARTESIAN_POINT ( 'NONE',  ( 0.2516673738456662868, 14.06086258318681104, 9.369694470091676664 ) ) ;
#5057 = CARTESIAN_POINT ( 'NONE',  ( -2.278413819709732557, 7.792738121286934216, -9.775173066054163584 ) ) ;
#5058 = AXIS2_PLACEMENT_3D ( 'NONE', #2345, #899, #418 ) ;
#5059 = STYLED_ITEM ( 'NONE', ( #5311 ), #209 ) ;
#5060 = CARTESIAN_POINT ( 'NONE',  ( 7.957019844075689186, 2.932525357713702263, -5.633418081180193937 ) ) ;
#5061 = CARTESIAN_POINT ( 'NONE',  ( 0.2843199267295686838, 14.79914403505584097, 0.1467475857033183062 ) ) ;
#5062 = ORIENTED_EDGE ( 'NONE', *, *, #884, .T. ) ;
#5063 = CARTESIAN_POINT ( 'NONE',  ( -0.2999999999999993783, 14.89891484826749313, 0.2000000000000014544 ) ) ;
#5064 = CARTESIAN_POINT ( 'NONE',  ( 9.985209306684199149, 4.274516321209465453, 0.2892875452979817852 ) ) ;
#5065 = AXIS2_PLACEMENT_3D ( 'NONE', #2611, #5482, #4994 ) ;
#5066 = CARTESIAN_POINT ( 'NONE',  ( -0.2706424042452892920, 14.79925037871117333, 0.1285756178755027568 ) ) ;
#5067 = ORIENTED_EDGE ( 'NONE', *, *, #3956, .F. ) ;
#5068 = CARTESIAN_POINT ( 'NONE',  ( -0.5556731930363210115, 4.719695594064715394, -9.508894046428105540 ) ) ;
#5069 = B_SPLINE_CURVE_WITH_KNOTS ( 'NONE', 3,
 ( #5671, #3734, #2700, #4642 ),
 .UNSPECIFIED., .F., .F.,
 ( 4, 4 ),
 ( 0.001104184918957991758, 0.01124490182513522042 ),
 .UNSPECIFIED. ) ;
#5070 = VERTEX_POINT ( 'NONE', #266 ) ;
#5071 = CARTESIAN_POINT ( 'NONE',  ( -5.568353289562994135, 17.85362922301009903, -8.643428203704242918 ) ) ;
#5072 = CARTESIAN_POINT ( 'NONE',  ( -6.809473697130995262, 14.13480499331583040, 7.533387281880406405 ) ) ;
#5073 = ORIENTED_EDGE ( 'NONE', *, *, #3872, .F. ) ;
#5074 = CARTESIAN_POINT ( 'NONE',  ( -9.082997677555745497, 3.852387264736685246, 4.968856377826641690 ) ) ;
#5075 = CARTESIAN_POINT ( 'NONE',  ( 9.348798911878285267, 18.63506591532964407, 1.550738941471454968 ) ) ;
#5076 = VERTEX_POINT ( 'NONE', #852 ) ;
#5077 = CARTESIAN_POINT ( 'NONE',  ( 9.082994352727054022, 3.852398569279971596, 4.968838901014368759 ) ) ;
#5078 = ADVANCED_FACE ( 'NONE', ( #5189 ), #1466, .T. ) ;
#5079 = EDGE_CURVE ( 'NONE', #5108, #1084, #8, .T. ) ;
#5080 = CIRCLE ( 'NONE', #1176, 0.09999999999999988065 ) ;
#5081 = ORIENTED_EDGE ( 'NONE', *, *, #5841, .T. ) ;
#5082 = FACE_OUTER_BOUND ( 'NONE', #250, .T. ) ;
#5083 = CARTESIAN_POINT ( 'NONE',  ( -3.566721360858144507, 14.14193358903626851, -9.460982511558816199 ) ) ;
#5084 = CARTESIAN_POINT ( 'NONE',  ( 5.587641747111112167, 14.15872610228003481, -8.308812058530735456 ) ) ;
#5085 = CIRCLE ( 'NONE', #6210, 0.1269999999999995299 ) ;
#5086 = CARTESIAN_POINT ( 'NONE',  ( 6.795879512146781209, 13.92087438191896709, 7.541555460265790600 ) ) ;
#5087 = EDGE_CURVE ( 'NONE', #2174, #3945, #5693, .T. ) ;
#5088 = CARTESIAN_POINT ( 'NONE',  ( 0.2999999999999992117, -45.00000000000000000, -5.718868602121329148E-17 ) ) ;
#5089 = EDGE_CURVE ( 'NONE', #2182, #836, #2301, .T. ) ;
#5090 = CLOSED_SHELL ( 'NONE', ( #6079, #2721, #6184, #4936, #1070, #2490, #5923, #792, #2253, #604, #5002, #2376, #3000, #5812, #4381, #607, #4273, #2455, #2560, #1586, #4693, #4546, #2089, #2639, #1483, #3599, #1473, #5078, #5358, #2805, #4582, #6339, #4425, #2385, #6177, #3278, #2641, #3147, #6021, #597, #2891, #4692, #3672, #3116, #488, #4628, #80, #2849, #1585, #919, #5564, #3708, #4352, #3947, #4492, #2684, #5984, #2880, #5913, #2729, #1911, #248, #3432, #1834, #5875, #3545, #369, #5730, #1266, #2569, #1108, #3995, #6101, #566, #5004, #2538, #5245, #4704, #3406, #4031, #4820, #5834, #5321, #1979, #805, #3469, #44, #5680, #1682, #1227, #3988, #4112, #252, #971, #5157, #5610, #5721, #2060, #3033, #4856, #1228, #161, #209, #3750, #1481, #1267, #2453, #4821, #3146, #42, #3637, #81, #2338, #2418, #4065, #3194, #4416, #793, #652, #1398, #2496, #3789, #847, #4965, #5640, #1942, #117, #1315, #500, #4785, #160, #1277, #4618, #920, #2673, #2674, #1867, #1110 ) ) ;
#5091 = CARTESIAN_POINT ( 'NONE',  ( 8.784329088580822287, 3.705665997290859437, 5.752005082013301518 ) ) ;
#5092 = DIRECTION ( 'NONE',  ( 1.000000000000000000, 1.715124499442883482E-15, 0.000000000000000000 ) ) ;
#5093 = CARTESIAN_POINT ( 'NONE',  ( 3.115218840250852494, 13.90487727697525955, -9.782435823201325320 ) ) ;
#5094 = CARTESIAN_POINT ( 'NONE',  ( 0.2899949834752092448, 14.06721467289529848, 9.328460964198182381 ) ) ;
#5095 = CARTESIAN_POINT ( 'NONE',  ( -1.782502211710740525, 5.520253148022217893, -9.579886763705591335 ) ) ;
#5096 = DIRECTION ( 'NONE',  ( -0.09331818492773612250, 0.000000000000000000, -0.9956363374052761284 ) ) ;
#5097 = APPLICATION_CONTEXT ( 'automotive_design' ) ;
#5098 = CARTESIAN_POINT ( 'NONE',  ( 3.117010305687027305, 13.90671125831865318, -9.765611675321414609 ) ) ;
#5099 = SURFACE_SIDE_STYLE ('',( #5621 ) ) ;
#5100 = CARTESIAN_POINT ( 'NONE',  ( 2.249999999999999112, 6.899999999983098320, -9.610655529582565748 ) ) ;
#5101 = CARTESIAN_POINT ( 'NONE',  ( 9.565245450167362051, 4.556990391301786403, 1.679268649540068825 ) ) ;
#5102 = CARTESIAN_POINT ( 'NONE',  ( -0.1996661101836380292, 14.79958333304300844, 0.09983305509181965298 ) ) ;
#5103 = CARTESIAN_POINT ( 'NONE',  ( 8.949195245362046691, 7.126431806483982889, 5.392492160414832369 ) ) ;
#5104 = ORIENTED_EDGE ( 'NONE', *, *, #2170, .F. ) ;
#5105 = CARTESIAN_POINT ( 'NONE',  ( 8.859759981209853308, 14.13480499331959628, 4.962409600750780747 ) ) ;
#5106 = CIRCLE ( 'NONE', #4391, 4.325449350717825325 ) ;
#5107 = CARTESIAN_POINT ( 'NONE',  ( 0.1870250979454460283, 4.655839545880843033, -9.515203679955760663 ) ) ;
#5108 = VERTEX_POINT ( 'NONE', #2808 ) ;
#5109 = CARTESIAN_POINT ( 'NONE',  ( -9.066814412398159106, 4.129887408079602196, 4.546122406155855167 ) ) ;
#5110 = B_SPLINE_CURVE_WITH_KNOTS ( 'NONE', 3,
 ( #4411, #1030, #6363, #1964, #3930, #3437 ),
 .UNSPECIFIED., .F., .F.,
 ( 4, 2, 4 ),
 ( 0.003549788788434433094, 0.004723165674709520548, 0.005896542560984608869 ),
 .UNSPECIFIED. ) ;
#5111 = CARTESIAN_POINT ( 'NONE',  ( 9.065027064398835321, 3.737513927902178512, 5.241061088314158845 ) ) ;
#5112 = EDGE_LOOP ( 'NONE', ( #1676, #785, #2135, #862 ) ) ;
#5113 = COLOUR_RGB ( '',1.000000000000000000, 1.000000000000000000, 1.000000000000000000 ) ;
#5114 = CARTESIAN_POINT ( 'NONE',  ( -0.5818910550498939127, 2.429453491401248666, 11.67410788922839160 ) ) ;
#5115 = ORIENTED_EDGE ( 'NONE', *, *, #6029, .F. ) ;
#5116 = AXIS2_PLACEMENT_3D ( 'NONE', #1549, #1521, #5501 ) ;
#5117 = CARTESIAN_POINT ( 'NONE',  ( -7.470550700185823345, 13.98186332372355878, 7.120831476533325599 ) ) ;
#5118 = CARTESIAN_POINT ( 'NONE',  ( -0.4000000000000016875, 14.21228081445955382, 9.352297037912574496 ) ) ;
#5119 = DIRECTION ( 'NONE',  ( 0.000000000000000000, 1.000000000000000000, 0.000000000000000000 ) ) ;
#5120 = DIRECTION ( 'NONE',  ( -0.000000000000000000, -1.000000000000000000, -0.000000000000000000 ) ) ;
#5121 = CARTESIAN_POINT ( 'NONE',  ( -3.652771575905980228, 3.756969513007422101, -9.843193332756866809 ) ) ;
#5122 = CARTESIAN_POINT ( 'NONE',  ( 9.787511243674771322, 13.99046237917912094, 0.2768423544601431585 ) ) ;
#5123 = EDGE_CURVE ( 'NONE', #4703, #2788, #3778, .T. ) ;
#5124 = EDGE_CURVE ( 'NONE', #6033, #4812, #5701, .T. ) ;
#5125 = CARTESIAN_POINT ( 'NONE',  ( 3.123010857463444534, 14.15065569502679388, -9.565452565283568021 ) ) ;
#5126 = CARTESIAN_POINT ( 'NONE',  ( 5.767506866425389234, 4.252722926601501641, 8.114847024503230699 ) ) ;
#5127 = CARTESIAN_POINT ( 'NONE',  ( -2.426713049367190234, 6.618889133480051257, -9.814161682372059659 ) ) ;
#5128 = CARTESIAN_POINT ( 'NONE',  ( -8.739448530820975947, 13.89826178181406213, 5.467118577549705094 ) ) ;
#5129 = EDGE_CURVE ( 'NONE', #79, #4114, #129, .T. ) ;
#5130 = ORIENTED_EDGE ( 'NONE', *, *, #1947, .F. ) ;
#5131 = CARTESIAN_POINT ( 'NONE',  ( 0.9792919325034217248, 14.27257337766003786, -9.460863058557153593 ) ) ;
#5132 = FILL_AREA_STYLE ('',( #3162 ) ) ;
#5133 = EDGE_LOOP ( 'NONE', ( #46, #307, #5819, #2280 ) ) ;
#5134 = CARTESIAN_POINT ( 'NONE',  ( -0.2846027844494261050, 14.79914549968228243, 0.1460260855234042088 ) ) ;
#5135 = CARTESIAN_POINT ( 'NONE',  ( -0.6755635598936801101, 4.750250897619838319, -9.512318239279883514 ) ) ;
#5136 = MECHANICAL_DESIGN_GEOMETRIC_PRESENTATION_REPRESENTATION (  '', ( #4732 ), #2468 ) ;
#5137 = CARTESIAN_POINT ( 'NONE',  ( 0.4139753466546259308, 2.232973971937425528, 11.96601374868577317 ) ) ;
#5138 = ORIENTED_EDGE ( 'NONE', *, *, #5293, .T. ) ;
#5139 = ORIENTED_EDGE ( 'NONE', *, *, #3674, .F. ) ;
#5140 = CARTESIAN_POINT ( 'NONE',  ( -6.777987737006899494, 2.805535893630167976, -7.182220597215563274 ) ) ;
#5141 = CARTESIAN_POINT ( 'NONE',  ( 6.748658946505846856, 14.16691473702655379, 7.330198014049598143 ) ) ;
#5142 = CARTESIAN_POINT ( 'NONE',  ( 10.44105038603619029, 3.737815694491678276, -0.7881986811224400702 ) ) ;
#5143 = CARTESIAN_POINT ( 'NONE',  ( -1.326920417910282257, 14.15242999204812513, 9.962028506638041847 ) ) ;
#5144 = CARTESIAN_POINT ( 'NONE',  ( 10.00850340074284972, 3.669383407414307463, -3.292887864936877573 ) ) ;
#5145 = ORIENTED_EDGE ( 'NONE', *, *, #5994, .T. ) ;
#5146 = CARTESIAN_POINT ( 'NONE',  ( 10.17091673541823127, 4.042299445532572477, -0.1174804840551132018 ) ) ;
#5147 = AXIS2_PLACEMENT_3D ( 'NONE', #4761, #1345, #2787 ) ;
#5148 = CARTESIAN_POINT ( 'NONE',  ( -0.4000438211007224520, 14.99852794842736614, 0.1478996666411526717 ) ) ;
#5149 = CARTESIAN_POINT ( 'NONE',  ( 10.46544109909169507, 3.669383407414306131, -1.228729573565876532 ) ) ;
#5150 = CARTESIAN_POINT ( 'NONE',  ( 2.823103349089887804, 3.852398569387887495, -9.960935393527449833 ) ) ;
#5151 =( GEOMETRIC_REPRESENTATION_CONTEXT ( 3 ) GLOBAL_UNCERTAINTY_ASSIGNED_CONTEXT ( ( #3426 ) ) GLOBAL_UNIT_ASSIGNED_CONTEXT ( ( #1908, #1461, #5012 ) ) REPRESENTATION_CONTEXT ( 'NONE', 'WORKASPACE' ) );
#5152 = CARTESIAN_POINT ( 'NONE',  ( 0.1999999999999997335, 14.15750163757763325, 9.500000000000000000 ) ) ;
#5153 = CARTESIAN_POINT ( 'NONE',  ( -5.173069169780138310, 14.14193358903625786, -8.687407364380623775 ) ) ;
#5154 = CARTESIAN_POINT ( 'NONE',  ( -0.1717757528480211571, 2.037042557896276751, 12.07345845597539835 ) ) ;
#5155 = CARTESIAN_POINT ( 'NONE',  ( -3.089424733885179908, 18.56084510324870962, 9.040238353342525457 ) ) ;
#5156 = CARTESIAN_POINT ( 'NONE',  ( -2.006109752451925576, 8.311161100154205172, -9.736084437137044745 ) ) ;
#5157 = ADVANCED_FACE ( 'NONE', ( #3875 ), #3285, .F. ) ;
#5158 = PRESENTATION_LAYER_ASSIGNMENT (  '', '', ( #1567 ) ) ;
#5159 = CARTESIAN_POINT ( 'NONE',  ( -3.944304526105059027E-28, 0.000000000000000000, 0.000000000000000000 ) ) ;
#5160 = FILL_AREA_STYLE_COLOUR ( '', #2324 ) ;
#5161 = CARTESIAN_POINT ( 'NONE',  ( 6.027592150641011060, 3.852387265455593734, -8.417749899147468184 ) ) ;
#5162 = CARTESIAN_POINT ( 'NONE',  ( -2.370467753367790920, 7.499784010065826401, -9.791798497162940151 ) ) ;
#5163 = CARTESIAN_POINT ( 'NONE',  ( 0.2994991652754604994, 14.07409618859462164, 9.284474123539228074 ) ) ;
#5164 = AXIS2_PLACEMENT_3D ( 'NONE', #4625, #5624, #726 ) ;
#5165 = CARTESIAN_POINT ( 'NONE',  ( 10.18225787116658587, 13.91281333087126626, -0.7367046864824148278 ) ) ;
#5166 = EDGE_CURVE ( 'NONE', #2185, #1210, #476, .T. ) ;
#5167 = CARTESIAN_POINT ( 'NONE',  ( -0.3000000000000013767, 14.17288230262237825, 9.299999999999997158 ) ) ;
#5168 = EDGE_LOOP ( 'NONE', ( #106, #1864, #5239, #142 ) ) ;
#5169 = CARTESIAN_POINT ( 'NONE',  ( -8.126118785895252827, 18.56084890816463684, -5.023608857969909636 ) ) ;
#5170 = AXIS2_PLACEMENT_3D ( 'NONE', #1168, #2549, #1622 ) ;
#5171 = CARTESIAN_POINT ( 'NONE',  ( -3.127317687875278196, 14.11625251776019674, -9.777679855925747177 ) ) ;
#5172 = CARTESIAN_POINT ( 'NONE',  ( -3.235585674589775529, 14.05996167763614579, 8.946395557892492079 ) ) ;
#5173 = ORIENTED_EDGE ( 'NONE', *, *, #5952, .F. ) ;
#5174 = CARTESIAN_POINT ( 'NONE',  ( 8.935939935864277928, 3.756869696481194065, 5.518836981898672889 ) ) ;
#5175 = CARTESIAN_POINT ( 'NONE',  ( 9.821631762484114958, 13.89599898141130652, -3.175193993723890884 ) ) ;
#5176 = ORIENTED_EDGE ( 'NONE', *, *, #4457, .F. ) ;
#5177 = CARTESIAN_POINT ( 'NONE',  ( -0.4356174122125852088, 3.087957396992087045, 11.07291508259959656 ) ) ;
#5178 = B_SPLINE_CURVE_WITH_KNOTS ( 'NONE', 3,
 ( #2913, #472, #2431, #6189, #1787, #3748 ),
 .UNSPECIFIED., .F., .F.,
 ( 4, 2, 4 ),
 ( 0.000000000000000000, 0.0001574981787594484080, 0.0003149963575188967618 ),
 .UNSPECIFIED. ) ;
#5179 = VERTEX_POINT ( 'NONE', #1998 ) ;
#5180 = FACE_OUTER_BOUND ( 'NONE', #3756, .T. ) ;
#5181 = CARTESIAN_POINT ( 'NONE',  ( 10.34174107173964607, 10.55532556793634313, -0.9848852275012420776 ) ) ;
#5182 = CARTESIAN_POINT ( 'NONE',  ( -0.3200998179974813285, 3.235174305406868456, 10.96592584817365790 ) ) ;
#5183 = CARTESIAN_POINT ( 'NONE',  ( -0.1999999999999979294, 14.89958263627552348, 0.000000000000000000 ) ) ;
#5184 = CARTESIAN_POINT ( 'NONE',  ( -10.28080984376363816, 13.98371707607565995, -0.9941149379223476190 ) ) ;
#5185 = CARTESIAN_POINT ( 'NONE',  ( 1.523264834716769878, 14.16691622602021994, 9.846607971602232112 ) ) ;
#5186 = DIRECTION ( 'NONE',  ( 0.9357147311680821256, -3.399072706478063964E-15, -0.3527576248290654748 ) ) ;
#5187 = DIRECTION ( 'NONE',  ( 0.9318119175057341108, 0.000000000000000000, -0.3629415247588608784 ) ) ;
#5188 = B_SPLINE_CURVE_WITH_KNOTS ( 'NONE', 3,
 ( #4198, #5622, #1661, #6157, #3549, #2650, #6034 ),
 .UNSPECIFIED., .F., .F.,
 ( 4, 3, 4 ),
 ( 6.290464704808232941E-05, 0.005562355922514992078, 0.01004541244050172200 ),
 .UNSPECIFIED. ) ;
#5189 = FACE_OUTER_BOUND ( 'NONE', #929, .T. ) ;
#5190 = CARTESIAN_POINT ( 'NONE',  ( -1.702110168328610840, 7.124177071763651448, 10.12943970047435016 ) ) ;
#5191 = ORIENTED_EDGE ( 'NONE', *, *, #489, .T. ) ;
#5192 = CARTESIAN_POINT ( 'NONE',  ( -8.542564296023611448, 14.14406121268563155, 5.386772897106817837 ) ) ;
#5193 = SURFACE_STYLE_USAGE ( .BOTH. , #5783 ) ;
#5194 = DIRECTION ( 'NONE',  ( 0.000000000000000000, 1.000000000000000000, 0.000000000000000000 ) ) ;
#5195 = ORIENTED_EDGE ( 'NONE', *, *, #960, .T. ) ;
#5196 = CARTESIAN_POINT ( 'NONE',  ( -0.2525846346440038803, 14.79935595953067740, 0.1150122936252346434 ) ) ;
#5197 = CARTESIAN_POINT ( 'NONE',  ( -9.416992082218856197, 14.15242999207715435, -3.510411640045215886 ) ) ;
#5198 = DIRECTION ( 'NONE',  ( 0.5305926953029032056, 0.000000000000000000, -0.8476269177481330352 ) ) ;
#5199 = CARTESIAN_POINT ( 'NONE',  ( 0.2036739747583299620, 4.517744219424000285, -9.705868409785614048 ) ) ;
#5200 = EDGE_CURVE ( 'NONE', #6129, #3925, #6312, .T. ) ;
#5201 = CARTESIAN_POINT ( 'NONE',  ( -2.866317708478584692, 3.939973367754329825, -9.921747470053974283 ) ) ;
#5202 = DIRECTION ( 'NONE',  ( -0.9914389053891256021, 0.000000000000000000, -0.1305714244419977632 ) ) ;
#5203 = EDGE_CURVE ( 'NONE', #5108, #2282, #1401, .T. ) ;
#5204 = CARTESIAN_POINT ( 'NONE',  ( 9.266441298878927313, 2.859991808191833407, 3.255131603644463745 ) ) ;
#5205 = ORIENTED_EDGE ( 'NONE', *, *, #1433, .F. ) ;
#5206 = CARTESIAN_POINT ( 'NONE',  ( 0.06551172086036176345, 3.284933582911109262, 10.90001893017499945 ) ) ;
#5207 = CIRCLE ( 'NONE', #3251, 10.53628258987628641 ) ;
#5208 = VERTEX_POINT ( 'NONE', #5899 ) ;
#5209 = CARTESIAN_POINT ( 'NONE',  ( 10.18652261917457658, 10.93265123278209749, -0.6038910220229810610 ) ) ;
#5210 = CARTESIAN_POINT ( 'NONE',  ( 0.2618591808788514608, 2.915305823716027867, 11.00440232024488729 ) ) ;
#5211 = STYLED_ITEM ( 'NONE', ( #4706 ), #2490 ) ;
#5212 = CARTESIAN_POINT ( 'NONE',  ( 10.46356476506166366, 3.697164847803527277, -0.9661386964295323176 ) ) ;
#5213 = CARTESIAN_POINT ( 'NONE',  ( -0.1321496825644618844, 3.293632959308417707, 10.91139319514641493 ) ) ;
#5214 = EDGE_CURVE ( 'NONE', #1379, #2106, #452, .T. ) ;
#5215 = CARTESIAN_POINT ( 'NONE',  ( -9.152128609174507545, 4.340668482139777851, 3.832875942303120453 ) ) ;
#5216 = CARTESIAN_POINT ( 'NONE',  ( -10.31514178258248116, 3.695303822355787027, -0.5860354343367102370 ) ) ;
#5217 = CIRCLE ( 'NONE', #4916, 60.00000000000000000 ) ;
#5218 = CARTESIAN_POINT ( 'NONE',  ( -2.165353154068439636E-14, 3.669383407413531639, 0.000000000000000000 ) ) ;
#5219 = CARTESIAN_POINT ( 'NONE',  ( 7.485755261200929489, 3.669383407414553488, 7.416110970911949707 ) ) ;
#5220 = CARTESIAN_POINT ( 'NONE',  ( 5.530190870522995183, 14.15048065424074686, -8.407727195782332075 ) ) ;
#5221 = STYLED_ITEM ( 'NONE', ( #1806 ), #1267 ) ;
#5222 = CARTESIAN_POINT ( 'NONE',  ( -0.4000000000000013545, 14.22254638226896795, 9.299999999999997158 ) ) ;
#5223 = ORIENTED_EDGE ( 'NONE', *, *, #1782, .F. ) ;
#5224 = CARTESIAN_POINT ( 'NONE',  ( -6.837283168713504722, 9.409385675762436563, 7.611122109593432050 ) ) ;
#5225 = CARTESIAN_POINT ( 'NONE',  ( -1.341061783615688396, 10.55532556798649502, 10.30160961194215474 ) ) ;
#5226 =( BOUNDED_SURFACE ( )  B_SPLINE_SURFACE ( 3, 2, ( 
 ( #1597, #5365, #2434 ),
 ( #3921, #5881, #5911 ),
 ( #5516, #1695, #2585 ),
 ( #3066, #6123, #237 ) ),
 .UNSPECIFIED., .F., .F., .T. ) 
 B_SPLINE_SURFACE_WITH_KNOTS ( ( 4, 4 ),
 ( 3, 3 ),
 ( 0.02740473856350311710, 0.03769293693253920191 ),
 ( 0.000000000000000000, 1.000000000000000000 ),
 .UNSPECIFIED. ) 
 GEOMETRIC_REPRESENTATION_ITEM ( )  RATIONAL_B_SPLINE_SURFACE ( (
 ( 1.000000000000000000, 0.9685181932809323602, 1.000000000000000000),
 ( 1.000000000000000000, 0.9683949016322263015, 1.000000000000000000),
 ( 1.000000000000000000, 0.9682683432544035851, 1.000000000000000000),
 ( 1.000000000000000000, 0.9681383263682848961, 1.000000000000000000) ) ) 
 REPRESENTATION_ITEM ( '' )  SURFACE ( )  );
#5227 = EDGE_LOOP ( 'NONE', ( #2942, #4050, #3690, #5627 ) ) ;
#5228 = MECHANICAL_DESIGN_GEOMETRIC_PRESENTATION_REPRESENTATION (  '', ( #3573 ), #504 ) ;
#5229 = CARTESIAN_POINT ( 'NONE',  ( -8.492993838547393537, 14.14193358903613706, 5.487596964340987427 ) ) ;
#5230 = B_SPLINE_CURVE_WITH_KNOTS ( 'NONE', 3,
 ( #4645, #746, #2258, #5574, #1685, #714 ),
 .UNSPECIFIED., .F., .F.,
 ( 4, 2, 4 ),
 ( 0.000000000000000000, 0.0001954345450367271761, 0.0003908690900734543522 ),
 .UNSPECIFIED. ) ;
#5231 = FILL_AREA_STYLE_COLOUR ( '', #636 ) ;
#5232 = CARTESIAN_POINT ( 'NONE',  ( -2.280832212562057482, 7.786130243373150073, -9.775581295439504714 ) ) ;
#5233 = CARTESIAN_POINT ( 'NONE',  ( 3.285892762015125701, 17.85361724131589156, -9.742603451600615472 ) ) ;
#5234 = CARTESIAN_POINT ( 'NONE',  ( 7.468651828362239620, 14.10646180264009075, 7.119671420403911988 ) ) ;
#5235 = ORIENTED_EDGE ( 'NONE', *, *, #3227, .F. ) ;
#5236 = CARTESIAN_POINT ( 'NONE',  ( -0.5411055080212449075, 2.339537975490088240, 11.75923894226961863 ) ) ;
#5237 = CARTESIAN_POINT ( 'NONE',  ( -3.394622713023898175, 14.10648931882058399, -9.747429565161196408 ) ) ;
#5238 = CARTESIAN_POINT ( 'NONE',  ( -9.417403259732386900, 12.42676282784047714, -3.860873639966215354 ) ) ;
#5239 = ORIENTED_EDGE ( 'NONE', *, *, #333, .T. ) ;
#5240 = CARTESIAN_POINT ( 'NONE',  ( -9.544254391232753321, 3.939973369391874147, -3.945130941957057491 ) ) ;
#5241 = CARTESIAN_POINT ( 'NONE',  ( -10.40922066690138514, 3.756969513007232031, -1.370883029121127805 ) ) ;
#5242 = ORIENTED_EDGE ( 'NONE', *, *, #1708, .F. ) ;
#5243 = AXIS2_PLACEMENT_3D ( 'NONE', #5088, #3150, #7 ) ;
#5244 = CARTESIAN_POINT ( 'NONE',  ( -9.082997677555750826, 3.852387264736691463, 4.968856377826645243 ) ) ;
#5245 = ADVANCED_FACE ( 'NONE', ( #527 ), #2831, .F. ) ;
#5246 = ORIENTED_EDGE ( 'NONE', *, *, #2207, .F. ) ;
#5247 = DIRECTION ( 'NONE',  ( 1.000000000000000000, 1.715124499442883482E-15, 0.000000000000000000 ) ) ;
#5248 = CARTESIAN_POINT ( 'NONE',  ( 0.5226006703210597237, 2.303555227067283440, 11.80318134218733128 ) ) ;
#5249 = CARTESIAN_POINT ( 'NONE',  ( 0.2949766957959591429, 3.199538841535848555, 10.97463195805242187 ) ) ;
#5250 = CARTESIAN_POINT ( 'NONE',  ( -0.3783419889758057875, 14.89912542336926649, 0.09552566425200312294 ) ) ;
#5251 =( NAMED_UNIT ( * ) PLANE_ANGLE_UNIT ( ) SI_UNIT ( $, .RADIAN. ) );
#5252 = EDGE_CURVE ( 'NONE', #1866, #254, #4665, .T. ) ;
#5253 = CARTESIAN_POINT ( 'NONE',  ( -3.365608388986880861, 4.413260040666356687, 9.207552898779560735 ) ) ;
#5254 = CARTESIAN_POINT ( 'NONE',  ( 0.1869526563381094519, 4.649939058956063853, -9.517876078768113146 ) ) ;
#5255 = CARTESIAN_POINT ( 'NONE',  ( 0.2962658029583190578, 9.135257514936627743, -9.417692865303610716 ) ) ;
#5256 = CARTESIAN_POINT ( 'NONE',  ( 9.213551614914777588, 4.042931880818244395, -4.308137051896443026 ) ) ;
#5257 = DIRECTION ( 'NONE',  ( 1.598721155460225418E-14, 0.000000000000000000, -1.000000000000000000 ) ) ;
#5258 = AXIS2_PLACEMENT_3D ( 'NONE', #6164, #3723, #5695 ) ;
#5259 = CARTESIAN_POINT ( 'NONE',  ( -3.526702485251044905, 3.669383407414260390, -9.929632588569958784 ) ) ;
#5260 = B_SPLINE_CURVE_WITH_KNOTS ( 'NONE', 3,
 ( #1162, #1651, #1952, #681, #1684, #3572, #3642, #5053, #4578, #3425, #6352, #4062 ),
 .UNSPECIFIED., .F., .F.,
 ( 4, 2, 2, 2, 2, 4 ),
 ( 0.000000000000000000, 0.001313681929293963749, 0.002627363858587928799, 0.003284204823234910999, 0.003941045787881894066, 0.005254727717175857599 ),
 .UNSPECIFIED. ) ;
#5261 = CARTESIAN_POINT ( 'NONE',  ( 3.652781633774368153, 3.756969513007430983, -9.843189600314341092 ) ) ;
#5262 =( BOUNDED_SURFACE ( )  B_SPLINE_SURFACE ( 3, 2, ( 
 ( #5973, #1985, #3070 ),
 ( #3953, #1566, #4560 ),
 ( #3523, #5490, #5429 ),
 ( #75, #4977, #2015 ) ),
 .UNSPECIFIED., .F., .F., .F. ) 
 B_SPLINE_SURFACE_WITH_KNOTS ( ( 4, 4 ),
 ( 3, 3 ),
 ( -6.911788849595090767E-19, 0.0001562173486765802558 ),
 ( 0.000000000000000000, 1.000000000000000000 ),
 .UNSPECIFIED. ) 
 GEOMETRIC_REPRESENTATION_ITEM ( )  RATIONAL_B_SPLINE_SURFACE ( (
 ( 1.000000000000000000, 0.7076967744316075004, 1.000000000000000000),
 ( 1.000000000000000000, 0.7070827011302469600, 1.000000000000000000),
 ( 1.000000000000000000, 0.7059535664737858207, 1.000000000000000000),
 ( 1.000000000000000000, 0.7053338403743956153, 1.000000000000000000) ) ) 
 REPRESENTATION_ITEM ( '' )  SURFACE ( )  );
#5263 = CARTESIAN_POINT ( 'NONE',  ( -0.3905466475604243426, 2.173790938581112719, 11.96338641848857343 ) ) ;
#5264 = DIRECTION ( 'NONE',  ( -3.430248998885766964E-15, 1.000000000000000000, 0.000000000000000000 ) ) ;
#5265 = ORIENTED_EDGE ( 'NONE', *, *, #3585, .F. ) ;
#5266 = CARTESIAN_POINT ( 'NONE',  ( 1.624380018421546668, 5.078341843384485799, -9.757390663289500665 ) ) ;
#5267 = DIRECTION ( 'NONE',  ( 0.8647271780037313338, 0.000000000000000000, -0.5022418815886456889 ) ) ;
#5268 = CARTESIAN_POINT ( 'NONE',  ( -10.13337744111114702, 13.92087586574929681, -0.6111389737622880958 ) ) ;
#5269 = CARTESIAN_POINT ( 'NONE',  ( -2.154462560849832009, 4.034081444650444936, 9.943222137783273240 ) ) ;
#5270 = ORIENTED_EDGE ( 'NONE', *, *, #118, .T. ) ;
#5271 = CARTESIAN_POINT ( 'NONE',  ( -5.840249803039204934, 13.92087586572965741, -8.303632425037056564 ) ) ;
#5272 = CARTESIAN_POINT ( 'NONE',  ( 0.3000000000000009881, 14.07409494961848928, 9.284473928813575583 ) ) ;
#5273 = SURFACE_STYLE_FILL_AREA ( #1347 ) ;
#5274 = VERTEX_POINT ( 'NONE', #616 ) ;
#5275 = DIRECTION ( 'NONE',  ( 0.000000000000000000, 0.000000000000000000, -1.000000000000000000 ) ) ;
#5276 = CIRCLE ( 'NONE', #3629, 0.2540000000000007807 ) ;
#5277 = EDGE_LOOP ( 'NONE', ( #1104, #6125, #3525, #6192 ) ) ;
#5278 = CARTESIAN_POINT ( 'NONE',  ( -10.48480526725528250, 3.669383407414083642, -1.081697110177941346 ) ) ;
#5279 = CARTESIAN_POINT ( 'NONE',  ( 0.3304020247807977761, 2.113933881398176506, 11.80429006280605897 ) ) ;
#5280 = CARTESIAN_POINT ( 'NONE',  ( -0.1999999999999979294, 14.94964553690038400, 0.000000000000000000 ) ) ;
#5281 = CARTESIAN_POINT ( 'NONE',  ( 0.5825421505023092861, 2.430888911823891441, 11.67274886757659758 ) ) ;
#5282 = CARTESIAN_POINT ( 'NONE',  ( -7.588619478371954052, 3.669383407413508102, 7.309316330972378317 ) ) ;
#5283 = CARTESIAN_POINT ( 'NONE',  ( -5.993255222289641360, 4.232223357068934710, 7.985462797898315479 ) ) ;
#5284 = DIRECTION ( 'NONE',  ( -0.000000000000000000, -0.000000000000000000, 1.000000000000000000 ) ) ;
#5285 = CARTESIAN_POINT ( 'NONE',  ( -2.020657922664974127, 7.900576060609574292, -9.561807729576925041 ) ) ;
#5286 = EDGE_CURVE ( 'NONE', #2982, #37, #1889, .T. ) ;
#5287 = CARTESIAN_POINT ( 'NONE',  ( 7.893606164518836898, 4.491428936626994606, -5.667148363481584461 ) ) ;
#5288 = EDGE_CURVE ( 'NONE', #706, #1284, #2598, .T. ) ;
#5289 = DIRECTION ( 'NONE',  ( -0.000000000000000000, 0.000000000000000000, 1.000000000000000000 ) ) ;
#5290 = CARTESIAN_POINT ( 'NONE',  ( -3.384644866362020554, 3.685834350306552931, -9.961472026240858924 ) ) ;
#5291 = CARTESIAN_POINT ( 'NONE',  ( 0.4000000000000017431, 14.21234151678297408, 9.351987797990139129 ) ) ;
#5292 = CARTESIAN_POINT ( 'NONE',  ( -0.4000000000008899215, 14.17288230262236581, 9.300000000000416378 ) ) ;
#5293 = EDGE_CURVE ( 'NONE', #4122, #1563, #1166, .T. ) ;
#5294 = EDGE_LOOP ( 'NONE', ( #2433, #4460, #1151, #470, #3324, #5787 ) ) ;
#5295 = FACE_OUTER_BOUND ( 'NONE', #2011, .T. ) ;
#5296 = AXIS2_PLACEMENT_3D ( 'NONE', #216, #3559, #2626 ) ;
#5297 = B_SPLINE_CURVE_WITH_KNOTS ( 'NONE', 3,
 ( #5449, #6315, #4428, #3390, #5353, #949, #2427, #4393, #1530, #3913, #3480, #5387, #3448, #2941, #4911, #503 ),
 .UNSPECIFIED., .F., .F.,
 ( 4, 2, 2, 2, 2, 2, 2, 4 ),
 ( 0.003686128689099732025, 0.003924767916137215581, 0.004163407143174699572, 0.004402046370212183563, 0.004640685597249666686, 0.005117964051324635534, 0.005356603278362119525, 0.005595242505399603515 ),
 .UNSPECIFIED. ) ;
#5298 = CARTESIAN_POINT ( 'NONE',  ( -9.082513682947579881, 14.02536218351873387, 3.051443538630276731 ) ) ;
#5299 =( BOUNDED_SURFACE ( )  B_SPLINE_SURFACE ( 3, 2, ( 
 ( #49, #1902, #3438 ),
 ( #6305, #458, #5858 ),
 ( #3866, #2863, #1453 ),
 ( #4833, #5828, #519 ) ),
 .UNSPECIFIED., .F., .F., .F. ) 
 B_SPLINE_SURFACE_WITH_KNOTS ( ( 4, 4 ),
 ( 3, 3 ),
 ( 5.421010862427522170E-20, 0.0006708533595977653110 ),
 ( 0.000000000000000000, 1.000000000000000000 ),
 .UNSPECIFIED. ) 
 GEOMETRIC_REPRESENTATION_ITEM ( )  RATIONAL_B_SPLINE_SURFACE ( (
 ( 1.000000000000000000, 0.7639881485810942063, 1.000000000000000000),
 ( 1.000000000000000000, 0.7681424318356296910, 1.000000000000000000),
 ( 1.000000000000000000, 0.7702057175178319559, 1.000000000000000000),
 ( 1.000000000000000000, 0.7699653562337728241, 1.000000000000000000) ) ) 
 REPRESENTATION_ITEM ( '' )  SURFACE ( )  );
#5300 = CARTESIAN_POINT ( 'NONE',  ( -6.432691083047028080, 4.042580926041683398, 7.878869033574953384 ) ) ;
#5301 = ORIENTED_EDGE ( 'NONE', *, *, #4226, .F. ) ;
#5302 = CARTESIAN_POINT ( 'NONE',  ( 0.000000000000000000, -45.00000000000000000, 9.384307178631042134 ) ) ;
#5303 = CARTESIAN_POINT ( 'NONE',  ( 8.973536400484261932, 7.547373101004984264, 4.982472897518977817 ) ) ;
#5304 = DIRECTION ( 'NONE',  ( 0.7071067811865511255, -0.7071067811865440200, 0.000000000000000000 ) ) ;
#5305 = ORIENTED_EDGE ( 'NONE', *, *, #5803, .T. ) ;
#5306 = CARTESIAN_POINT ( 'NONE',  ( -9.544254391232753321, 3.939973369391874147, -3.945130941957057491 ) ) ;
#5307 = ORIENTED_EDGE ( 'NONE', *, *, #127, .F. ) ;
#5308 = CARTESIAN_POINT ( 'NONE',  ( -10.22664949251440092, 13.89599898141194245, -1.400695374760454692 ) ) ;
#5309 = CARTESIAN_POINT ( 'NONE',  ( 0.5943176945169758030, 2.464857342770295112, 11.60657295765758157 ) ) ;
#5310 = CARTESIAN_POINT ( 'NONE',  ( 0.5308857862386291426, 3.039005751268093025, 11.15408280948881448 ) ) ;
#5311 = PRESENTATION_STYLE_ASSIGNMENT (( #5948 ) ) ;
#5312 = CARTESIAN_POINT ( 'NONE',  ( -7.368901916741328328, 3.756869696480141574, 7.483840505489339989 ) ) ;
#5313 = CARTESIAN_POINT ( 'NONE',  ( -1.778348075403694439, 3.852387265922303961, 10.19940481656209030 ) ) ;
#5314 = DIRECTION ( 'NONE',  ( 1.000000000000000000, 3.441691376337973837E-15, 0.000000000000000000 ) ) ;
#5315 = CARTESIAN_POINT ( 'NONE',  ( -0.6098074582578819625, 2.523444145033377328, 11.53553193442010461 ) ) ;
#5316 = FACE_OUTER_BOUND ( 'NONE', #2217, .T. ) ;
#5317 = CIRCLE ( 'NONE', #6026, 0.05000000000000067585 ) ;
#5318 = CARTESIAN_POINT ( 'NONE',  ( 8.381369227370573327, 4.445072330728793375, -5.109331011087599350 ) ) ;
#5319 = CARTESIAN_POINT ( 'NONE',  ( -3.648998603767213744, 7.136646439224458405, -9.781669964482182067 ) ) ;
#5320 = CARTESIAN_POINT ( 'NONE',  ( -3.096751000045303570, 3.749418215857810210, -9.988149920306534923 ) ) ;
#5321 = ADVANCED_FACE ( 'NONE', ( #3606 ), #3912, .F. ) ;
#5322 = EDGE_CURVE ( 'NONE', #4686, #995, #943, .T. ) ;
#5323 = FACE_OUTER_BOUND ( 'NONE', #1767, .T. ) ;
#5324 = CIRCLE ( 'NONE', #5746, 0.2540000000000001146 ) ;
#5325 = CARTESIAN_POINT ( 'NONE',  ( -0.5933803435895063094, 2.582323720905569608, 11.32548209641464787 ) ) ;
#5326 = FACE_OUTER_BOUND ( 'NONE', #6301, .T. ) ;
#5327 = CARTESIAN_POINT ( 'NONE',  ( 7.053900428844171344, 13.90470501649434354, 7.461173389409485601 ) ) ;
#5328 = EDGE_CURVE ( 'NONE', #4209, #3590, #6219, .T. ) ;
#5329 = CARTESIAN_POINT ( 'NONE',  ( -0.2610171398061392201, 2.079973015078864229, 12.12304863692911105 ) ) ;
#5330 = ORIENTED_EDGE ( 'NONE', *, *, #5402, .T. ) ;
#5331 = CARTESIAN_POINT ( 'NONE',  ( -0.1094674223764110360, 2.986740696976756482, 10.93575612513282991 ) ) ;
#5332 = ORIENTED_EDGE ( 'NONE', *, *, #5554, .F. ) ;
#5333 = CARTESIAN_POINT ( 'NONE',  ( 9.116242044783737342, 4.284880635116024905, 4.079281061735456682 ) ) ;
#5334 = CARTESIAN_POINT ( 'NONE',  ( 3.392034516141849476, 3.756869696480827248, -9.939954024617263073 ) ) ;
#5335 = VERTEX_POINT ( 'NONE', #2763 ) ;
#5336 = CARTESIAN_POINT ( 'NONE',  ( 9.749363499837572888, 3.737636420535908943, -3.819771370520741449 ) ) ;
#5337 = B_SPLINE_CURVE_WITH_KNOTS ( 'NONE', 3,
 ( #2618, #4654, #1205, #1236, #3684, #3190 ),
 .UNSPECIFIED., .F., .F.,
 ( 4, 2, 4 ),
 ( 0.000000000000000000, 0.002909774465078278794, 0.005819548930156556721 ),
 .UNSPECIFIED. ) ;
#5338 = DIRECTION ( 'NONE',  ( 0.000000000000000000, 0.000000000000000000, -1.000000000000000000 ) ) ;
#5339 = CARTESIAN_POINT ( 'NONE',  ( 0.3201043739848359881, 3.235178261248933929, 10.96592195905661704 ) ) ;
#5340 = CARTESIAN_POINT ( 'NONE',  ( -1.722421871009086169, 3.939973368869750914, 10.18283422933576254 ) ) ;
#5341 = MECHANICAL_DESIGN_GEOMETRIC_PRESENTATION_REPRESENTATION (  '', ( #1121 ), #3284 ) ;
#5342 = AXIS2_PLACEMENT_3D ( 'NONE', #5159, #2707, #3159 ) ;
#5343 = DIRECTION ( 'NONE',  ( 0.09331920223509847234, 0.000000000000000000, -0.9956362420554026871 ) ) ;
#5344 = AXIS2_PLACEMENT_3D ( 'NONE', #2317, #3309, #1898 ) ;
#5345 = CARTESIAN_POINT ( 'NONE',  ( -2.500589122783644314, 4.287181428284394968, 9.666943944429503333 ) ) ;
#5346 = CARTESIAN_POINT ( 'NONE',  ( -10.13346671118635456, 4.072199286104173588, -7.246900701234712617E-13 ) ) ;
#5347 = CARTESIAN_POINT ( 'NONE',  ( -9.648756995657741697, 3.794958672811568956, -3.911472424995754871 ) ) ;
#5348 = SURFACE_STYLE_FILL_AREA ( #944 ) ;
#5349 = CARTESIAN_POINT ( 'NONE',  ( 1.778359665876806162, 3.852398570021291491, 10.19939132102191870 ) ) ;
#5350 = CARTESIAN_POINT ( 'NONE',  ( -0.4000000000023484770, 14.27231322796844104, 9.307815126050877907 ) ) ;
#5351 = CARTESIAN_POINT ( 'NONE',  ( 6.934170172678038011E-16, 14.27183313937444886, -9.319323811208251485 ) ) ;
#5352 =( GEOMETRIC_REPRESENTATION_CONTEXT ( 3 ) GLOBAL_UNCERTAINTY_ASSIGNED_CONTEXT ( ( #5957 ) ) GLOBAL_UNIT_ASSIGNED_CONTEXT ( ( #4215, #5669, #4155 ) ) REPRESENTATION_CONTEXT ( 'NONE', 'WORKASPACE' ) );
#5353 = CARTESIAN_POINT ( 'NONE',  ( 0.1100151100062973925, 1.999832618941100648, 11.92269037291414691 ) ) ;
#5354 = CARTESIAN_POINT ( 'NONE',  ( -0.4041553100997674064, 14.06529483562372462, 9.337098270255395960 ) ) ;
#5355 = ORIENTED_EDGE ( 'NONE', *, *, #3267, .F. ) ;
#5356 = CARTESIAN_POINT ( 'NONE',  ( 1.690462081612315481, 5.408994773002005374, -9.756773223965499398 ) ) ;
#5357 = EDGE_CURVE ( 'NONE', #2273, #2245, #1576, .T. ) ;
#5358 = ADVANCED_FACE ( 'NONE', ( #1293 ), #654, .T. ) ;
#5359 = DIRECTION ( 'NONE',  ( 1.000000000000000000, 0.000000000000000000, 1.906289534040448719E-16 ) ) ;
#5360 = TOROIDAL_SURFACE ( 'NONE', #2578, 10.06816576155202370, 0.2540000000000000036 ) ;
#5361 = CARTESIAN_POINT ( 'NONE',  ( 0.06940251098639872718, 2.035098926190391122, 12.17055833809539500 ) ) ;
#5362 = PRODUCT_DEFINITION_SHAPE ( 'NONE', 'NONE',  #1189 ) ;
#5363 = CARTESIAN_POINT ( 'NONE',  ( 8.381123912554198085, 4.445140644765522175, -5.109599908558745796 ) ) ;
#5364 = VERTEX_POINT ( 'NONE', #260 ) ;
#5365 = CARTESIAN_POINT ( 'NONE',  ( -9.008154230424501918, 3.697164847799336407, 5.410431492392212327 ) ) ;
#5366 = CARTESIAN_POINT ( 'NONE',  ( 5.418252608937918602, 3.756969513007445194, -8.992982477327148061 ) ) ;
#5367 =( LENGTH_UNIT ( ) NAMED_UNIT ( * ) SI_UNIT ( .MILLI., .METRE. ) );
#5368 = EDGE_CURVE ( 'NONE', #1635, #5364, #5707, .T. ) ;
#5369 = ORIENTED_EDGE ( 'NONE', *, *, #3793, .F. ) ;
#5370 = EDGE_CURVE ( 'NONE', #4750, #211, #6194, .T. ) ;
#5371 = CARTESIAN_POINT ( 'NONE',  ( 9.731663322778247860, 3.825112817742001514, -3.773382162292264308 ) ) ;
#5372 = EDGE_LOOP ( 'NONE', ( #5588, #3881, #4653, #4663 ) ) ;
#5373 = CARTESIAN_POINT ( 'NONE',  ( 0.2533332368708582361, 14.18389420638284903, 9.500000000000000000 ) ) ;
#5374 = FILL_AREA_STYLE_COLOUR ( '', #2379 ) ;
#5375 = ORIENTED_EDGE ( 'NONE', *, *, #86, .T. ) ;
#5376 = DIRECTION ( 'NONE',  ( 0.000000000000000000, 0.000000000000000000, -1.000000000000000000 ) ) ;
#5377 = CIRCLE ( 'NONE', #748, 0.2540000000000000591 ) ;
#5378 =( GEOMETRIC_REPRESENTATION_CONTEXT ( 3 ) GLOBAL_UNCERTAINTY_ASSIGNED_CONTEXT ( ( #4267 ) ) GLOBAL_UNIT_ASSIGNED_CONTEXT ( ( #5956, #3443, #2901 ) ) REPRESENTATION_CONTEXT ( 'NONE', 'WORKASPACE' ) );
#5379 = B_SPLINE_CURVE_WITH_KNOTS ( 'NONE', 3,
 ( #2295, #2330, #2361, #3252, #815, #778 ),
 .UNSPECIFIED., .F., .F.,
 ( 4, 2, 4 ),
 ( 0.000000000000000000, 0.0003404253017477592604, 0.0006808506034955185207 ),
 .UNSPECIFIED. ) ;
#5380 = CARTESIAN_POINT ( 'NONE',  ( -5.995479517836947103, 4.197188863521646773, 8.027201724539244410 ) ) ;
#5381 = SURFACE_STYLE_USAGE ( .BOTH. , #4415 ) ;
#5382 = CARTESIAN_POINT ( 'NONE',  ( -9.580214467993322103, 13.90659367278671255, -3.649520165628524548 ) ) ;
#5383 = CARTESIAN_POINT ( 'NONE',  ( -5.644697277988059980, 14.16691622594741951, -8.210567395228762777 ) ) ;
#5384 = CARTESIAN_POINT ( 'NONE',  ( 1.918868093892771132, 4.197188862460769165, -9.833599922412012972 ) ) ;
#5385 = SURFACE_SIDE_STYLE ('',( #557 ) ) ;
#5386 = CARTESIAN_POINT ( 'NONE',  ( -7.318479740795224231, 14.14193358903613706, 6.976499525808711688 ) ) ;
#5387 = CARTESIAN_POINT ( 'NONE',  ( 0.4633361619283114519, 2.673149937676682519, 11.24013499620177292 ) ) ;
#5388 = CARTESIAN_POINT ( 'NONE',  ( -0.3863738160895312523, 14.05674865446375321, 9.391804763472203277 ) ) ;
#5389 = ORIENTED_EDGE ( 'NONE', *, *, #3350, .F. ) ;
#5390 = CARTESIAN_POINT ( 'NONE',  ( -1.272289558235443652, 8.775480598013386313, -9.665421877199191769 ) ) ;
#5391 =( NAMED_UNIT ( * ) PLANE_ANGLE_UNIT ( ) SI_UNIT ( $, .RADIAN. ) );
#5392 = CIRCLE ( 'NONE', #5906, 0.1270000000000003626 ) ;
#5393 = CARTESIAN_POINT ( 'NONE',  ( -0.3277031371022072759, 2.109909399620633064, 11.99692462417245764 ) ) ;
#5394 = CARTESIAN_POINT ( 'NONE',  ( 5.970014673274078199, 3.939973368405798482, -8.427085786542029666 ) ) ;
#5395 = EDGE_LOOP ( 'NONE', ( #2370, #3099, #2723, #2048 ) ) ;
#5396 =( NAMED_UNIT ( * ) PLANE_ANGLE_UNIT ( ) SI_UNIT ( $, .RADIAN. ) );
#5397 = AXIS2_PLACEMENT_3D ( 'NONE', #3673, #745, #1993 ) ;
#5398 = CARTESIAN_POINT ( 'NONE',  ( -5.723231647187902560, 7.126431806449445183, -8.741377851955620670 ) ) ;
#5399 = ORIENTED_EDGE ( 'NONE', *, *, #3802, .T. ) ;
#5400 = ORIENTED_EDGE ( 'NONE', *, *, #2756, .T. ) ;
#5401 = EDGE_CURVE ( 'NONE', #1019, #575, #5069, .T. ) ;
#5402 = EDGE_CURVE ( 'NONE', #3555, #3133, #239, .T. ) ;
#5403 = CARTESIAN_POINT ( 'NONE',  ( -0.2637234747430873272, 2.066769541931224641, 11.85312027624119935 ) ) ;
#5404 = CARTESIAN_POINT ( 'NONE',  ( 1.213198726354018930, 4.357257231311816525, -9.776110701519874269 ) ) ;
#5405 = CARTESIAN_POINT ( 'NONE',  ( -10.01403936191111299, 4.197188862518435037, 0.3174237746876457655 ) ) ;
#5406 = CARTESIAN_POINT ( 'NONE',  ( 9.973187614760711028, 3.756969513007457184, -3.281268652908367667 ) ) ;
#5407 = CARTESIAN_POINT ( 'NONE',  ( 0.1189697479173565803, 2.093623107159984897, 12.11159347523660301 ) ) ;
#5408 = DIRECTION ( 'NONE',  ( -0.5679411322161480591, 0.000000000000000000, -0.8230691771273176416 ) ) ;
#5409 = CARTESIAN_POINT ( 'NONE',  ( -7.383595796157686131, 3.669383429050479428, 7.522174334369058357 ) ) ;
#5410 = CARTESIAN_POINT ( 'NONE',  ( -9.973184262161362668, 3.756969513007232031, -3.281278842883704527 ) ) ;
#5411 = SURFACE_SIDE_STYLE ('',( #5348 ) ) ;
#5412 = CARTESIAN_POINT ( 'NONE',  ( -7.378178832322977776, 13.89609647592502384, 7.219901007107228708 ) ) ;
#5413 = CARTESIAN_POINT ( 'NONE',  ( -2.180755411353144074E-14, 3.759185968624947360, 0.000000000000000000 ) ) ;
#5414 = DIRECTION ( 'NONE',  ( 3.430248998885766964E-15, -1.000000000000000000, -0.000000000000000000 ) ) ;
#5415 = AXIS2_PLACEMENT_3D ( 'NONE', #1273, #5264, #3223 ) ;
#5416 = CARTESIAN_POINT ( 'NONE',  ( 6.809616864227376887, 12.42676282747493310, 7.564585091750688939 ) ) ;
#5417 = CARTESIAN_POINT ( 'NONE',  ( 8.616534849599004176, 14.15254961774368780, 5.171450698009788738 ) ) ;
#5418 = AXIS2_PLACEMENT_3D ( 'NONE', #3787, #2371, #2852 ) ;
#5419 = CARTESIAN_POINT ( 'NONE',  ( 0.2001668056713903632, 14.99964524126809806, -0.05004170141784821529 ) ) ;
#5420 = EDGE_LOOP ( 'NONE', ( #3256, #820, #2499, #5491 ) ) ;
#5421 = CARTESIAN_POINT ( 'NONE',  ( 0.6620397318966456668, 9.054606417127811113, -9.631283217592617518 ) ) ;
#5422 = CARTESIAN_POINT ( 'NONE',  ( 3.652850457184895205, 3.695303782912275459, -9.844312160114569110 ) ) ;
#5423 = UNCERTAINTY_MEASURE_WITH_UNIT (LENGTH_MEASURE( 1.000000000000000082E-05 ), #2073, 'distance_accuracy_value', 'NONE');
#5424 = CARTESIAN_POINT ( 'NONE',  ( -0.4978730528462783633, 2.251400831556493287, 11.84947738953239060 ) ) ;
#5425 = CARTESIAN_POINT ( 'NONE',  ( 6.202677404705186248, 4.121999042959721749, -8.027520645692689527 ) ) ;
#5426 = VERTEX_POINT ( 'NONE', #2222 ) ;
#5427 = SURFACE_SIDE_STYLE ('',( #2979 ) ) ;
#5428 = CARTESIAN_POINT ( 'NONE',  ( -2.850717588750804943, 13.92087438190181281, -9.743328298661177556 ) ) ;
#5429 = CARTESIAN_POINT ( 'NONE',  ( 0.2994986022286182936, 14.79909879729895472, 0.1451177839373746503 ) ) ;
#5430 = ORIENTED_EDGE ( 'NONE', *, *, #540, .T. ) ;
#5431 = CARTESIAN_POINT ( 'NONE',  ( 2.847590489316508933, 3.942201130598580683, -10.04733493035214664 ) ) ;
#5432 = AXIS2_PLACEMENT_3D ( 'NONE', #399, #1877, #4321 ) ;
#5433 = VERTEX_POINT ( 'NONE', #358 ) ;
#5434 = FILL_AREA_STYLE_COLOUR ( '', #4189 ) ;
#5435 = CARTESIAN_POINT ( 'NONE',  ( 2.899868891159525841, 14.16691622593808297, -9.532407079374523917 ) ) ;
#5436 = CARTESIAN_POINT ( 'NONE',  ( 6.934170172678038011E-16, 14.27183313937444886, -9.319323811208251485 ) ) ;
#5437 = ORIENTED_EDGE ( 'NONE', *, *, #4502, .T. ) ;
#5438 = EDGE_CURVE ( 'NONE', #1645, #5558, #3461, .T. ) ;
#5439 = EDGE_CURVE ( 'NONE', #5335, #5788, #3387, .T. ) ;
#5440 = CARTESIAN_POINT ( 'NONE',  ( 0.4995911865245651895, 2.254903556621778993, 11.84589115519703739 ) ) ;
#5441 = CARTESIAN_POINT ( 'NONE',  ( 0.3051235613875448172, 14.15905565354214524, 9.477969524222867648 ) ) ;
#5442 = DIRECTION ( 'NONE',  ( 0.000000000000000000, -0.9878934923506881294, -0.1551336448716423289 ) ) ;
#5443 = CARTESIAN_POINT ( 'NONE',  ( 9.395020863502992370, 13.92087586582867864, -3.846090504979800428 ) ) ;
#5444 = FACE_OUTER_BOUND ( 'NONE', #4074, .T. ) ;
#5445 = TOROIDAL_SURFACE ( 'NONE', #6365, 10.06816576155300957, 0.2540000000000000036 ) ;
#5446 = EDGE_CURVE ( 'NONE', #2653, #481, #6300, .T. ) ;
#5447 = CARTESIAN_POINT ( 'NONE',  ( -2.165353154068628016E-14, 3.669383407414267495, 0.000000000000000000 ) ) ;
#5448 = FACE_OUTER_BOUND ( 'NONE', #5729, .T. ) ;
#5449 = CARTESIAN_POINT ( 'NONE',  ( -0.2637234747430871606, 2.066769541931217979, 11.85312027624119224 ) ) ;
#5450 = CARTESIAN_POINT ( 'NONE',  ( -0.3783388057076847999, 14.16470869542020061, 9.404471534788632070 ) ) ;
#5451 = EDGE_LOOP ( 'NONE', ( #897, #3892, #2205, #3253 ) ) ;
#5452 = CARTESIAN_POINT ( 'NONE',  ( 0.5402582198733690833, 9.088382392419841693, -9.424782250790178395 ) ) ;
#5453 = B_SPLINE_CURVE_WITH_KNOTS ( 'NONE', 3,
 ( #3092, #4481, #2032, #6147 ),
 .UNSPECIFIED., .F., .F.,
 ( 4, 4 ),
 ( 0.001104184918958029489, 0.01124490182513570961 ),
 .UNSPECIFIED. ) ;
#5454 = CARTESIAN_POINT ( 'NONE',  ( -2.866317708478580695, 3.939973367754325384, -9.921747470053977835 ) ) ;
#5455 = CIRCLE ( 'NONE', #938, 0.05000000000000053707 ) ;
#5456 = CARTESIAN_POINT ( 'NONE',  ( 1.841977914561693019, 2.393129754242109719, 10.12656179089623443 ) ) ;
#5457 = ORIENTED_EDGE ( 'NONE', *, *, #3987, .T. ) ;
#5458 = CARTESIAN_POINT ( 'NONE',  ( -9.497788614046399402, 18.56269555221559386, 1.011653850052086634 ) ) ;
#5459 = ORIENTED_EDGE ( 'NONE', *, *, #4466, .T. ) ;
#5460 = CARTESIAN_POINT ( 'NONE',  ( 2.250000000000000000, 7.051255154768703015, -3.807133661529273461 ) ) ;
#5461 = CIRCLE ( 'NONE', #1355, 0.05000000000000067585 ) ;
#5462 = ORIENTED_EDGE ( 'NONE', *, *, #5079, .F. ) ;
#5463 = FILL_AREA_STYLE ('',( #5434 ) ) ;
#5464 = CARTESIAN_POINT ( 'NONE',  ( 0.4874291251588239726, 4.455183903103879572, -9.741293789712782925 ) ) ;
#5465 = DIRECTION ( 'NONE',  ( -0.7071067811865462405, -0.7071067811865489050, 8.659560562354948882E-17 ) ) ;
#5466 =( BOUNDED_SURFACE ( )  B_SPLINE_SURFACE ( 3, 2, ( 
 ( #4790, #6187, #4756 ),
 ( #1305, #1338, #6284 ),
 ( #1786, #2780, #340 ),
 ( #374, #1438, #2305 ) ),
 .UNSPECIFIED., .F., .F., .T. ) 
 B_SPLINE_SURFACE_WITH_KNOTS ( ( 4, 4 ),
 ( 3, 3 ),
 ( 0.02756446068131029187, 0.03785265905060421904 ),
 ( 0.000000000000000000, 1.000000000000000000 ),
 .UNSPECIFIED. ) 
 GEOMETRIC_REPRESENTATION_ITEM ( )  RATIONAL_B_SPLINE_SURFACE ( (
 ( 1.000000000000000000, 0.9685181929848837301, 1.000000000000000000),
 ( 1.000000000000000000, 0.9683949013375784398, 1.000000000000000000),
 ( 1.000000000000000000, 0.9682683429622418458, 1.000000000000000000),
 ( 1.000000000000000000, 0.9681383260795911605, 1.000000000000000000) ) ) 
 REPRESENTATION_ITEM ( '' )  SURFACE ( )  );
#5467 = CARTESIAN_POINT ( 'NONE',  ( 0.000000000000000000, -45.00000000000000000, -0.04999999999999998196 ) ) ;
#5468 = CIRCLE ( 'NONE', #87, 0.1000000000000000056 ) ;
#5469 = CARTESIAN_POINT ( 'NONE',  ( -0.5879546903061140251, 2.374893314551431711, 11.81615383924876284 ) ) ;
#5470 = SURFACE_STYLE_FILL_AREA ( #646 ) ;
#5471 = CARTESIAN_POINT ( 'NONE',  ( 2.249999999999999112, 6.899999999983098320, -9.610655529582565748 ) ) ;
#5472 = CARTESIAN_POINT ( 'NONE',  ( -9.731370200211365784, 3.825291822416383880, -3.773651710795967951 ) ) ;
#5473 = AXIS2_PLACEMENT_3D ( 'NONE', #4830, #6237, #4315 ) ;
#5474 = CARTESIAN_POINT ( 'NONE',  ( 0.2441571905647275664, 4.505655870546514841, -9.700003470833626906 ) ) ;
#5475 = CARTESIAN_POINT ( 'NONE',  ( -2.850717588750804943, 13.92087438190181281, -9.743328298661177556 ) ) ;
#5476 = AXIS2_PLACEMENT_3D ( 'NONE', #2118, #5019, #3025 ) ;
#5477 = CARTESIAN_POINT ( 'NONE',  ( 0.2000000000001080913, 14.18411949163386687, 9.500000000000628830 ) ) ;
#5478 = EDGE_CURVE ( 'NONE', #3230, #637, #2476, .T. ) ;
#5479 = EDGE_CURVE ( 'NONE', #3887, #79, #3616, .T. ) ;
#5480 = CARTESIAN_POINT ( 'NONE',  ( -0.03328210079234846658, 3.070056491855571501, 10.89332692522147816 ) ) ;
#5481 = CARTESIAN_POINT ( 'NONE',  ( 1.238236565444040937E-15, 14.14193358903626674, 10.11096886307259801 ) ) ;
#5482 = DIRECTION ( 'NONE',  ( -0.9999942902657595889, -0.003379265582915479561, 7.091385025700102568E-15 ) ) ;
#5483 = ORIENTED_EDGE ( 'NONE', *, *, #758, .F. ) ;
#5484 = CARTESIAN_POINT ( 'NONE',  ( -0.5784061242687967841, 9.287402408689009903, -9.624531274764864364 ) ) ;
#5485 = CARTESIAN_POINT ( 'NONE',  ( -0.2999999999999992117, -45.00000000000000000, -5.718868602121330380E-17 ) ) ;
#5486 = EDGE_CURVE ( 'NONE', #1141, #916, #3540, .T. ) ;
#5487 = CARTESIAN_POINT ( 'NONE',  ( 8.003348141510823410, 14.05984037718676660, -5.144019752590009986 ) ) ;
#5488 = EDGE_LOOP ( 'NONE', ( #870, #6259, #3166, #4495 ) ) ;
#5489 = DIRECTION ( 'NONE',  ( -0.3244766957030864596, -0.6603128567247658065, 0.6772752802144675899 ) ) ;
#5490 = CARTESIAN_POINT ( 'NONE',  ( 0.3998155590759558953, 14.79877959755886963, 0.09024036455383710464 ) ) ;
#5491 = ORIENTED_EDGE ( 'NONE', *, *, #5599, .T. ) ;
#5492 = CARTESIAN_POINT ( 'NONE',  ( 2.176450471224026018, 7.489462813274066377, -3.840999358766921556 ) ) ;
#5493 = ORIENTED_EDGE ( 'NONE', *, *, #2265, .F. ) ;
#5494 = CARTESIAN_POINT ( 'NONE',  ( -2.180755411353146599E-14, 3.759185968624965124, 0.000000000000000000 ) ) ;
#5495 = CARTESIAN_POINT ( 'NONE',  ( -0.3999999999999993561, 14.94797744711658538, 0.2000000000000014266 ) ) ;
#5496 = CARTESIAN_POINT ( 'NONE',  ( -5.281103924575377917, 13.89599898141130296, -8.868835815001425260 ) ) ;
#5497 = B_SPLINE_CURVE_WITH_KNOTS ( 'NONE', 3,
 ( #3233, #2593, #4566, #1640, #5331, #1313, #382, #2751, #896, #4370, #348, #866, #313, #835, #3755, #3790 ),
 .UNSPECIFIED., .F., .F.,
 ( 4, 2, 2, 2, 2, 2, 2, 4 ),
 ( 0.001777284301049275638, 0.002015889849555583743, 0.002254495398061892066, 0.002493100946568200388, 0.002731706495074508710, 0.003208917592087121018, 0.003447523140593426738, 0.003686128689099732025 ),
 .UNSPECIFIED. ) ;
#5498 = SURFACE_SIDE_STYLE ('',( #1608 ) ) ;
#5499 = CARTESIAN_POINT ( 'NONE',  ( 0.05978772147745482074, 2.085080302071852909, 12.12057932817983286 ) ) ;
#5500 = SURFACE_STYLE_USAGE ( .BOTH. , #2114 ) ;
#5501 = DIRECTION ( 'NONE',  ( 1.000000000000000000, 0.000000000000000000, 0.000000000000000000 ) ) ;
#5502 = CARTESIAN_POINT ( 'NONE',  ( -0.2662271247560344944, 14.99942485534284664, -0.05004158721016459255 ) ) ;
#5503 = UNCERTAINTY_MEASURE_WITH_UNIT (LENGTH_MEASURE( 1.000000000000000082E-05 ), #4214, 'distance_accuracy_value', 'NONE');
#5504 = CARTESIAN_POINT ( 'NONE',  ( -0.4875201258085060108, 4.505686234354485897, -9.699993063918935121 ) ) ;
#5505 = CARTESIAN_POINT ( 'NONE',  ( -3.385336251145945052, 13.89826178181500893, -9.736880641684958704 ) ) ;
#5506 = CARTESIAN_POINT ( 'NONE',  ( 1.262362063916865340, 3.705625275241969607, 10.42774253206332524 ) ) ;
#5507 = CARTESIAN_POINT ( 'NONE',  ( 2.866509565691016448, 14.13480499333559415, -9.741867319881841070 ) ) ;
#5508 = CARTESIAN_POINT ( 'NONE',  ( 0.2613218734860045522, 14.06175604440159255, 9.363803316140394628 ) ) ;
#5509 = CARTESIAN_POINT ( 'NONE',  ( 0.2947671037101048941, 9.339808343048192185, -9.617305921780632261 ) ) ;
#5510 = EDGE_CURVE ( 'NONE', #1610, #1084, #3232, .T. ) ;
#5511 = EDGE_CURVE ( 'NONE', #3914, #2793, #3080, .T. ) ;
#5512 = CARTESIAN_POINT ( 'NONE',  ( -0.1999999999999997335, 14.15750163757763325, 9.400000000000000355 ) ) ;
#5513 = AXIS2_PLACEMENT_3D ( 'NONE', #111, #4052, #1451 ) ;
#5514 = CARTESIAN_POINT ( 'NONE',  ( -8.430105758845881425, 14.14193358903614595, 5.582562874228223393 ) ) ;
#5515 = ORIENTED_EDGE ( 'NONE', *, *, #1670, .T. ) ;
#5516 = CARTESIAN_POINT ( 'NONE',  ( -8.664660983244717229, 10.55301945944281172, 5.716496228535754121 ) ) ;
#5517 = CARTESIAN_POINT ( 'NONE',  ( 1.818125483384569030, 8.531561657991490577, -9.714056945477498317 ) ) ;
#5518 = FACE_OUTER_BOUND ( 'NONE', #3197, .T. ) ;
#5519 = ORIENTED_EDGE ( 'NONE', *, *, #2927, .F. ) ;
#5520 = CARTESIAN_POINT ( 'NONE',  ( -0.9832374858107352233, 3.669383407414261722, 10.49030480301819956 ) ) ;
#5521 = CIRCLE ( 'NONE', #1833, 4.500000000000000000 ) ;
#5522 = EDGE_CURVE ( 'NONE', #2072, #4526, #3911, .T. ) ;
#5523 = ORIENTED_EDGE ( 'NONE', *, *, #4066, .F. ) ;
#5524 = VERTEX_POINT ( 'NONE', #4897 ) ;
#5525 = CARTESIAN_POINT ( 'NONE',  ( 8.836882390679788202, 14.11644886962243639, 5.221875983398965637 ) ) ;
#5526 = AXIS2_PLACEMENT_3D ( 'NONE', #5167, #4691, #276 ) ;
#5527 = CARTESIAN_POINT ( 'NONE',  ( 2.853089466030082288, 12.42676558313707424, -9.770030716897498024 ) ) ;
#5528 = CARTESIAN_POINT ( 'NONE',  ( -9.259427723196447246, 4.449008464140724151, 3.110050002879258368 ) ) ;
#5529 = CARTESIAN_POINT ( 'NONE',  ( 6.196428927399264097, 4.129887408295348727, -8.029858097312470022 ) ) ;
#5530 = EDGE_LOOP ( 'NONE', ( #2779, #6065, #2818, #2175 ) ) ;
#5531 = AXIS2_PLACEMENT_3D ( 'NONE', #908, #2866, #6336 ) ;
#5532 = CARTESIAN_POINT ( 'NONE',  ( 3.988695748242424344, 4.505655870560450360, 8.845336980328735166 ) ) ;
#5533 = B_SPLINE_CURVE_WITH_KNOTS ( 'NONE', 3,
 ( #3408, #5373, #968, #2209, #178, #2176 ),
 .UNSPECIFIED., .F., .F.,
 ( 4, 2, 4 ),
 ( 0.000000000000000000, 0.0001590870427550841715, 0.0003181740855101683431 ),
 .UNSPECIFIED. ) ;
#5534 = CARTESIAN_POINT ( 'NONE',  ( 10.26871361023109586, 3.932066754223070060, -0.3603015621890417464 ) ) ;
#5535 = ORIENTED_EDGE ( 'NONE', *, *, #4190, .T. ) ;
#5536 = DIRECTION ( 'NONE',  ( -1.157479465258950123E-16, -0.003336207416594694827, 0.9999944348445513054 ) ) ;
#5537 = CARTESIAN_POINT ( 'NONE',  ( 9.235125918378367160, 4.320940749099814404, 3.530130854423881193 ) ) ;
#5538 = CARTESIAN_POINT ( 'NONE',  ( 6.027592150641011060, 3.852387265455593734, -8.417749899147468184 ) ) ;
#5539 = DIRECTION ( 'NONE',  ( 0.2469658542916620125, -0.9690241827807961617, 0.000000000000000000 ) ) ;
#5540 = CARTESIAN_POINT ( 'NONE',  ( -1.722421871015298978, 3.939973368873172621, 10.18283422933146731 ) ) ;
#5541 = DIRECTION ( 'NONE',  ( -0.000000000000000000, -1.000000000000000000, -0.000000000000000000 ) ) ;
#5542 = DIRECTION ( 'NONE',  ( -0.6760543230664047831, 0.000000000000000000, 0.7368517844609087097 ) ) ;
#5543 = B_SPLINE_CURVE_WITH_KNOTS ( 'NONE', 3,
 ( #4583, #5965, #132, #3542, #2096, #3613, #5056, #5508, #2160, #1655, #3577, #5094, #657, #5024, #6056, #562 ),
 .UNSPECIFIED., .F., .F.,
 ( 4, 3, 3, 3, 3, 4 ),
 ( 3.523657060577889411E-19, 2.091608850314676440E-05, 5.485488997744721404E-05, 8.920314420531017495E-05, 0.0001237557061516583300, 0.0001582955624360386077 ),
 .UNSPECIFIED. ) ;
#5544 = CARTESIAN_POINT ( 'NONE',  ( -6.986388826192651891, 4.486681183326104438, -6.835060839628567919 ) ) ;
#5545 = COLOUR_RGB ( '',1.000000000000000000, 1.000000000000000000, 1.000000000000000000 ) ;
#5546 = CARTESIAN_POINT ( 'NONE',  ( 3.665716400410761633, 3.669383407414286147, -9.878045053829701772 ) ) ;
#5547 = CARTESIAN_POINT ( 'NONE',  ( -5.369527392699699142, 14.14193359095462021, -8.570422854852839833 ) ) ;
#5548 = AXIS2_PLACEMENT_3D ( 'NONE', #1455, #4835, #1842 ) ;
#5549 = CARTESIAN_POINT ( 'NONE',  ( 8.510391728505030784, 2.805543146179218184, -5.009854555741452664 ) ) ;
#5550 = CARTESIAN_POINT ( 'NONE',  ( 3.099746167312959599, 18.56269692660241333, 9.034545148056331243 ) ) ;
#5551 = VERTEX_POINT ( 'NONE', #2864 ) ;
#5552 = DIRECTION ( 'NONE',  ( 0.000000000000000000, -0.9999944257241679679, -0.003338940040097517197 ) ) ;
#5553 = CARTESIAN_POINT ( 'NONE',  ( 0.000000000000000000, -45.00000000000000000, 9.500000000000000000 ) ) ;
#5554 = EDGE_CURVE ( 'NONE', #2208, #1563, #2936, .T. ) ;
#5555 = CARTESIAN_POINT ( 'NONE',  ( -9.442674037185243563, 14.05984037757932015, 1.162079044861563659 ) ) ;
#5556 = ORIENTED_EDGE ( 'NONE', *, *, #334, .F. ) ;
#5557 = CARTESIAN_POINT ( 'NONE',  ( 0.000000000000000000, 14.14193358903625963, 0.000000000000000000 ) ) ;
#5558 = VERTEX_POINT ( 'NONE', #4380 ) ;
#5559 = CARTESIAN_POINT ( 'NONE',  ( 9.343853436553693825, 14.15872707070787762, -3.598664672464674474 ) ) ;
#5560 = EDGE_CURVE ( 'NONE', #5915, #4106, #1960, .T. ) ;
#5561 = LINE ( 'NONE', #1671, #843 ) ;
#5562 = ORIENTED_EDGE ( 'NONE', *, *, #289, .T. ) ;
#5563 = CARTESIAN_POINT ( 'NONE',  ( 8.783579905614827155, 3.756969513007713868, 5.751514514756051355 ) ) ;
#5564 = ADVANCED_FACE ( 'NONE', ( #1965 ), #4735, .T. ) ;
#5565 =( GEOMETRIC_REPRESENTATION_CONTEXT ( 3 ) GLOBAL_UNCERTAINTY_ASSIGNED_CONTEXT ( ( #1067 ) ) GLOBAL_UNIT_ASSIGNED_CONTEXT ( ( #4975, #5396, #1054 ) ) REPRESENTATION_CONTEXT ( 'NONE', 'WORKASPACE' ) );
#5566 = CARTESIAN_POINT ( 'NONE',  ( 9.501042562230896493, 18.56083948868652556, 1.000323841387691370 ) ) ;
#5567 = ORIENTED_EDGE ( 'NONE', *, *, #5048, .F. ) ;
#5568 = CARTESIAN_POINT ( 'NONE',  ( 5.998829303745843333, 4.287181424419973297, 7.982280267055552159 ) ) ;
#5569 = EDGE_LOOP ( 'NONE', ( #629, #5880, #3631, #1950, #3071 ) ) ;
#5570 = CARTESIAN_POINT ( 'NONE',  ( -3.350815868473140835, 14.14406121268652861, -9.527054109859426134 ) ) ;
#5571 = CARTESIAN_POINT ( 'NONE',  ( -0.4457785367746039951, 3.115760391117289974, 11.08135730598520396 ) ) ;
#5572 = CARTESIAN_POINT ( 'NONE',  ( -5.437429816094954127, 3.669383407414260834, -9.024832841043185283 ) ) ;
#5573 =( LENGTH_UNIT ( ) NAMED_UNIT ( * ) SI_UNIT ( .MILLI., .METRE. ) );
#5574 = CARTESIAN_POINT ( 'NONE',  ( 0.4231866509921493602, 14.99850304939777601, 0.06930542006053527770 ) ) ;
#5575 = CARTESIAN_POINT ( 'NONE',  ( 0.2001984126985158763, 14.24283389589144377, 9.500000000000630607 ) ) ;
#5576 = CARTESIAN_POINT ( 'NONE',  ( -2.249999999999999112, 6.899999999999999467, -3.810199798879392752 ) ) ;
#5577 = DIRECTION ( 'NONE',  ( -0.8688136106864640107, 0.000000000000000000, -0.4951392833192990728 ) ) ;
#5578 = CARTESIAN_POINT ( 'NONE',  ( -1.385268034937572335, 8.935792436570194397, -9.670451792745673458 ) ) ;
#5579 = COLOUR_RGB ( '',1.000000000000000000, 1.000000000000000000, 1.000000000000000000 ) ;
#5580 = FACE_OUTER_BOUND ( 'NONE', #2438, .T. ) ;
#5581 = ORIENTED_EDGE ( 'NONE', *, *, #3538, .F. ) ;
#5582 = CARTESIAN_POINT ( 'NONE',  ( 2.899868891159534279, 14.16691622593809008, -9.532407079374523917 ) ) ;
#5583 = CARTESIAN_POINT ( 'NONE',  ( 0.000000000000000000, -45.00000000000000000, 0.09999999999999996392 ) ) ;
#5584 = ORIENTED_EDGE ( 'NONE', *, *, #5438, .F. ) ;
#5585 = CARTESIAN_POINT ( 'NONE',  ( -2.773356683616743368, 18.09553387221173537, -9.651566315364757287 ) ) ;
#5586 = ORIENTED_EDGE ( 'NONE', *, *, #1405, .T. ) ;
#5587 = CARTESIAN_POINT ( 'NONE',  ( -1.435204141346146933, 5.162757730577632209, -9.552922153943937289 ) ) ;
#5588 = ORIENTED_EDGE ( 'NONE', *, *, #4859, .F. ) ;
#5589 = VERTEX_POINT ( 'NONE', #3411 ) ;
#5590 = CARTESIAN_POINT ( 'NONE',  ( 10.31080423936761647, 3.939973368112489549, -0.5866566252628444555 ) ) ;
#5591 = CARTESIAN_POINT ( 'NONE',  ( -1.272661076213921882, 3.685834350414293414, 10.44351854424131076 ) ) ;
#5592 = ORIENTED_EDGE ( 'NONE', *, *, #2417, .F. ) ;
#5593 = CARTESIAN_POINT ( 'NONE',  ( -9.035172852691573553, 3.939973367684193928, 5.002249652786648682 ) ) ;
#5594 = CARTESIAN_POINT ( 'NONE',  ( 8.952090464358473554, 18.50825225010406783, 3.488302318069606223 ) ) ;
#5595 = ORIENTED_EDGE ( 'NONE', *, *, #3537, .T. ) ;
#5596 = CARTESIAN_POINT ( 'NONE',  ( 9.440972460523731513, 14.27269387308157889, 1.152127658059560966 ) ) ;
#5597 = EDGE_CURVE ( 'NONE', #102, #5070, #4213, .T. ) ;
#5598 = CIRCLE ( 'NONE', #4265, 0.1270000000000003626 ) ;
#5599 = EDGE_CURVE ( 'NONE', #3133, #1635, #618, .T. ) ;
#5600 = ORIENTED_EDGE ( 'NONE', *, *, #3187, .T. ) ;
#5601 = SURFACE_STYLE_FILL_AREA ( #2760 ) ;
#5602 = CARTESIAN_POINT ( 'NONE',  ( -6.889566659074823463, 3.695303822355139101, 7.699315474900209288 ) ) ;
#5603 = CARTESIAN_POINT ( 'NONE',  ( -5.418243420288388457, 3.756969513007399897, -8.992988013462351660 ) ) ;
#5604 = TOROIDAL_SURFACE ( 'NONE', #3648, 10.06816576155228837, 0.2540000000000000036 ) ;
#5605 = DIRECTION ( 'NONE',  ( -0.3619890277801367517, 0.07189609635635990648, 0.9294056676691339058 ) ) ;
#5606 = B_SPLINE_CURVE_WITH_KNOTS ( 'NONE', 3,
 ( #5428, #4371, #927, #3401, #4920, #1862 ),
 .UNSPECIFIED., .F., .F.,
 ( 4, 2, 4 ),
 ( 1.055939445946772131E-16, 0.002863003148387133559, 0.005726006296774162167 ),
 .UNSPECIFIED. ) ;
#5607 = B_SPLINE_CURVE_WITH_KNOTS ( 'NONE', 3,
 ( #3931, #3466, #936, #3377, #2987, #2384 ),
 .UNSPECIFIED., .F., .F.,
 ( 4, 2, 4 ),
 ( 0.000000000000000000, 0.0003404253013857944077, 0.0006808506027715888155 ),
 .UNSPECIFIED. ) ;
#5608 = CARTESIAN_POINT ( 'NONE',  ( -2.857804985442608192, 9.438539598749763115, -9.823455722031599890 ) ) ;
#5609 = B_SPLINE_CURVE_WITH_KNOTS ( 'NONE', 3,
 ( #3695, #5111, #2149, #4208 ),
 .UNSPECIFIED., .F., .F.,
 ( 4, 4 ),
 ( 0.000000000000000000, 0.0008791099585776828221 ),
 .UNSPECIFIED. ) ;
#5610 = ADVANCED_FACE ( 'NONE', ( #2387 ), #3950, .F. ) ;
#5611 = CARTESIAN_POINT ( 'NONE',  ( 9.037802054434539656, 3.886657979269821706, 4.980065780721718127 ) ) ;
#5612 = CARTESIAN_POINT ( 'NONE',  ( 9.938699609312063643, 14.16691473705594895, -0.7060103213211036399 ) ) ;
#5613 = CARTESIAN_POINT ( 'NONE',  ( -2.132037163031275551, 7.633815419314355921, -3.863330444003242548 ) ) ;
#5614 = CARTESIAN_POINT ( 'NONE',  ( 2.037714671357672369, 5.937947347995502057, -9.601424210304614348 ) ) ;
#5615 = CARTESIAN_POINT ( 'NONE',  ( -1.059634853304675328, 4.896519769578043579, -9.720449725073587288 ) ) ;
#5616 = B_SPLINE_CURVE_WITH_KNOTS ( 'NONE', 3,
 ( #3088, #5084, #154, #3178, #1613, #224 ),
 .UNSPECIFIED., .F., .F.,
 ( 4, 2, 4 ),
 ( 0.000000000000000000, 0.0003403815811892089613, 0.0006807631623784179227 ),
 .UNSPECIFIED. ) ;
#5617 = B_SPLINE_CURVE_WITH_KNOTS ( 'NONE', 3,
 ( #5261, #338, #4718, #6217 ),
 .UNSPECIFIED., .F., .F.,
 ( 4, 4 ),
 ( 5.131204752301560560E-05, 0.01019202896350818177 ),
 .UNSPECIFIED. ) ;
#5618 = DIRECTION ( 'NONE',  ( 0.2469658635716975303, 0.9690241804156827232, 0.000000000000000000 ) ) ;
#5619 = B_SPLINE_CURVE_WITH_KNOTS ( 'NONE', 3,
 ( #4398, #1441, #2497, #3885, #4853, #5818, #3485, #4367, #5361, #5847, #11, #5329, #6319, #3397, #4947, #1917 ),
 .UNSPECIFIED., .F., .F.,
 ( 4, 2, 2, 2, 2, 2, 2, 4 ),
 ( 0.000000000000000000, 0.0002025479658382321432, 0.0004050959316764642863, 0.0006076438975146964024, 0.0008101918633529285726, 0.001012739829191160743, 0.001215287795029392805, 0.001620383726705859964 ),
 .UNSPECIFIED. ) ;
#5620 = CARTESIAN_POINT ( 'NONE',  ( 5.504334664235956076, 14.10648931882453283, -8.731445836506235736 ) ) ;
#5621 = SURFACE_STYLE_FILL_AREA ( #754 ) ;
#5622 = CARTESIAN_POINT ( 'NONE',  ( -9.003854819290019407, 5.772828835987735552, 4.992224966152448040 ) ) ;
#5623 = DIRECTION ( 'NONE',  ( -0.9999944351542436882, -0.003336114588163179885, 0.000000000000000000 ) ) ;
#5624 = DIRECTION ( 'NONE',  ( 0.3244766957026889997, -0.6603128567248640612, 0.6772752802145621809 ) ) ;
#5625 = CARTESIAN_POINT ( 'NONE',  ( -8.843746706438299299, 13.90470501648414015, 5.216777146910288820 ) ) ;
#5626 = ORIENTED_EDGE ( 'NONE', *, *, #4264, .F. ) ;
#5627 = ORIENTED_EDGE ( 'NONE', *, *, #3587, .T. ) ;
#5628 = CARTESIAN_POINT ( 'NONE',  ( -9.082956854498103638, 2.592686458043373054, -4.411598231530276415 ) ) ;
#5629 = CIRCLE ( 'NONE', #6139, 0.04999999999999932276 ) ;
#5630 = CARTESIAN_POINT ( 'NONE',  ( 0.3790433951938681489, 4.680090333409996362, -9.672781264004159496 ) ) ;
#5631 = CARTESIAN_POINT ( 'NONE',  ( 10.44530779779436180, 3.756870353059463596, -1.096881751680698347 ) ) ;
#5632 = DIRECTION ( 'NONE',  ( 0.5521293705706531441, 2.087722199754100301E-16, 0.8337584531225182838 ) ) ;
#5633 = CARTESIAN_POINT ( 'NONE',  ( 6.720089623632305553, 13.91644146463980825, 7.299166842456787485 ) ) ;
#5634 = ORIENTED_EDGE ( 'NONE', *, *, #4299, .F. ) ;
#5635 = AXIS2_PLACEMENT_3D ( 'NONE', #3322, #5284, #4838 ) ;
#5636 = DIRECTION ( 'NONE',  ( 1.000000000000000000, 1.715124499442883482E-15, 0.000000000000000000 ) ) ;
#5637 =( NAMED_UNIT ( * ) SI_UNIT ( $, .STERADIAN. ) SOLID_ANGLE_UNIT ( ) );
#5638 = FILL_AREA_STYLE ('',( #710 ) ) ;
#5639 = CARTESIAN_POINT ( 'NONE',  ( -0.6044893809645419669, 2.749491695653003998, 11.44031225940867103 ) ) ;
#5640 = ADVANCED_FACE ( 'NONE', ( #4089 ), #5768, .T. ) ;
#5641 = CARTESIAN_POINT ( 'NONE',  ( 0.7360564855179575483, 4.768725419952818179, -4.403192940682183476 ) ) ;
#5642 = CARTESIAN_POINT ( 'NONE',  ( 0.2529097500840347679, 14.15741219879367740, 9.500000000000438760 ) ) ;
#5643 = CARTESIAN_POINT ( 'NONE',  ( 9.973187614760711028, 3.756969513007457184, -3.281268652908367667 ) ) ;
#5644 = CARTESIAN_POINT ( 'NONE',  ( -1.134733268630742531, 8.848297479004610722, -4.243622285878196010 ) ) ;
#5645 = EDGE_CURVE ( 'NONE', #2036, #1924, #6367, .T. ) ;
#5646 = CARTESIAN_POINT ( 'NONE',  ( -4.355859553253502270, 18.65366667702519266, 8.394402696463288294 ) ) ;
#5647 = CARTESIAN_POINT ( 'NONE',  ( -2.266722485589025116, 6.914418041878656496, -9.788877358717352095 ) ) ;
#5648 = CARTESIAN_POINT ( 'NONE',  ( -1.271135707741128398E-14, 13.89599898141124967, 0.000000000000000000 ) ) ;
#5649 = CARTESIAN_POINT ( 'NONE',  ( 10.35771488489103298, 3.882853097105458673, -0.7040454486425401504 ) ) ;
#5650 = CIRCLE ( 'NONE', #3386, 0.05000000000000052319 ) ;
#5651 = CARTESIAN_POINT ( 'NONE',  ( 0.9682493496699496882, 14.05984037741904480, -9.464513399647470848 ) ) ;
#5652 = CARTESIAN_POINT ( 'NONE',  ( -1.513566531101561141, 4.983500751988240829, -9.750018392409192103 ) ) ;
#5653 = CARTESIAN_POINT ( 'NONE',  ( -1.400816869105134366, 2.802927024381809407, -9.778198761533886341 ) ) ;
#5654 = DIRECTION ( 'NONE',  ( -3.430248998885766964E-15, 1.000000000000000000, 0.000000000000000000 ) ) ;
#5655 = CIRCLE ( 'NONE', #1953, 10.49910449380226929 ) ;
#5656 = CARTESIAN_POINT ( 'NONE',  ( -8.606160703922107302, 13.89599898141082335, 5.699149525490039281 ) ) ;
#5657 = ORIENTED_EDGE ( 'NONE', *, *, #50, .F. ) ;
#5658 = CARTESIAN_POINT ( 'NONE',  ( -7.779736453939617213, 2.950862222754038644, -5.845660613802323269 ) ) ;
#5659 = CARTESIAN_POINT ( 'NONE',  ( -3.566721360858161827, 14.14193358903626319, -9.460982511558858832 ) ) ;
#5660 = MANIFOLD_SOLID_BREP ( 'Cut-Revolve1', #5090 ) ;
#5661 = CARTESIAN_POINT ( 'NONE',  ( 10.48471973524917367, 3.669383428085362553, -1.082344087230688423 ) ) ;
#5662 = CARTESIAN_POINT ( 'NONE',  ( -9.026504782200904131, 3.882853096802747483, 5.128367094234389967 ) ) ;
#5663 = DIRECTION ( 'NONE',  ( 0.9523391678851065301, 0.07189808226415041192, 0.2964469178093110391 ) ) ;
#5664 = ORIENTED_EDGE ( 'NONE', *, *, #1663, .F. ) ;
#5665 = CARTESIAN_POINT ( 'NONE',  ( 10.30355830754412771, 3.886646805964701912, -0.5655421202686963245 ) ) ;
#5666 = ORIENTED_EDGE ( 'NONE', *, *, #4066, .T. ) ;
#5667 = DIRECTION ( 'NONE',  ( -0.000000000000000000, -1.000000000000000000, -0.000000000000000000 ) ) ;
#5668 = CIRCLE ( 'NONE', #5258, 59.23381893493603201 ) ;
#5669 =( NAMED_UNIT ( * ) PLANE_ANGLE_UNIT ( ) SI_UNIT ( $, .RADIAN. ) );
#5670 = CARTESIAN_POINT ( 'NONE',  ( 0.4190164374231753475, 3.164080283750040579, 11.03373685925744496 ) ) ;
#5671 = CARTESIAN_POINT ( 'NONE',  ( 5.281114559806020736, 13.89599898141095125, -8.868829482057716262 ) ) ;
#5672 = AXIS2_PLACEMENT_3D ( 'NONE', #1949, #2004, #2971 ) ;
#5673 = CARTESIAN_POINT ( 'NONE',  ( 9.065046230060248789, 3.737636420150801442, 5.240770824002724204 ) ) ;
#5674 = CARTESIAN_POINT ( 'NONE',  ( -0.3999999999999993561, 13.63511657567311097, 0.2000000000000014266 ) ) ;
#5675 = CARTESIAN_POINT ( 'NONE',  ( 7.279796130519327058, 4.505686234350245734, -6.429005336057548092 ) ) ;
#5676 = CARTESIAN_POINT ( 'NONE',  ( -6.266345839189177092, 2.594189182480402867, 7.916506276607953474 ) ) ;
#5677 = CARTESIAN_POINT ( 'NONE',  ( -5.281103924576094677, 13.89599898141108447, -8.868835815000657874 ) ) ;
#5678 =( BOUNDED_SURFACE ( )  B_SPLINE_SURFACE ( 3, 2, ( 
 ( #1855, #6221, #893 ),
 ( #3817, #2398, #2335 ),
 ( #3882, #3393, #3747 ),
 ( #3264, #5719, #4298 ),
 ( #4269, #917, #5266 ),
 ( #6254, #5356, #1817 ),
 ( #5816, #2845, #3783 ),
 ( #3362, #5785, #5845 ),
 ( #1373, #1888, #952 ),
 ( #4850, #3853, #4365 ),
 ( #4818, #859, #2368 ),
 ( #4331, #2269, #4721 ),
 ( #1407, #6317, #1916 ),
 ( #826, #3946, #564 ),
 ( #3974, #3915, #4431 ),
 ( #1976, #4486, #4007 ),
 ( #1050, #5905, #98 ),
 ( #4946, #1503, #1533 ),
 ( #2430, #2495, #2037 ),
 ( #2067, #2465, #2974 ),
 ( #2943, #5873, #3451 ),
 ( #4038, #2550, #2523 ),
 ( #5996, #538, #1471 ),
 ( #3483, #2007, #6 ),
 ( #6351, #4913, #984 ),
 ( #4456, #5421, #35 ),
 ( #5452, #1020, #4515 ),
 ( #1590, #3543, #5509 ),
 ( #5967, #5937, #2911 ),
 ( #68, #4880, #3424 ),
 ( #4970, #3004, #507 ),
 ( #1559, #3515, #5484 ),
 ( #1075, #3032, #471 ),
 ( #4995, #590, #4396 ),
 ( #1951, #5390, #5578 ),
 ( #1690, #4617, #1132 ),
 ( #1232, #1749, #5156 ),
 ( #2196, #751, #5057 ),
 ( #2161, #5026, #232 ),
 ( #3614, #5647, #6119 ),
 ( #2706, #4070, #5127 ),
 ( #133, #3124, #625 ),
 ( #4165, #1200, #2672 ),
 ( #4682, #1718, #2097 ),
 ( #719, #6057, #3061 ),
 ( #5095, #3096, #658 ),
 ( #2612, #4584, #164 ),
 ( #1656, #267, #2127 ),
 ( #6025, #4098, #3647 ),
 ( #4195, #5615, #1169 ),
 ( #687, #3185, #2644 ),
 ( #2227, #6089, #4134 ) ),
 .UNSPECIFIED., .F., .F., .F. ) 
 B_SPLINE_SURFACE_WITH_KNOTS ( ( 4, 2, 2, 2, 2, 2, 2, 2, 2, 2, 2, 2, 2, 2, 2, 2, 2, 2, 2, 2, 2, 2, 2, 2, 2, 4 ),
 ( 3, 3 ),
 ( 0.01265502560884511699, 0.01353718208447708335, 0.01397826032229306653, 0.01441933856010904798, 0.01486041679792502943, 0.01530149503574101261, 0.01618365151137297897, 0.01662472974918896215, 0.01706580798700494533, 0.01750688622482092505, 0.01794796446263690823, 0.01838904270045289141, 0.01883012093826887112, 0.01927119917608485430, 0.01971227741390083749, 0.02015335565171682067, 0.02059443388953280385, 0.02147659036516477021, 0.02235874684079673658, 0.02324090331642869947, 0.02412305979206066237, 0.02456413802987664555, 0.02500521626769262873, 0.02544629450550861191, 0.02588737274332459509, 0.02676952921895656146 ),
 ( 0.000000000000000000, 1.000000000000000000 ),
 .UNSPECIFIED. ) 
 GEOMETRIC_REPRESENTATION_ITEM ( )  RATIONAL_B_SPLINE_SURFACE ( (
 ( 1.000000000000000000, 0.7157108626052757216, 1.000000000000000000),
 ( 1.000000000000000000, 0.7180560432139496685, 1.000000000000000000),
 ( 1.000000000000000000, 0.7219242887685823895, 1.000000000000000000),
 ( 1.000000000000000000, 0.7285566636506137783, 1.000000000000000000),
 ( 1.000000000000000000, 0.7309317998686764017, 1.000000000000000000),
 ( 1.000000000000000000, 0.7354851429303170818, 1.000000000000000000),
 ( 1.000000000000000000, 0.7377190762398606605, 1.000000000000000000),
 ( 1.000000000000000000, 0.7418545830399374541, 1.000000000000000000),
 ( 1.000000000000000000, 0.7437303815162724652, 1.000000000000000000),
 ( 1.000000000000000000, 0.7467971105962286638, 1.000000000000000000),
 ( 1.000000000000000000, 0.7480079865530012695, 1.000000000000000000),
 ( 1.000000000000000000, 0.7504197585908449764, 1.000000000000000000),
 ( 1.000000000000000000, 0.7502912202875104963, 1.000000000000000000),
 ( 1.000000000000000000, 0.7473377776804402961, 1.000000000000000000),
 ( 1.000000000000000000, 0.7459243724709044843, 1.000000000000000000),
 ( 1.000000000000000000, 0.7423616338254589442, 1.000000000000000000),
 ( 1.000000000000000000, 0.7401884872060235931, 1.000000000000000000),
 ( 1.000000000000000000, 0.7353428907154806460, 1.000000000000000000),
 ( 1.000000000000000000, 0.7326970687869345245, 1.000000000000000000),
 ( 1.000000000000000000, 0.7271868856396401792, 1.000000000000000000),
 ( 1.000000000000000000, 0.7243004737621997480, 1.000000000000000000),
 ( 1.000000000000000000, 0.7186756331752760518, 1.000000000000000000),
 ( 1.000000000000000000, 0.7159699988496990297, 1.000000000000000000),
 ( 1.000000000000000000, 0.7109888529868808593, 1.000000000000000000),
 ( 1.000000000000000000, 0.7087004265877654419, 1.000000000000000000),
 ( 1.000000000000000000, 0.7049377405679484454, 1.000000000000000000),
 ( 1.000000000000000000, 0.7034630889465336434, 1.000000000000000000),
 ( 1.000000000000000000, 0.7014405830422705268, 1.000000000000000000),
 ( 1.000000000000000000, 0.7009115367964813270, 1.000000000000000000),
 ( 1.000000000000000000, 0.7009070068548228782, 1.000000000000000000),
 ( 1.000000000000000000, 0.7014163924792788940, 1.000000000000000000),
 ( 1.000000000000000000, 0.7034253109484505107, 1.000000000000000000),
 ( 1.000000000000000000, 0.7049225507864431695, 1.000000000000000000),
 ( 1.000000000000000000, 0.7105363349184790067, 1.000000000000000000),
 ( 1.000000000000000000, 0.7158612639989346826, 1.000000000000000000),
 ( 1.000000000000000000, 0.7270405291539424608, 1.000000000000000000),
 ( 1.000000000000000000, 0.7329180870769557155, 1.000000000000000000),
 ( 1.000000000000000000, 0.7425394866579083653, 1.000000000000000000),
 ( 1.000000000000000000, 0.7463520498729181440, 1.000000000000000000),
 ( 1.000000000000000000, 0.7502916159403909546, 1.000000000000000000),
 ( 1.000000000000000000, 0.7504211648929800527, 1.000000000000000000),
 ( 1.000000000000000000, 0.7480106869891137711, 1.000000000000000000),
 ( 1.000000000000000000, 0.7468001254615956874, 1.000000000000000000),
 ( 1.000000000000000000, 0.7437337950416675891, 1.000000000000000000),
 ( 1.000000000000000000, 0.7418579918554826236, 1.000000000000000000),
 ( 1.000000000000000000, 0.7377225377483329627, 1.000000000000000000),
 ( 1.000000000000000000, 0.7354878419815702451, 1.000000000000000000),
 ( 1.000000000000000000, 0.7309305431690324983, 1.000000000000000000),
 ( 1.000000000000000000, 0.7285576112727487619, 1.000000000000000000),
 ( 1.000000000000000000, 0.7219238240779958238, 1.000000000000000000),
 ( 1.000000000000000000, 0.7180531612794113228, 1.000000000000000000),
 ( 1.000000000000000000, 0.7157108544796634275, 1.000000000000000000) ) ) 
 REPRESENTATION_ITEM ( '' )  SURFACE ( )  );
#5679 = EDGE_CURVE ( 'NONE', #2282, #1418, #522, .T. ) ;
#5680 = ADVANCED_FACE ( 'NONE', ( #3963 ), #1692, .F. ) ;
#5681 = CARTESIAN_POINT ( 'NONE',  ( -10.31079434692802188, 3.939984672038574498, -0.5866439436456957202 ) ) ;
#5682 = CARTESIAN_POINT ( 'NONE',  ( 0.000000000000000000, 2.600000000000046718, -4.500000000000000000 ) ) ;
#5683 = CARTESIAN_POINT ( 'NONE',  ( -0.4297048641747710507, 2.742834338473771449, 11.17174851542198333 ) ) ;
#5684 = CARTESIAN_POINT ( 'NONE',  ( 1.687823581860530053, 9.380226453294220335, 10.09154969503625487 ) ) ;
#5685 = ORIENTED_EDGE ( 'NONE', *, *, #806, .T. ) ;
#5686 = CARTESIAN_POINT ( 'NONE',  ( -0.2070157840579619490, 14.79955879305942013, 0.09983305509181965298 ) ) ;
#5687 = CIRCLE ( 'NONE', #448, 0.1269999999999998075 ) ;
#5688 = CARTESIAN_POINT ( 'NONE',  ( -8.859763843584955723, 14.13480330066583512, 4.962422865154381135 ) ) ;
#5689 =( GEOMETRIC_REPRESENTATION_CONTEXT ( 3 ) GLOBAL_UNCERTAINTY_ASSIGNED_CONTEXT ( ( #1814 ) ) GLOBAL_UNIT_ASSIGNED_CONTEXT ( ( #1364, #6062, #1968 ) ) REPRESENTATION_CONTEXT ( 'NONE', 'WORKASPACE' ) );
#5690 = EDGE_CURVE ( 'NONE', #4998, #2282, #1339, .T. ) ;
#5691 = CARTESIAN_POINT ( 'NONE',  ( 10.13347489080324770, 4.072191106487323076, -5.573683239424705522E-16 ) ) ;
#5692 = CARTESIAN_POINT ( 'NONE',  ( -4.665747441297574127, 4.455183903013027802, 8.565114865855926851 ) ) ;
#5693 = CIRCLE ( 'NONE', #2912, 59.99997913189734788 ) ;
#5694 = CARTESIAN_POINT ( 'NONE',  ( -2.899877888196904063, 14.16691473700918991, -9.532413584031663945 ) ) ;
#5695 = DIRECTION ( 'NONE',  ( -1.000000000000000000, 3.099633553917226095E-13, 0.000000000000000000 ) ) ;
#5696 = VERTEX_POINT ( 'NONE', #220 ) ;
#5697 = CARTESIAN_POINT ( 'NONE',  ( -1.114653079840022487, 14.14406121269907324, 10.03744367390415526 ) ) ;
#5698 = CARTESIAN_POINT ( 'NONE',  ( 9.365504386242598400, 2.932527361655139497, 2.708669466705891260 ) ) ;
#5699 = VERTEX_POINT ( 'NONE', #255 ) ;
#5700 = FACE_OUTER_BOUND ( 'NONE', #5884, .T. ) ;
#5701 = B_SPLINE_CURVE_WITH_KNOTS ( 'NONE', 3,
 ( #2870, #3905, #2362, #4842, #6372, #6342, #1970 ),
 .UNSPECIFIED., .F., .F.,
 ( 4, 3, 4 ),
 ( 6.290464709392567697E-05, 0.005562355922177139936, 0.01004541243991999289 ),
 .UNSPECIFIED. ) ;
#5702 = B_SPLINE_CURVE_WITH_KNOTS ( 'NONE', 3,
 ( #4392, #3447, #6345, #1946, #2874, #5416, #4940 ),
 .UNSPECIFIED., .F., .F.,
 ( 4, 3, 4 ),
 ( 6.290464706084317214E-05, 0.005562355922420545926, 0.01004541244033904657 ),
 .UNSPECIFIED. ) ;
#5703 = ORIENTED_EDGE ( 'NONE', *, *, #1670, .F. ) ;
#5704 = FILL_AREA_STYLE ('',( #772 ) ) ;
#5705 = CARTESIAN_POINT ( 'NONE',  ( 10.28688455503553456, 10.55301945949070586, -1.390929630412663709 ) ) ;
#5706 = CARTESIAN_POINT ( 'NONE',  ( -1.554915389294545314, 3.737815694798124255, 10.35466216013693597 ) ) ;
#5707 = LINE ( 'NONE', #1804, #752 ) ;
#5708 = CARTESIAN_POINT ( 'NONE',  ( -10.25421931070838255, 7.124157221385702066, -0.5945654971538327782 ) ) ;
#5709 = CARTESIAN_POINT ( 'NONE',  ( 9.017741806763758916, 3.825112817357160466, 5.255855466476100801 ) ) ;
#5710 = DIRECTION ( 'NONE',  ( -0.4568290572962375728, -0.3857503550229645084, -0.8015633948787129759 ) ) ;
#5711 = CARTESIAN_POINT ( 'NONE',  ( -10.30354784699288473, 3.886657979598334478, -0.5655288793739353670 ) ) ;
#5712 = CARTESIAN_POINT ( 'NONE',  ( -3.718145537539176981, 2.932353345610726247, 9.012787885847117764 ) ) ;
#5713 = CARTESIAN_POINT ( 'NONE',  ( -1.658678592952691933, 13.98186169390078781, 10.01429096317232492 ) ) ;
#5714 = ORIENTED_EDGE ( 'NONE', *, *, #1593, .F. ) ;
#5715 = DIRECTION ( 'NONE',  ( 0.000000000000000000, 0.000000000000000000, -1.000000000000000000 ) ) ;
#5716 =( BOUNDED_SURFACE ( )  B_SPLINE_SURFACE ( 3, 2, ( 
 ( #4312, #1925, #1417 ),
 ( #5336, #931, #5371 ),
 ( #871, #6267, #1865 ),
 ( #5795, #2439, #1383 ) ),
 .UNSPECIFIED., .F., .F., .T. ) 
 B_SPLINE_SURFACE_WITH_KNOTS ( ( 4, 4 ),
 ( 3, 3 ),
 ( 0.000000000000000000, 0.0008858189381778273312 ),
 ( 0.000000000000000000, 1.000000000000000000 ),
 .UNSPECIFIED. ) 
 GEOMETRIC_REPRESENTATION_ITEM ( )  RATIONAL_B_SPLINE_SURFACE ( (
 ( 1.000000000000000000, 0.9101407218200097127, 1.000000000000000000),
 ( 1.000000000000000000, 0.9211338130270239066, 1.000000000000000000),
 ( 1.000000000000000000, 0.9273812954096732897, 1.000000000000000000),
 ( 1.000000000000000000, 0.9271838545667855369, 1.000000000000000000) ) ) 
 REPRESENTATION_ITEM ( '' )  SURFACE ( )  );
#5717 = CARTESIAN_POINT ( 'NONE',  ( -1.830900131996765490, 5.290126682310387629, -9.772022736115602015 ) ) ;
#5718 = ORIENTED_EDGE ( 'NONE', *, *, #1788, .F. ) ;
#5719 = CARTESIAN_POINT ( 'NONE',  ( 1.394311220072312674, 5.128925188963099124, -9.738279194535200745 ) ) ;
#5720 = EDGE_CURVE ( 'NONE', #6268, #2657, #1853, .T. ) ;
#5721 = ADVANCED_FACE ( 'NONE', ( #2724 ), #2156, .F. ) ;
#5722 = SURFACE_STYLE_FILL_AREA ( #4723 ) ;
#5723 = CARTESIAN_POINT ( 'NONE',  ( 9.694019912457449095, 13.98371707616190385, -3.565009605996177999 ) ) ;
#5724 = FACE_OUTER_BOUND ( 'NONE', #3332, .T. ) ;
#5725 = DIRECTION ( 'NONE',  ( -1.000000000000000000, 0.000000000000000000, 0.000000000000000000 ) ) ;
#5726 = ORIENTED_EDGE ( 'NONE', *, *, #333, .F. ) ;
#5727 = CARTESIAN_POINT ( 'NONE',  ( -8.783585782545076270, 3.756969513006662265, 5.751505539635979325 ) ) ;
#5728 = CARTESIAN_POINT ( 'NONE',  ( -10.26342711447892420, 13.89619475092650269, -1.132152243799044777 ) ) ;
#5729 = EDGE_LOOP ( 'NONE', ( #136, #2556, #5714, #1915 ) ) ;
#5730 = ADVANCED_FACE ( 'NONE', ( #5700 ), #3243, .T. ) ;
#5731 = CARTESIAN_POINT ( 'NONE',  ( 10.13338705590800082, 13.92087438194844040, -0.6111496338306436904 ) ) ;
#5732 = CIRCLE ( 'NONE', #2948, 59.15783971714991907 ) ;
#5733 = ORIENTED_EDGE ( 'NONE', *, *, #4859, .T. ) ;
#5734 = B_SPLINE_CURVE_WITH_KNOTS ( 'NONE', 3,
 ( #702, #2656, #5591, #4667, #1183, #3660 ),
 .UNSPECIFIED., .F., .F.,
 ( 4, 2, 4 ),
 ( 1.301042606982605321E-18, 0.0004385535004597999583, 0.0008771070009195986155 ),
 .UNSPECIFIED. ) ;
#5735 = CARTESIAN_POINT ( 'NONE',  ( 2.899868891159525841, 14.16691622593808297, -9.532407079374523917 ) ) ;
#5736 = CARTESIAN_POINT ( 'NONE',  ( 0.5993544593110413654, 2.504286144231099076, 11.40323361445517669 ) ) ;
#5737 = CONICAL_SURFACE ( 'NONE', #5838, 10.50000000000000000, 0.01745329251994333364 ) ;
#5738 = CARTESIAN_POINT ( 'NONE',  ( -2.165353154068696174E-14, 3.669383407414531728, 0.000000000000000000 ) ) ;
#5739 = CARTESIAN_POINT ( 'NONE',  ( 0.3982053253384808533, 3.151390329658124489, 11.04721747540185284 ) ) ;
#5740 = CARTESIAN_POINT ( 'NONE',  ( 0.1507865034239263269, 4.649999999999994138, -4.464217116897158277 ) ) ;
#5741 =( LENGTH_UNIT ( ) NAMED_UNIT ( * ) SI_UNIT ( .MILLI., .METRE. ) );
#5742 = AXIS2_PLACEMENT_3D ( 'NONE', #54, #121, #5442 ) ;
#5743 = CARTESIAN_POINT ( 'NONE',  ( 1.427079009640848772, 14.11644886966304036, 10.16473928187153852 ) ) ;
#5744 = CARTESIAN_POINT ( 'NONE',  ( 6.446028374659550586, 4.121999042379519196, 7.833454723751534843 ) ) ;
#5745 = CARTESIAN_POINT ( 'NONE',  ( 0.3000000000000013767, 14.17288230262237292, 9.299999999999995381 ) ) ;
#5746 = AXIS2_PLACEMENT_3D ( 'NONE', #4964, #3026, #4990 ) ;
#5747 = CARTESIAN_POINT ( 'NONE',  ( 9.206249697134776255, 4.130523736822262038, -4.255270717403835334 ) ) ;
#5748 = CARTESIAN_POINT ( 'NONE',  ( -6.768810108080710819, 2.393122541934413317, 7.753924535463434964 ) ) ;
#5749 = DIRECTION ( 'NONE',  ( 0.1464800612289363646, 0.000000000000000000, -0.9892136228653377605 ) ) ;
#5750 = AXIS2_PLACEMENT_3D ( 'NONE', #4162, #747, #2703 ) ;
#5751 = CARTESIAN_POINT ( 'NONE',  ( -2.325666106627203966, 14.23679501362076216, 9.302585870499941123 ) ) ;
#5752 = UNCERTAINTY_MEASURE_WITH_UNIT (LENGTH_MEASURE( 1.000000000000000082E-05 ), #3992, 'distance_accuracy_value', 'NONE');
#5753 = FACE_OUTER_BOUND ( 'NONE', #3202, .T. ) ;
#5754 = SURFACE_SIDE_STYLE ('',( #5722 ) ) ;
#5755 =( BOUNDED_SURFACE ( )  B_SPLINE_SURFACE ( 3, 2, ( 
 ( #4574, #4091, #153 ),
 ( #26, #2571, #6048 ),
 ( #5409, #1612, #2993 ),
 ( #4027, #1995, #4961 ) ),
 .UNSPECIFIED., .F., .F., .T. ) 
 B_SPLINE_SURFACE_WITH_KNOTS ( ( 4, 4 ),
 ( 3, 3 ),
 ( 0.000000000000000000, 0.0008858189356750977538 ),
 ( 0.000000000000000000, 1.000000000000000000 ),
 .UNSPECIFIED. ) 
 GEOMETRIC_REPRESENTATION_ITEM ( )  RATIONAL_B_SPLINE_SURFACE ( (
 ( 1.000000000000000000, 0.9101407219117508829, 1.000000000000000000),
 ( 1.000000000000000000, 0.9211338130618355047, 1.000000000000000000),
 ( 1.000000000000000000, 0.9273812954083677784, 1.000000000000000000),
 ( 1.000000000000000000, 0.9271838545667870912, 1.000000000000000000) ) ) 
 REPRESENTATION_ITEM ( '' )  SURFACE ( )  );
#5756 = EDGE_LOOP ( 'NONE', ( #2910, #5946, #602, #1595, #3369 ) ) ;
#5757 = CARTESIAN_POINT ( 'NONE',  ( 9.820346593950596059, 13.98186332384928221, -3.174297001834746279 ) ) ;
#5758 = CARTESIAN_POINT ( 'NONE',  ( -3.118062875338210915, 13.90470501648989909, -9.782857635331119184 ) ) ;
#5759 = CARTESIAN_POINT ( 'NONE',  ( -9.489505304364142191, 7.605684248161073135, -3.908686262896399644 ) ) ;
#5760 = VERTEX_POINT ( 'NONE', #4889 ) ;
#5761 = CARTESIAN_POINT ( 'NONE',  ( 9.493534325158831777, 13.91281420051658735, -3.754170513856312841 ) ) ;
#5762 = CARTESIAN_POINT ( 'NONE',  ( -10.40464085550089202, 3.825714322259375244, -0.8214745051527740927 ) ) ;
#5763 = ORIENTED_EDGE ( 'NONE', *, *, #2959, .T. ) ;
#5764 = CIRCLE ( 'NONE', #717, 0.2540000000000004476 ) ;
#5765 = CARTESIAN_POINT ( 'NONE',  ( -0.9097550115781363189, 14.10646180264004634, 10.27826965431092177 ) ) ;
#5766 = ORIENTED_EDGE ( 'NONE', *, *, #3830, .T. ) ;
#5767 = EDGE_CURVE ( 'NONE', #1204, #1284, #3810, .T. ) ;
#5768 = TOROIDAL_SURFACE ( 'NONE', #2772, 59.94997914928744365, 0.05000000000000000278 ) ;
#5769 = EDGE_CURVE ( 'NONE', #3955, #2208, #1035, .T. ) ;
#5770 = CARTESIAN_POINT ( 'NONE',  ( -10.44608047777761861, 3.669383407414071208, -1.375737426083574411 ) ) ;
#5771 = CARTESIAN_POINT ( 'NONE',  ( 0.5961371428128919847, 2.633517655112189715, 11.40392091646524264 ) ) ;
#5772 = CARTESIAN_POINT ( 'NONE',  ( -0.6507291774008497898, 2.757448352824132254, 11.42970940752896247 ) ) ;
#5773 = CARTESIAN_POINT ( 'NONE',  ( -0.1270709065097637425, 3.272911070915234255, 10.91047679577250484 ) ) ;
#5774 = CARTESIAN_POINT ( 'NONE',  ( 2.149914951008887520, 4.042931880585909354, 9.941199320350955659 ) ) ;
#5775 = CARTESIAN_POINT ( 'NONE',  ( -4.653009888955955908, 4.491428936507029235, 8.530831602478340159 ) ) ;
#5776 = EDGE_CURVE ( 'NONE', #1832, #2174, #2565, .T. ) ;
#5777 = CARTESIAN_POINT ( 'NONE',  ( -5.504058148423081498, 13.89832332843988461, -8.715741974983515661 ) ) ;
#5778 = CARTESIAN_POINT ( 'NONE',  ( -0.5411055080212449075, 2.339537975490088240, 11.75923894226961863 ) ) ;
#5779 = CARTESIAN_POINT ( 'NONE',  ( -0.3008527072674741509, 9.134697647085229022, -4.378031155455736290 ) ) ;
#5780 = CARTESIAN_POINT ( 'NONE',  ( 0.000000000000000000, 14.14193358903626674, 0.000000000000000000 ) ) ;
#5781 = AXIS2_PLACEMENT_3D ( 'NONE', #2166, #5031, #1105 ) ;
#5782 = CARTESIAN_POINT ( 'NONE',  ( 7.127078636979410575, 3.837294471998201839, 7.607586767764052738 ) ) ;
#5783 = SURFACE_SIDE_STYLE ('',( #6282 ) ) ;
#5784 = CARTESIAN_POINT ( 'NONE',  ( -5.970018420182872099, 3.939984671886586742, -8.427070146075591239 ) ) ;
#5785 = CARTESIAN_POINT ( 'NONE',  ( 1.931904516414463480, 5.738582870699782568, -9.773418480164622224 ) ) ;
#5786 = AXIS2_PLACEMENT_3D ( 'NONE', #3366, #4433, #1980 ) ;
#5787 = ORIENTED_EDGE ( 'NONE', *, *, #2839, .T. ) ;
#5788 = VERTEX_POINT ( 'NONE', #387 ) ;
#5789 = FILL_AREA_STYLE_COLOUR ( '', #5113 ) ;
#5790 = VERTEX_POINT ( 'NONE', #5306 ) ;
#5791 = CARTESIAN_POINT ( 'NONE',  ( -9.544254391232753321, 3.939973369391874147, -3.945130941957057491 ) ) ;
#5792 = DIRECTION ( 'NONE',  ( 1.000000000000000000, 3.425912415400686167E-15, 0.000000000000000000 ) ) ;
#5793 = CARTESIAN_POINT ( 'NONE',  ( -10.02056199124949920, 14.15065569503715182, -0.9161970164140542661 ) ) ;
#5794 = ORIENTED_EDGE ( 'NONE', *, *, #2531, .T. ) ;
#5795 = CARTESIAN_POINT ( 'NONE',  ( 10.00850340074284617, 3.669383407414315457, -3.292887864936872244 ) ) ;
#5796 = AXIS2_PLACEMENT_3D ( 'NONE', #2412, #2826, #4804 ) ;
#5797 = ORIENTED_EDGE ( 'NONE', *, *, #6029, .T. ) ;
#5798 = CARTESIAN_POINT ( 'NONE',  ( -10.44131835354452242, 3.737513928036831690, -0.7888650372021738244 ) ) ;
#5799 = CARTESIAN_POINT ( 'NONE',  ( 0.5184014876024471974, 2.738643477853458297, 11.17242800216191334 ) ) ;
#5800 = FILL_AREA_STYLE ('',( #5374 ) ) ;
#5801 = FACE_OUTER_BOUND ( 'NONE', #632, .T. ) ;
#5802 = DIRECTION ( 'NONE',  ( -0.3897334577384752863, 0.9209277017872857796, 0.000000000000000000 ) ) ;
#5803 = EDGE_CURVE ( 'NONE', #4526, #6266, #6095, .T. ) ;
#5804 = EDGE_CURVE ( 'NONE', #4323, #3887, #420, .T. ) ;
#5805 = CARTESIAN_POINT ( 'NONE',  ( -2.512820579733748172, 4.234637834058621486, 9.660609277727338906 ) ) ;
#5806 = FILL_AREA_STYLE_COLOUR ( '', #4408 ) ;
#5807 = CARTESIAN_POINT ( 'NONE',  ( -0.5874450928512959802, 2.666120450812509368, 11.36512903754856829 ) ) ;
#5808 = ORIENTED_EDGE ( 'NONE', *, *, #1312, .T. ) ;
#5809 = CARTESIAN_POINT ( 'NONE',  ( -10.44608047777759552, 3.669383407414092080, -1.375737426083581072 ) ) ;
#5810 = CARTESIAN_POINT ( 'NONE',  ( -12.40566599729053898, 1.799999999999981393, 1.519255915487300982E-15 ) ) ;
#5811 = CARTESIAN_POINT ( 'NONE',  ( 6.027592150641051028, 3.852387265455629706, -8.417749899147395354 ) ) ;
#5812 = ADVANCED_FACE ( 'NONE', ( #4828 ), #4008, .T. ) ;
#5813 = CARTESIAN_POINT ( 'NONE',  ( 0.4503753127606352491, 14.27193966532341385, 9.307756463719764284 ) ) ;
#5814 = CARTESIAN_POINT ( 'NONE',  ( -0.6154936782974668175, 2.537248345893739820, 11.51875528158774031 ) ) ;
#5815 = CARTESIAN_POINT ( 'NONE',  ( -0.4000000000007808976, 14.16876594146423507, 9.352382152187413311 ) ) ;
#5816 = CARTESIAN_POINT ( 'NONE',  ( 1.782526611587986975, 5.520283794080645734, -9.579886034653270599 ) ) ;
#5817 = CARTESIAN_POINT ( 'NONE',  ( 7.471310865860511186, 13.89599898141112888, 7.122206211651020524 ) ) ;
#5818 = CARTESIAN_POINT ( 'NONE',  ( 0.3212741910801785172, 2.107110155332255097, 12.09439819043124587 ) ) ;
#5819 = ORIENTED_EDGE ( 'NONE', *, *, #3187, .F. ) ;
#5820 = CARTESIAN_POINT ( 'NONE',  ( 10.22665117224368636, 13.89599898141108270, -1.400683110791915986 ) ) ;
#5821 = CARTESIAN_POINT ( 'NONE',  ( 3.696959936128492608, 3.759185968624968677, -9.962237342525618544 ) ) ;
#5822 = SURFACE_SIDE_STYLE ('',( #5273 ) ) ;
#5823 = ORIENTED_EDGE ( 'NONE', *, *, #3909, .T. ) ;
#5824 = CARTESIAN_POINT ( 'NONE',  ( 8.864694338212400382, 13.92087586570647417, 4.947324883748787094 ) ) ;
#5825 = CARTESIAN_POINT ( 'NONE',  ( -1.391011997327292971, 5.107694443837950793, -4.239337440076962338 ) ) ;
#5826 = CARTESIAN_POINT ( 'NONE',  ( 0.1438794194052901709, 2.012639610258607714, 11.90936635342286642 ) ) ;
#5827 =( LENGTH_UNIT ( ) NAMED_UNIT ( * ) SI_UNIT ( .MILLI., .METRE. ) );
#5828 = CARTESIAN_POINT ( 'NONE',  ( 9.818136246419532753, 14.10646180264004457, -3.174063943048893499 ) ) ;
#5829 = CARTESIAN_POINT ( 'NONE',  ( 3.149689242804040390, 4.357486224613777104, 9.333763143454495648 ) ) ;
#5830 = PRODUCT_CONTEXT ( 'NONE', #5097, 'mechanical' ) ;
#5831 = CARTESIAN_POINT ( 'NONE',  ( 1.119209901807009189, 14.14193359095433244, 10.05143479946118745 ) ) ;
#5832 = CARTESIAN_POINT ( 'NONE',  ( -1.693309700431638420, 8.388848182997733716, -9.515622527844994849 ) ) ;
#5833 = PRESENTATION_STYLE_ASSIGNMENT (( #1066 ) ) ;
#5834 = ADVANCED_FACE ( 'NONE', ( #964 ), #5716, .F. ) ;
#5835 = CARTESIAN_POINT ( 'NONE',  ( 6.027592150641055468, 3.852387265455628818, -8.417749899147400683 ) ) ;
#5836 = CARTESIAN_POINT ( 'NONE',  ( 2.844104979917128517, 3.886657979376493266, -9.919374376263160542 ) ) ;
#5837 =( LENGTH_UNIT ( ) NAMED_UNIT ( * ) SI_UNIT ( .MILLI., .METRE. ) );
#5838 = AXIS2_PLACEMENT_3D ( 'NONE', #709, #5667, #188 ) ;
#5839 = CARTESIAN_POINT ( 'NONE',  ( 0.000000000000000000, 2.600000000000023181, 8.863739773864104166 ) ) ;
#5840 =( GEOMETRIC_REPRESENTATION_CONTEXT ( 3 ) GLOBAL_UNCERTAINTY_ASSIGNED_CONTEXT ( ( #2543 ) ) GLOBAL_UNIT_ASSIGNED_CONTEXT ( ( #6256, #1789, #4172 ) ) REPRESENTATION_CONTEXT ( 'NONE', 'WORKASPACE' ) );
#5841 = EDGE_CURVE ( 'NONE', #2201, #5887, #5655, .T. ) ;
#5842 = CARTESIAN_POINT ( 'NONE',  ( 0.2955954678528359136, 2.941596700613220428, 10.97730121704018913 ) ) ;
#5843 =( NAMED_UNIT ( * ) SI_UNIT ( $, .STERADIAN. ) SOLID_ANGLE_UNIT ( ) );
#5844 = ORIENTED_EDGE ( 'NONE', *, *, #4535, .T. ) ;
#5845 = CARTESIAN_POINT ( 'NONE',  ( 2.086532073462462833, 5.646009134806824648, -9.791627715526864506 ) ) ;
#5846 =( LENGTH_UNIT ( ) NAMED_UNIT ( * ) SI_UNIT ( .MILLI., .METRE. ) );
#5847 = CARTESIAN_POINT ( 'NONE',  ( -0.06630503987922919951, 2.034814952936669030, 12.17085958028042114 ) ) ;
#5848 = CARTESIAN_POINT ( 'NONE',  ( 9.395020863502981712, 13.92087586582881720, -3.846090504979807090 ) ) ;
#5849 = ORIENTED_EDGE ( 'NONE', *, *, #5087, .F. ) ;
#5850 = DIRECTION ( 'NONE',  ( -0.000000000000000000, -1.000000000000000000, -0.000000000000000000 ) ) ;
#5851 = DIRECTION ( 'NONE',  ( 0.08816776830024526668, 0.000000000000000000, -0.9961056392938223425 ) ) ;
#5852 = CARTESIAN_POINT ( 'NONE',  ( 6.131593500219205239, 14.23679501341972298, -7.372271555481538563 ) ) ;
#5853 = ORIENTED_EDGE ( 'NONE', *, *, #368, .F. ) ;
#5854 = CARTESIAN_POINT ( 'NONE',  ( -8.895910837523635095, 3.669383407413503217, 5.647831808251969399 ) ) ;
#5855 = ORIENTED_EDGE ( 'NONE', *, *, #3186, .F. ) ;
#5856 = CARTESIAN_POINT ( 'NONE',  ( -10.40922066690138514, 3.756969513007232031, -1.370883029121127805 ) ) ;
#5857 = SURFACE_STYLE_USAGE ( .BOTH. , #3280 ) ;
#5858 = CARTESIAN_POINT ( 'NONE',  ( 9.590523478919458000, 13.90487727701334286, -3.663672809179537637 ) ) ;
#5859 = AXIS2_PLACEMENT_3D ( 'NONE', #5557, #1306, #411 ) ;
#5860 = AXIS2_PLACEMENT_3D ( 'NONE', #5839, #4815, #3910 ) ;
#5861 = CARTESIAN_POINT ( 'NONE',  ( 9.544239976951864435, 3.939984672651938080, -3.945138075116883858 ) ) ;
#5862 = AXIS2_PLACEMENT_3D ( 'NONE', #973, #6272, #5802 ) ;
#5863 = CARTESIAN_POINT ( 'NONE',  ( 0.000000000000000000, -45.00000000000000000, 0.000000000000000000 ) ) ;
#5864 = DIRECTION ( 'NONE',  ( -0.000000000000000000, 1.000000000000000000, -0.000000000000000000 ) ) ;
#5865 = CARTESIAN_POINT ( 'NONE',  ( -9.547964767945396503, 3.852387266444444069, -4.003342262243308802 ) ) ;
#5866 = CARTESIAN_POINT ( 'NONE',  ( -1.271135707741127767E-14, 13.89599898141124967, 0.000000000000000000 ) ) ;
#5867 = CARTESIAN_POINT ( 'NONE',  ( -9.260785332309213302, 14.16691473722287320, -3.676146828825674007 ) ) ;
#5868 = CARTESIAN_POINT ( 'NONE',  ( -6.795865183208212201, 13.92087586570300850, 7.541554589566731970 ) ) ;
#5869 = CARTESIAN_POINT ( 'NONE',  ( -0.2660762117505698354, 14.23325802762230552, 9.557964792886735950 ) ) ;
#5870 = CARTESIAN_POINT ( 'NONE',  ( -7.468660366290442276, 14.10646180263991312, 7.119662463968214006 ) ) ;
#5871 = CARTESIAN_POINT ( 'NONE',  ( -4.997013943232716748, 14.02533505567825856, 8.175351734549163751 ) ) ;
#5872 = ORIENTED_EDGE ( 'NONE', *, *, #5478, .F. ) ;
#5873 = CARTESIAN_POINT ( 'NONE',  ( 1.579697999906249706, 8.507913336120573433, -9.693190610785034522 ) ) ;
#5874 = SURFACE_SIDE_STYLE ('',( #3916 ) ) ;
#5875 = ADVANCED_FACE ( 'NONE', ( #1449 ), #1279, .T. ) ;
#5876 = EDGE_CURVE ( 'NONE', #3271, #4467, #4647, .T. ) ;
#5877 = AXIS2_PLACEMENT_3D ( 'NONE', #3289, #885, #5187 ) ;
#5878 = CARTESIAN_POINT ( 'NONE',  ( -0.1999999999999979294, 13.63511657567311097, 0.000000000000000000 ) ) ;
#5879 = CARTESIAN_POINT ( 'NONE',  ( 5.840247463477428624, 13.92087438198675819, -8.303646588081054603 ) ) ;
#5880 = ORIENTED_EDGE ( 'NONE', *, *, #1351, .F. ) ;
#5881 = CARTESIAN_POINT ( 'NONE',  ( -8.949193439358525737, 7.126451548723440332, 5.392493481960206836 ) ) ;
#5882 = CARTESIAN_POINT ( 'NONE',  ( 8.915717417524751554, 10.93265526025221135, 4.963839129846339127 ) ) ;
#5883 = CARTESIAN_POINT ( 'NONE',  ( 0.9797573747282238843, 3.756969513007422101, 10.45328994424441404 ) ) ;
#5884 = EDGE_LOOP ( 'NONE', ( #2725, #698, #3825, #4409 ) ) ;
#5885 = CARTESIAN_POINT ( 'NONE',  ( -1.435345271568165826, 13.90470501654521840, 10.16692694731746727 ) ) ;
#5886 = EDGE_CURVE ( 'NONE', #4698, #3041, #3700, .T. ) ;
#5887 = VERTEX_POINT ( 'NONE', #3072 ) ;
#5888 = CARTESIAN_POINT ( 'NONE',  ( 5.723229446742427839, 7.126451548716894457, -8.741378259033153242 ) ) ;
#5889 = CARTESIAN_POINT ( 'NONE',  ( -9.983500744318810405, 4.284774967467544826, 0.2797427062945374021 ) ) ;
#5890 = CARTESIAN_POINT ( 'NONE',  ( 0.4237064188657139185, 14.25161344758788928, 9.437748194217853381 ) ) ;
#5891 = APPLICATION_PROTOCOL_DEFINITION ( 'draft international standard', 'automotive_design', 1998, #2478 ) ;
#5892 = AXIS2_PLACEMENT_3D ( 'NONE', #6311, #3172, #2659 ) ;
#5893 = MECHANICAL_DESIGN_GEOMETRIC_PRESENTATION_REPRESENTATION (  '', ( #3942 ), #5378 ) ;
#5894 = CARTESIAN_POINT ( 'NONE',  ( -0.1999999999999993727, 13.63511657567311097, 0.2000000000000000111 ) ) ;
#5895 = CARTESIAN_POINT ( 'NONE',  ( -0.2938298716455976511, 9.150006376697074728, -9.415410402160945935 ) ) ;
#5896 = CARTESIAN_POINT ( 'NONE',  ( -9.721206136997130542, 3.774689921548349592, -3.789178291758286132 ) ) ;
#5897 = AXIS2_PLACEMENT_3D ( 'NONE', #1557, #196, #5577 ) ;
#5898 = CARTESIAN_POINT ( 'NONE',  ( 10.53511564846708559, 3.759185968624993990, -1.387452309657837057 ) ) ;
#5899 = CARTESIAN_POINT ( 'NONE',  ( 2.850705056305381735, 13.92087586572035640, -9.743321296933855180 ) ) ;
#5900 = CARTESIAN_POINT ( 'NONE',  ( -0.3979059380183336270, 14.26386982856027075, 9.361684148379147530 ) ) ;
#5901 = CARTESIAN_POINT ( 'NONE',  ( 6.887347911552355484, 3.939973367885870381, 7.695536940860502995 ) ) ;
#5902 = CARTESIAN_POINT ( 'NONE',  ( 0.3162495910314513381, 2.986016501834269476, 10.99011158458694126 ) ) ;
#5903 = CARTESIAN_POINT ( 'NONE',  ( -0.2259641841329455281, 14.05865236052303224, 9.384306748128112829 ) ) ;
#5904 = EDGE_LOOP ( 'NONE', ( #4978, #483, #5595, #1897 ) ) ;
#5905 = CARTESIAN_POINT ( 'NONE',  ( 2.047185727760194141, 7.843506914614379433, -9.748233411689351868 ) ) ;
#5906 = AXIS2_PLACEMENT_3D ( 'NONE', #1528, #4548, #2608 ) ;
#5907 = SURFACE_STYLE_FILL_AREA ( #1022 ) ;
#5908 = CARTESIAN_POINT ( 'NONE',  ( 9.260774637955437427, 14.16691622604679601, -3.676149807198082708 ) ) ;
#5909 = ORIENTED_EDGE ( 'NONE', *, *, #4971, .F. ) ;
#5910 = AXIS2_PLACEMENT_3D ( 'NONE', #1215, #3724, #3306 ) ;
#5911 = CARTESIAN_POINT ( 'NONE',  ( -8.980763189568214955, 7.124177071720893650, 4.984839037055166067 ) ) ;
#5912 = CARTESIAN_POINT ( 'NONE',  ( -6.174448197995022748E-15, 1.800000000000023803, 0.000000000000000000 ) ) ;
#5913 = ADVANCED_FACE ( 'NONE', ( #1569 ), #5445, .T. ) ;
#5914 = CARTESIAN_POINT ( 'NONE',  ( -5.883968487968227912, 10.55301040807410473, -8.345373159634377203 ) ) ;
#5915 = VERTEX_POINT ( 'NONE', #5520 ) ;
#5916 = B_SPLINE_CURVE_WITH_KNOTS ( 'NONE', 3,
 ( #55, #1159, #711, #4541, #614, #2665 ),
 .UNSPECIFIED., .F., .F.,
 ( 4, 2, 4 ),
 ( 8.673617379884035472E-19, 0.0004385534998675910592, 0.0008771069997351812510 ),
 .UNSPECIFIED. ) ;
#5917 = CARTESIAN_POINT ( 'NONE',  ( 0.000000000000000000, -45.00000000000000000, 0.000000000000000000 ) ) ;
#5918 = STYLED_ITEM ( 'NONE', ( #2868 ), #42 ) ;
#5919 = ORIENTED_EDGE ( 'NONE', *, *, #4466, .F. ) ;
#5920 = CARTESIAN_POINT ( 'NONE',  ( 0.02801613827043105895, 1.992795024041801533, 11.93005909341231607 ) ) ;
#5921 = CARTESIAN_POINT ( 'NONE',  ( 1.044526648836211935, 13.89609647592552655, 10.27002714281205797 ) ) ;
#5922 = PLANE ( 'NONE',  #880 ) ;
#5923 = ADVANCED_FACE ( 'NONE', ( #4953 ), #45, .T. ) ;
#5924 =( BOUNDED_SURFACE ( )  B_SPLINE_SURFACE ( 3, 2, ( 
 ( #2299, #3328, #4326 ),
 ( #6313, #913, #6280 ),
 ( #1368, #887, #4716 ),
 ( #5811, #819, #4263 ) ),
 .UNSPECIFIED., .F., .F., .T. ) 
 B_SPLINE_SURFACE_WITH_KNOTS ( ( 4, 4 ),
 ( 3, 3 ),
 ( 0.000000000000000000, 0.0008838515648475622289 ),
 ( 0.000000000000000000, 1.000000000000000000 ),
 .UNSPECIFIED. ) 
 GEOMETRIC_REPRESENTATION_ITEM ( )  RATIONAL_B_SPLINE_SURFACE ( (
 ( 1.000000000000000000, 0.9271838545667865361, 1.000000000000000000),
 ( 1.000000000000000000, 0.9273783597739415629, 1.000000000000000000),
 ( 1.000000000000000000, 0.9211205640172787090, 1.000000000000000000),
 ( 1.000000000000000000, 0.9101417910436830905, 1.000000000000000000) ) ) 
 REPRESENTATION_ITEM ( '' )  SURFACE ( )  );
#5925 = ORIENTED_EDGE ( 'NONE', *, *, #5560, .F. ) ;
#5926 = CARTESIAN_POINT ( 'NONE',  ( -0.2701498616190695090, 14.06294697061397869, 9.356037512534591372 ) ) ;
#5927 = CARTESIAN_POINT ( 'NONE',  ( 10.13347489080324770, 4.072191106487323076, -5.573683239424705522E-16 ) ) ;
#5928 = CARTESIAN_POINT ( 'NONE',  ( 0.9729126891903711050, 4.399048105875357884, -9.761227694896611240 ) ) ;
#5929 = CARTESIAN_POINT ( 'NONE',  ( -0.3785716979256470438, 14.20220522906497251, 9.404071408118795716 ) ) ;
#5930 = FACE_OUTER_BOUND ( 'NONE', #4435, .T. ) ;
#5931 = AXIS2_PLACEMENT_3D ( 'NONE', #2001, #5541, #3478 ) ;
#5932 = CARTESIAN_POINT ( 'NONE',  ( -0.4503753127606337503, 14.99819622619302883, 0.1340843688098889708 ) ) ;
#5933 = CARTESIAN_POINT ( 'NONE',  ( -5.691464303386211121, 3.669383407414251952, -8.871777962371975690 ) ) ;
#5934 = STYLED_ITEM ( 'NONE', ( #5007 ), #2496 ) ;
#5935 = CARTESIAN_POINT ( 'NONE',  ( -0.1999999999999997335, 14.15750163757763325, 9.500000000000000000 ) ) ;
#5936 = ORIENTED_EDGE ( 'NONE', *, *, #3226, .T. ) ;
#5937 = CARTESIAN_POINT ( 'NONE',  ( 0.1344090904365647099, 9.149947159089064641, -9.618939772579238934 ) ) ;
#5938 = CIRCLE ( 'NONE', #2125, 0.1000000000000001443 ) ;
#5939 = CARTESIAN_POINT ( 'NONE',  ( 0.000000000000000000, 2.600000000000046718, 0.000000000000000000 ) ) ;
#5940 = CARTESIAN_POINT ( 'NONE',  ( 2.990506824099992134, 2.805546941863847898, 9.411815822241493379 ) ) ;
#5941 = ORIENTED_EDGE ( 'NONE', *, *, #3742, .F. ) ;
#5942 = CARTESIAN_POINT ( 'NONE',  ( -5.644697277988059980, 14.16691622594742306, -8.210567395228764553 ) ) ;
#5943 = CARTESIAN_POINT ( 'NONE',  ( -5.839458108830970495, 13.98186336901610183, -8.302876566562545690 ) ) ;
#5944 = ORIENTED_EDGE ( 'NONE', *, *, #1939, .T. ) ;
#5945 = CARTESIAN_POINT ( 'NONE',  ( -5.899614887507814487, 9.351067230577578826, -8.360213584992118641 ) ) ;
#5946 = ORIENTED_EDGE ( 'NONE', *, *, #5214, .F. ) ;
#5947 = DIRECTION ( 'NONE',  ( 0.06378941039517850575, 0.3857600616674294880, -0.9203912678550230098 ) ) ;
#5948 = SURFACE_STYLE_USAGE ( .BOTH. , #2482 ) ;
#5949 = CARTESIAN_POINT ( 'NONE',  ( 6.433312801350290044, 4.042299445252576895, 7.878695025749277825 ) ) ;
#5950 = EDGE_CURVE ( 'NONE', #5364, #5047, #2765, .T. ) ;
#5951 = B_SPLINE_CURVE_WITH_KNOTS ( 'NONE', 3,
 ( #3465, #1113, #3078, #5041, #639, #5435 ),
 .UNSPECIFIED., .F., .F.,
 ( 4, 2, 4 ),
 ( 0.000000000000000000, 0.0003404253011872891872, 0.0006808506023745783745 ),
 .UNSPECIFIED. ) ;
#5952 = EDGE_CURVE ( 'NONE', #4443, #4209, #2638, .T. ) ;
#5953 = CARTESIAN_POINT ( 'NONE',  ( -0.4135033371295791516, 2.232339990675700214, 11.96667044046451345 ) ) ;
#5954 = AXIS2_PLACEMENT_3D ( 'NONE', #501, #466, #3420 ) ;
#5955 = CARTESIAN_POINT ( 'NONE',  ( 2.823103349089887804, 3.852398569387887495, -9.960935393527449833 ) ) ;
#5956 =( LENGTH_UNIT ( ) NAMED_UNIT ( * ) SI_UNIT ( .MILLI., .METRE. ) );
#5957 = UNCERTAINTY_MEASURE_WITH_UNIT (LENGTH_MEASURE( 1.000000000000000082E-05 ), #4215, 'distance_accuracy_value', 'NONE');
#5958 = CARTESIAN_POINT ( 'NONE',  ( 1.659072168858043206, 13.92087586580219494, 10.01530372681640912 ) ) ;
#5959 =( NAMED_UNIT ( * ) PLANE_ANGLE_UNIT ( ) SI_UNIT ( $, .RADIAN. ) );
#5960 = STYLED_ITEM ( 'NONE', ( #1820 ), #6079 ) ;
#5961 = CARTESIAN_POINT ( 'NONE',  ( 7.561834999605695273, 3.756969513007714756, 7.283532563976656604 ) ) ;
#5962 = CARTESIAN_POINT ( 'NONE',  ( 0.9832267671729276737, 3.669383407414282594, 10.49030580765139220 ) ) ;
#5963 = CARTESIAN_POINT ( 'NONE',  ( -5.885950052722508374, 13.99046619158894700, 7.824779259132249365 ) ) ;
#5964 = CARTESIAN_POINT ( 'NONE',  ( -9.196360395771231211, 4.076122564968069462, -4.266507801984429804 ) ) ;
#5965 = CARTESIAN_POINT ( 'NONE',  ( 0.2066380998404219183, 14.05871762984685169, 9.384307178631051016 ) ) ;
#5966 = ORIENTED_EDGE ( 'NONE', *, *, #410, .T. ) ;
#5967 = CARTESIAN_POINT ( 'NONE',  ( 0.1361456615433632444, 9.149945777067769015, -9.415419688511024177 ) ) ;
#5968 = CARTESIAN_POINT ( 'NONE',  ( -9.818132440248756865, 14.10646180264001437, -3.174075716418683690 ) ) ;
#5969 = MECHANICAL_DESIGN_GEOMETRIC_PRESENTATION_REPRESENTATION (  '', ( #2 ), #6171 ) ;
#5970 = CARTESIAN_POINT ( 'NONE',  ( 6.617934862299787113, 14.30659558006111176, -6.534920850413568516 ) ) ;
#5971 = ORIENTED_EDGE ( 'NONE', *, *, #6341, .T. ) ;
#5972 = PRESENTATION_STYLE_ASSIGNMENT (( #1983 ) ) ;
#5973 = CARTESIAN_POINT ( 'NONE',  ( 0.1999999999999979572, 14.89958263627552881, 0.000000000000000000 ) ) ;
#5974 = ORIENTED_EDGE ( 'NONE', *, *, #4226, .T. ) ;
#5975 = DIRECTION ( 'NONE',  ( 0.000000000000000000, 0.000000000000000000, -1.000000000000000000 ) ) ;
#5976 = EDGE_LOOP ( 'NONE', ( #6316, #4344, #1243, #4102, #1375 ) ) ;
#5977 = CARTESIAN_POINT ( 'NONE',  ( 2.857837156094021225, 9.409385675803768834, -9.823970057114095766 ) ) ;
#5978 = CARTESIAN_POINT ( 'NONE',  ( -6.491143681989691494, 4.196815461653756074, -7.632449688681735900 ) ) ;
#5979 = DIRECTION ( 'NONE',  ( -1.000000000000000000, 0.000000000000000000, 0.000000000000000000 ) ) ;
#5980 =( GEOMETRIC_REPRESENTATION_CONTEXT ( 3 ) GLOBAL_UNCERTAINTY_ASSIGNED_CONTEXT ( ( #90 ) ) GLOBAL_UNIT_ASSIGNED_CONTEXT ( ( #4458, #3949, #3918 ) ) REPRESENTATION_CONTEXT ( 'NONE', 'WORKASPACE' ) );
#5981 = CARTESIAN_POINT ( 'NONE',  ( 0.2994987627820525633, 14.07001769423616189, 9.310424272721292027 ) ) ;
#5982 = CARTESIAN_POINT ( 'NONE',  ( 6.857125533069170054, 14.15872610223389394, 7.296432521938286619 ) ) ;
#5983 = CARTESIAN_POINT ( 'NONE',  ( -0.3999999999999997446, 14.94819571328011065, 0.1476616798099827099 ) ) ;
#5984 = ADVANCED_FACE ( 'NONE', ( #4924 ), #4120, .T. ) ;
#5985 = EDGE_CURVE ( 'NONE', #6099, #2694, #3028, .T. ) ;
#5986 = AXIS2_PLACEMENT_3D ( 'NONE', #2871, #4293, #1334 ) ;
#5987 = CARTESIAN_POINT ( 'NONE',  ( -6.027596737763697199, 3.852398569460377953, -8.417732711310652149 ) ) ;
#5988 =( BOUNDED_SURFACE ( )  B_SPLINE_SURFACE ( 3, 2, ( 
 ( #6371, #3871, #555 ),
 ( #4449, #1522, #4987 ),
 ( #6310, #3415, #27 ),
 ( #5383, #977, #3474 ) ),
 .UNSPECIFIED., .F., .F., .F. ) 
 B_SPLINE_SURFACE_WITH_KNOTS ( ( 4, 4 ),
 ( 3, 3 ),
 ( 0.000000000000000000, 0.005799967197924284223 ),
 ( 0.000000000000000000, 1.000000000000000000 ),
 .UNSPECIFIED. ) 
 GEOMETRIC_REPRESENTATION_ITEM ( )  RATIONAL_B_SPLINE_SURFACE ( (
 ( 1.000000000000000000, 0.7639885047476864255, 1.000000000000000000),
 ( 1.000000000000000000, 0.7662491060478869853, 1.000000000000000000),
 ( 1.000000000000000000, 0.7662486929710673467, 1.000000000000000000),
 ( 1.000000000000000000, 0.7639881486048764048, 1.000000000000000000) ) ) 
 REPRESENTATION_ITEM ( '' )  SURFACE ( )  );
#5989 = CARTESIAN_POINT ( 'NONE',  ( -10.27874636507615413, 5.743678914241810318, -0.5911282372670837448 ) ) ;
#5990 = VECTOR ( 'NONE', #1909, 999.9999999999998863 ) ;
#5991 = CARTESIAN_POINT ( 'NONE',  ( 9.630766392250603047, 3.942201131436419370, -4.038074971804943125 ) ) ;
#5992 = CARTESIAN_POINT ( 'NONE',  ( -8.702921930639352155, 4.340668483209304540, -4.765663217141521635 ) ) ;
#5993 = CARTESIAN_POINT ( 'NONE',  ( -0.4000000000027171265, 14.16873860304933785, 9.352730031662867205 ) ) ;
#5994 = EDGE_CURVE ( 'NONE', #1924, #2036, #3589, .T. ) ;
#5995 = CARTESIAN_POINT ( 'NONE',  ( 0.5879546903059305052, 2.374893314551062229, 11.81615383924914475 ) ) ;
#5996 = CARTESIAN_POINT ( 'NONE',  ( 1.278562654917534402, 8.756350971228096469, -9.471494805365077596 ) ) ;
#5997 = CARTESIAN_POINT ( 'NONE',  ( 8.118271801331614412, 18.56270068503822657, -5.032404412495992574 ) ) ;
#5998 = CARTESIAN_POINT ( 'NONE',  ( 1.386449457983634392, 3.697134351064745861, 10.41620811621201526 ) ) ;
#5999 = ORIENTED_EDGE ( 'NONE', *, *, #5446, .T. ) ;
#6000 = CARTESIAN_POINT ( 'NONE',  ( -10.48280904501138799, 2.150916105309754744, -0.9308430262622522378 ) ) ;
#6001 = FILL_AREA_STYLE ('',( #1632 ) ) ;
#6002 = ORIENTED_EDGE ( 'NONE', *, *, #4218, .T. ) ;
#6003 = CARTESIAN_POINT ( 'NONE',  ( -5.970018420182878316, 3.939984671886588519, -8.427070146075580581 ) ) ;
#6004 = ORIENTED_EDGE ( 'NONE', *, *, #3585, .T. ) ;
#6005 = CARTESIAN_POINT ( 'NONE',  ( 0.000000000000000000, -45.00000000000000000, 0.000000000000000000 ) ) ;
#6006 = ORIENTED_EDGE ( 'NONE', *, *, #289, .F. ) ;
#6007 = ORIENTED_EDGE ( 'NONE', *, *, #1118, .T. ) ;
#6008 = CARTESIAN_POINT ( 'NONE',  ( -9.665794587323002673, 17.85362922301017363, -3.505399330411945513 ) ) ;
#6009 = CARTESIAN_POINT ( 'NONE',  ( 2.857882814128494875, 9.380226453198412528, -9.824491311174906372 ) ) ;
#6010 = DIRECTION ( 'NONE',  ( -0.000000000000000000, 0.000000000000000000, -1.000000000000000000 ) ) ;
#6011 = CARTESIAN_POINT ( 'NONE',  ( 6.988580461128288235, 4.500846150744941987, -6.824025978635033240 ) ) ;
#6012 = ORIENTED_EDGE ( 'NONE', *, *, #2881, .F. ) ;
#6013 = CARTESIAN_POINT ( 'NONE',  ( 9.112792649635778730, 4.042931879510543780, 4.517365202230109844 ) ) ;
#6014 = EDGE_LOOP ( 'NONE', ( #1301, #4803 ) ) ;
#6015 = CARTESIAN_POINT ( 'NONE',  ( -0.2967882276751918069, 14.07047359285200372, 9.307581117781744240 ) ) ;
#6016 = CARTESIAN_POINT ( 'NONE',  ( 9.516543489105368181, 4.483108353606754193, 2.037923134114270951 ) ) ;
#6017 = CARTESIAN_POINT ( 'NONE',  ( -0.2000000000002113421, 14.94964553690047815, -1.184070745098575461E-12 ) ) ;
#6018 = CARTESIAN_POINT ( 'NONE',  ( -0.9626991020044441960, 4.413260048261059332, -9.756001255679409567 ) ) ;
#6019 = DIRECTION ( 'NONE',  ( -0.3418705322118507639, -0.3857600619532168262, -0.8569210662640033282 ) ) ;
#6020 = CARTESIAN_POINT ( 'NONE',  ( 6.865433900379646737, 3.852387264938382128, 7.749593400256170383 ) ) ;
#6021 = ADVANCED_FACE ( 'NONE', ( #4201 ), #3486, .T. ) ;
#6022 = DIRECTION ( 'NONE',  ( -0.7593740810230523719, 0.3857503554299057114, -0.5239729652912414881 ) ) ;
#6023 = CARTESIAN_POINT ( 'NONE',  ( 0.4503753127606349715, 14.27193966532341562, 9.307756463719764284 ) ) ;
#6024 = CARTESIAN_POINT ( 'NONE',  ( 3.092211204112629730, 3.737636420192217646, -10.00394781329687710 ) ) ;
#6025 = CARTESIAN_POINT ( 'NONE',  ( -1.401937158867256450, 5.134932128746954483, -9.550486889049153660 ) ) ;
#6026 = AXIS2_PLACEMENT_3D ( 'NONE', #4139, #5623, #1753 ) ;
#6027 = EDGE_CURVE ( 'NONE', #16, #2273, #3258, .T. ) ;
#6028 = B_SPLINE_CURVE_WITH_KNOTS ( 'NONE', 3,
 ( #4933, #5982, #2541, #4476, #3568, #525 ),
 .UNSPECIFIED., .F., .F.,
 ( 4, 2, 4 ),
 ( 0.000000000000000000, 0.0003403815807258420405, 0.0006807631614516840811 ),
 .UNSPECIFIED. ) ;
#6029 = EDGE_CURVE ( 'NONE', #1348, #4861, #4420, .T. ) ;
#6030 = DIRECTION ( 'NONE',  ( -1.903723382878104366E-16, 0.000000000000000000, 1.000000000000000000 ) ) ;
#6031 = AXIS2_PLACEMENT_3D ( 'NONE', #4854, #3856, #794 ) ;
#6032 = CARTESIAN_POINT ( 'NONE',  ( 2.850705056305381735, 13.92087586572035640, -9.743321296933855180 ) ) ;
#6033 = VERTEX_POINT ( 'NONE', #3228 ) ;
#6034 = CARTESIAN_POINT ( 'NONE',  ( -8.864698375648234929, 13.92087438189274273, 4.947338659961871166 ) ) ;
#6035 = CARTESIAN_POINT ( 'NONE',  ( 10.31080423936761647, 3.939973368112489549, -0.5866566252628444555 ) ) ;
#6036 = CARTESIAN_POINT ( 'NONE',  ( 0.5645590610631179285, 18.63523168900006155, -9.459419389093961072 ) ) ;
#6037 = ORIENTED_EDGE ( 'NONE', *, *, #1625, .F. ) ;
#6038 = DIRECTION ( 'NONE',  ( 0.3897440020049411924, 0.9209232394185590254, 0.000000000000000000 ) ) ;
#6039 = ORIENTED_EDGE ( 'NONE', *, *, #5560, .T. ) ;
#6040 = CARTESIAN_POINT ( 'NONE',  ( -7.959453250128214918, 2.932349590289088148, -5.630457958031942489 ) ) ;
#6041 = CIRCLE ( 'NONE', #3468, 0.09999999999999982514 ) ;
#6042 = CARTESIAN_POINT ( 'NONE',  ( -3.224055422132458215, 14.27269387351459429, 8.947895044374364559 ) ) ;
#6043 = CARTESIAN_POINT ( 'NONE',  ( -9.117012935128983031, 4.287181423727892238, 4.072201669193870721 ) ) ;
#6044 = CARTESIAN_POINT ( 'NONE',  ( 0.5619205030613384499, 2.739347697977379426, 11.27826248722003477 ) ) ;
#6045 = EDGE_LOOP ( 'NONE', ( #4180, #1377, #2859, #4879 ) ) ;
#6046 = CARTESIAN_POINT ( 'NONE',  ( -6.410943103190354892E-15, 1.868943947005726969, 0.000000000000000000 ) ) ;
#6047 = CARTESIAN_POINT ( 'NONE',  ( -0.2527969904745146490, 14.06085634625784309, 9.369709910468090541 ) ) ;
#6048 = CARTESIAN_POINT ( 'NONE',  ( -7.130716525698573172, 3.825112817345476035, 7.622110325118120144 ) ) ;
#6049 = CARTESIAN_POINT ( 'NONE',  ( -0.5088582539951626016, 3.026194699392309673, 11.16797784701462604 ) ) ;
#6050 = CARTESIAN_POINT ( 'NONE',  ( 9.439744590584913553, 10.93265526058816661, -3.875685490742528216 ) ) ;
#6051 =( NAMED_UNIT ( * ) SI_UNIT ( $, .STERADIAN. ) SOLID_ANGLE_UNIT ( ) );
#6052 = CARTESIAN_POINT ( 'NONE',  ( 6.866322162230175330, 3.886646805740717081, 7.703036521778123813 ) ) ;
#6053 = CARTESIAN_POINT ( 'NONE',  ( 0.2667395469863020896, 14.23325577522853536, 9.557964859787123402 ) ) ;
#6054 = CARTESIAN_POINT ( 'NONE',  ( -6.197277006479648520, 4.130617286825778223, -8.028347306575783549 ) ) ;
#6055 = AXIS2_PLACEMENT_3D ( 'NONE', #3265, #4819, #5267 ) ;
#6056 = CARTESIAN_POINT ( 'NONE',  ( 0.2994991652754608324, 14.07232450580328731, 9.295746766258542237 ) ) ;
#6057 = CARTESIAN_POINT ( 'NONE',  ( -1.931873932149941187, 5.738533018490942439, -9.773419322303833923 ) ) ;
#6058 = PRODUCT_RELATED_PRODUCT_CATEGORY ( 'part', '', ( #486 ) ) ;
#6059 =( GEOMETRIC_REPRESENTATION_CONTEXT ( 3 ) GLOBAL_UNCERTAINTY_ASSIGNED_CONTEXT ( ( #473 ) ) GLOBAL_UNIT_ASSIGNED_CONTEXT ( ( #3049, #4982, #2988 ) ) REPRESENTATION_CONTEXT ( 'NONE', 'WORKASPACE' ) );
#6060 = CARTESIAN_POINT ( 'NONE',  ( 6.929692367328022407, 2.858130592963084027, -6.962805521323278235 ) ) ;
#6061 = DIRECTION ( 'NONE',  ( 0.000000000000000000, 0.000000000000000000, -1.000000000000000000 ) ) ;
#6062 =( NAMED_UNIT ( * ) PLANE_ANGLE_UNIT ( ) SI_UNIT ( $, .RADIAN. ) );
#6063 = CARTESIAN_POINT ( 'NONE',  ( 6.627999852705642070, 4.252722927171141087, -7.428626765876563454 ) ) ;
#6064 = DIRECTION ( 'NONE',  ( 0.000000000000000000, 0.000000000000000000, -1.000000000000000000 ) ) ;
#6065 = ORIENTED_EDGE ( 'NONE', *, *, #806, .F. ) ;
#6066 = CARTESIAN_POINT ( 'NONE',  ( -3.335862933770005867, 4.500878757536211694, 9.180355800501553531 ) ) ;
#6067 = EDGE_CURVE ( 'NONE', #4056, #2653, #4105, .T. ) ;
#6068 = ORIENTED_EDGE ( 'NONE', *, *, #2799, .T. ) ;
#6069 = EDGE_CURVE ( 'NONE', #5433, #797, #930, .T. ) ;
#6070 = CARTESIAN_POINT ( 'NONE',  ( 9.008156530935107043, 3.697134351060890278, 5.410429699500542533 ) ) ;
#6071 = ORIENTED_EDGE ( 'NONE', *, *, #376, .T. ) ;
#6072 = CARTESIAN_POINT ( 'NONE',  ( -9.275058215376812853, 18.09554563760778478, -3.849355142565383137 ) ) ;
#6073 = CARTESIAN_POINT ( 'NONE',  ( -4.978860997017743095, 14.05984037631316674, 8.107124270781598696 ) ) ;
#6074 = ORIENTED_EDGE ( 'NONE', *, *, #3320, .T. ) ;
#6075 = CARTESIAN_POINT ( 'NONE',  ( -9.119686481750072460, 4.234637829242801743, 4.058689129924395012 ) ) ;
#6076 = CIRCLE ( 'NONE', #5147, 0.09999999999999932554 ) ;
#6077 = CARTESIAN_POINT ( 'NONE',  ( 9.872216265276172464, 10.51632293795153039, -3.210500610847176528 ) ) ;
#6078 = ORIENTED_EDGE ( 'NONE', *, *, #5645, .F. ) ;
#6079 = ADVANCED_FACE ( 'NONE', ( #3855 ), #2051, .F. ) ;
#6080 = CARTESIAN_POINT ( 'NONE',  ( -7.287498176559140006, 13.89156607017589806, 6.946965677816069551 ) ) ;
#6081 = CARTESIAN_POINT ( 'NONE',  ( -0.3999999999999993561, 13.63511657567311097, 0.2000000000000014266 ) ) ;
#6082 = CARTESIAN_POINT ( 'NONE',  ( -0.4503751379223563389, 14.99819420924313818, 0.1346893225284774565 ) ) ;
#6083 = CARTESIAN_POINT ( 'NONE',  ( 10.33940411865617826, 3.852387265164991081, -0.5358199102305479800 ) ) ;
#6084 = DIRECTION ( 'NONE',  ( 0.000000000000000000, 0.000000000000000000, -1.000000000000000000 ) ) ;
#6085 = CARTESIAN_POINT ( 'NONE',  ( 0.000000000000000000, 12.59999999999994458, 0.000000000000000000 ) ) ;
#6086 = CARTESIAN_POINT ( 'NONE',  ( 6.079874449522487012, 3.942189826666285146, -8.490764015752876759 ) ) ;
#6087 = CARTESIAN_POINT ( 'NONE',  ( -2.176208564019395553, 7.490765973226498176, -3.841113089643650280 ) ) ;
#6088 = CARTESIAN_POINT ( 'NONE',  ( 3.388640819027721740, 3.669383429054380752, -9.980867046368521400 ) ) ;
#6089 = CARTESIAN_POINT ( 'NONE',  ( -0.5508679657728592360, 4.718470932054454892, -9.703992731764635948 ) ) ;
#6090 = CARTESIAN_POINT ( 'NONE',  ( 6.545466354835295597, 18.50563337423837851, -7.036742446804214346 ) ) ;
#6091 = CARTESIAN_POINT ( 'NONE',  ( 2.136123824695418172, 18.29689978096340042, 9.603142969755163350 ) ) ;
#6092 = ORIENTED_EDGE ( 'NONE', *, *, #2756, .F. ) ;
#6093 = CARTESIAN_POINT ( 'NONE',  ( 8.885503594018048901, 4.196815461089988375, -4.630017326309843639 ) ) ;
#6094 = CARTESIAN_POINT ( 'NONE',  ( -1.136130949023656411, 9.088036365521789506, -9.651046768582354218 ) ) ;
#6095 = B_SPLINE_CURVE_WITH_KNOTS ( 'NONE', 3,
 ( #3829, #5854, #451, #3926, #2348, #5244 ),
 .UNSPECIFIED., .F., .F.,
 ( 4, 2, 4 ),
 ( 0.000000000000000000, 0.0004385534989563409257, 0.0008771069979126818513 ),
 .UNSPECIFIED. ) ;
#6096 = VERTEX_POINT ( 'NONE', #4851 ) ;
#6097 = CARTESIAN_POINT ( 'NONE',  ( -6.448036010627365755, 4.130617286569046698, 7.828373674072883759 ) ) ;
#6098 = CARTESIAN_POINT ( 'NONE',  ( 8.922194138278337405, 10.55301040807878721, 4.965963159625429668 ) ) ;
#6099 = VERTEX_POINT ( 'NONE', #2815 ) ;
#6100 = EDGE_CURVE ( 'NONE', #4812, #924, #3484, .T. ) ;
#6101 = ADVANCED_FACE ( 'NONE', ( #918 ), #1526, .T. ) ;
#6102 = CARTESIAN_POINT ( 'NONE',  ( -9.463266573223027223, 2.392818926060479967, -4.048747716898080107 ) ) ;
#6103 = FACE_OUTER_BOUND ( 'NONE', #2441, .T. ) ;
#6104 = CARTESIAN_POINT ( 'NONE',  ( 7.561834999605695273, 3.756969513007718753, 7.283532563976659269 ) ) ;
#6105 = CARTESIAN_POINT ( 'NONE',  ( 9.421297743590638873, 2.950954106473958838, 2.435896854646617538 ) ) ;
#6106 = VERTEX_POINT ( 'NONE', #342 ) ;
#6107 = CARTESIAN_POINT ( 'NONE',  ( 9.005746513653608787, 14.27257337730882014, 3.059979127466245341 ) ) ;
#6108 = ORIENTED_EDGE ( 'NONE', *, *, #2054, .F. ) ;
#6109 = EDGE_CURVE ( 'NONE', #5790, #1274, #1741, .T. ) ;
#6110 =( LENGTH_UNIT ( ) NAMED_UNIT ( * ) SI_UNIT ( .MILLI., .METRE. ) );
#6111 = CYLINDRICAL_SURFACE ( 'NONE', #1240, 0.2000000000000005107 ) ;
#6112 = CARTESIAN_POINT ( 'NONE',  ( -0.6531287815048938405, 2.562710396263535362, 11.62462285583972132 ) ) ;
#6113 = CARTESIAN_POINT ( 'NONE',  ( -9.699807933656641623, 4.486681183490977887, 1.200588005573329786 ) ) ;
#6114 = CIRCLE ( 'NONE', #4684, 59.79924999738707214 ) ;
#6115 = CARTESIAN_POINT ( 'NONE',  ( 0.4000000000000014100, 14.16873762152813576, 9.352742521843266488 ) ) ;
#6116 = CARTESIAN_POINT ( 'NONE',  ( 2.494573587239115930, 4.284880635284152639, 9.670755172896631890 ) ) ;
#6117 = CARTESIAN_POINT ( 'NONE',  ( -6.846467091893122969, 4.445140643417186510, -7.033998695503470344 ) ) ;
#6118 = CARTESIAN_POINT ( 'NONE',  ( -6.809602245145779165, 12.42676558310476409, 7.564584388824651562 ) ) ;
#6119 = CARTESIAN_POINT ( 'NONE',  ( -2.442974247221199491, 6.914796293027902330, -9.811085916513292204 ) ) ;
#6120 =( BOUNDED_SURFACE ( )  B_SPLINE_SURFACE ( 3, 2, ( 
 ( #5216, #1257, #360 ),
 ( #5708, #812, #2764 ),
 ( #226, #4677, #1740 ),
 ( #4220, #5184, #2326 ) ),
 .UNSPECIFIED., .F., .F., .T. ) 
 B_SPLINE_SURFACE_WITH_KNOTS ( ( 4, 4 ),
 ( 3, 3 ),
 ( 0.02720416085043328783, 0.03749239151933350667 ),
 ( 0.000000000000000000, 1.000000000000000000 ),
 .UNSPECIFIED. ) 
 GEOMETRIC_REPRESENTATION_ITEM ( )  RATIONAL_B_SPLINE_SURFACE ( (
 ( 1.000000000000000000, 0.9685162343827129483, 1.000000000000000000),
 ( 1.000000000000000000, 0.9683929456390835133, 1.000000000000000000),
 ( 1.000000000000000000, 0.9682663969575849849, 1.000000000000000000),
 ( 1.000000000000000000, 0.9681363959656686946, 1.000000000000000000) ) ) 
 REPRESENTATION_ITEM ( '' )  SURFACE ( )  );
#6121 = CARTESIAN_POINT ( 'NONE',  ( -8.826475782111288026, 13.90659367269008051, 5.214674675667879455 ) ) ;
#6122 = ORIENTED_EDGE ( 'NONE', *, *, #4935, .F. ) ;
#6123 = CARTESIAN_POINT ( 'NONE',  ( -8.831358553065065564, 13.98371528638754668, 5.356343116665415849 ) ) ;
#6124 = CARTESIAN_POINT ( 'NONE',  ( 1.380774843637517568, 8.923049774785615895, -9.671188729992575617 ) ) ;
#6125 = ORIENTED_EDGE ( 'NONE', *, *, #1193, .F. ) ;
#6126 = CARTESIAN_POINT ( 'NONE',  ( -2.709595774021770431, 4.340668482915713611, 9.545181338365200219 ) ) ;
#6127 = CARTESIAN_POINT ( 'NONE',  ( -10.13337744111114702, 13.92087586574929681, -0.6111389737622880958 ) ) ;
#6128 = CARTESIAN_POINT ( 'NONE',  ( 5.418252608937918602, 3.756969513007445194, -8.992982477327148061 ) ) ;
#6129 = VERTEX_POINT ( 'NONE', #3394 ) ;
#6130 = ORIENTED_EDGE ( 'NONE', *, *, #5368, .F. ) ;
#6131 = CARTESIAN_POINT ( 'NONE',  ( 8.603090941531753799, 14.10646180264008898, 5.697131516785375105 ) ) ;
#6132 = CARTESIAN_POINT ( 'NONE',  ( 0.4000442606652647171, 14.99852949719281092, 0.1474345082415420283 ) ) ;
#6133 = CARTESIAN_POINT ( 'NONE',  ( -3.388277088962124317, 3.669383428082019449, -9.981001704146716946 ) ) ;
#6134 = DIRECTION ( 'NONE',  ( 0.000000000000000000, 0.000000000000000000, -1.000000000000000000 ) ) ;
#6135 = CARTESIAN_POINT ( 'NONE',  ( 9.614183600333412016, 2.932358916974215024, 1.619389853395956980 ) ) ;
#6136 = EDGE_LOOP ( 'NONE', ( #6037, #2198, #1444, #5808, #3459 ) ) ;
#6137 = MECHANICAL_DESIGN_GEOMETRIC_PRESENTATION_REPRESENTATION (  '', ( #5934 ), #2952 ) ;
#6138 = CARTESIAN_POINT ( 'NONE',  ( 10.33940411865617826, 3.852387265164995966, -0.5358199102305478689 ) ) ;
#6139 = AXIS2_PLACEMENT_3D ( 'NONE', #4479, #4939, #1583 ) ;
#6140 = EDGE_LOOP ( 'NONE', ( #5265, #4113, #450, #168 ) ) ;
#6141 = CARTESIAN_POINT ( 'NONE',  ( 0.1996039603961612119, 14.04035806997843316, 9.500000000000255795 ) ) ;
#6142 = FACE_OUTER_BOUND ( 'NONE', #4364, .T. ) ;
#6143 = CARTESIAN_POINT ( 'NONE',  ( -0.3046018145557142232, 14.89937172543766764, 0.02173275047422860290 ) ) ;
#6144 = EDGE_CURVE ( 'NONE', #1317, #4015, #822, .T. ) ;
#6145 = EDGE_CURVE ( 'NONE', #804, #5364, #5178, .T. ) ;
#6146 = DIRECTION ( 'NONE',  ( 0.000000000000000000, 0.000000000000000000, -1.000000000000000000 ) ) ;
#6147 = CARTESIAN_POINT ( 'NONE',  ( -0.9797680555444748807, 3.756969513007407890, 10.45328894315614043 ) ) ;
#6148 = CARTESIAN_POINT ( 'NONE',  ( 8.398874422692385266, 4.357486223912146350, -5.147677650172962416 ) ) ;
#6149 = CARTESIAN_POINT ( 'NONE',  ( -3.967943419109003500, 2.950865982087377049, 8.885464032248217237 ) ) ;
#6150 = DIRECTION ( 'NONE',  ( -0.1356983269465441844, 1.924618902898471248E-16, 0.9907502026565067066 ) ) ;
#6151 = EDGE_CURVE ( 'NONE', #2653, #1470, #5764, .T. ) ;
#6152 = B_SPLINE_CURVE_WITH_KNOTS ( 'NONE', 3,
 ( #1353, #807, #3344, #425, #5825, #934, #2759, #4283, #3313, #1419, #2894, #4864 ),
 .UNSPECIFIED., .F., .F.,
 ( 4, 2, 2, 2, 2, 4 ),
 ( 0.01246721495733784865, 0.01336274545163519331, 0.01425827594593253624, 0.01515380644022988089, 0.01560157168737855149, 0.01604933693452722382 ),
 .UNSPECIFIED. ) ;
#6153 = DIRECTION ( 'NONE',  ( 0.000000000000000000, 0.000000000000000000, 1.000000000000000000 ) ) ;
#6154 = CIRCLE ( 'NONE', #520, 9.000000000000000000 ) ;
#6155 = CARTESIAN_POINT ( 'NONE',  ( 10.40922206766159519, 3.756969513007463402, -1.370872392997396938 ) ) ;
#6156 = AXIS2_PLACEMENT_3D ( 'NONE', #4910, #2906, #4424 ) ;
#6157 = CARTESIAN_POINT ( 'NONE',  ( -8.941239743090125813, 9.438539598716891632, 4.972078389912258700 ) ) ;
#6158 = DIRECTION ( 'NONE',  ( 1.065814103640150279E-14, 0.000000000000000000, -1.000000000000000000 ) ) ;
#6159 = EDGE_LOOP ( 'NONE', ( #1519, #2309, #2503, #4892 ) ) ;
#6160 = CARTESIAN_POINT ( 'NONE',  ( -0.2215802527082211815, 14.79950203359584116, 0.1022679107835550161 ) ) ;
#6161 = FACE_OUTER_BOUND ( 'NONE', #5005, .T. ) ;
#6162 = CARTESIAN_POINT ( 'NONE',  ( 9.795752110184063000, 7.126431806510213463, -3.634598717165035797 ) ) ;
#6163 = CARTESIAN_POINT ( 'NONE',  ( -0.5508679657728692280, 4.718470932054457556, -9.703992731764650159 ) ) ;
#6164 = CARTESIAN_POINT ( 'NONE',  ( 0.000000000000000000, -45.00000000000000000, 9.557964970808997762 ) ) ;
#6165 = EDGE_LOOP ( 'NONE', ( #2508, #2752, #4249, #1790 ) ) ;
#6166 = CARTESIAN_POINT ( 'NONE',  ( -10.53511423076547970, 3.759185968624768392, -1.387463074419393205 ) ) ;
#6167 = CARTESIAN_POINT ( 'NONE',  ( -10.13346671118635456, 4.072199286104173588, -7.246900701234712617E-13 ) ) ;
#6168 = ORIENTED_EDGE ( 'NONE', *, *, #5166, .T. ) ;
#6169 = CARTESIAN_POINT ( 'NONE',  ( 9.691856239978609011, 4.449008461256546809, 1.215456894190891646 ) ) ;
#6170 = ORIENTED_EDGE ( 'NONE', *, *, #3987, .F. ) ;
#6171 =( GEOMETRIC_REPRESENTATION_CONTEXT ( 3 ) GLOBAL_UNCERTAINTY_ASSIGNED_CONTEXT ( ( #3054 ) ) GLOBAL_UNIT_ASSIGNED_CONTEXT ( ( #5827, #1901, #2413 ) ) REPRESENTATION_CONTEXT ( 'NONE', 'WORKASPACE' ) );
#6172 = CARTESIAN_POINT ( 'NONE',  ( 0.5956757277675729378, 2.561103267246760407, 11.62946070104621121 ) ) ;
#6173 = CARTESIAN_POINT ( 'NONE',  ( -10.14075368901023033, 4.130617287130733395, -0.1603664018719163364 ) ) ;
#6174 = B_SPLINE_CURVE_WITH_KNOTS ( 'NONE', 3,
 ( #5150, #295, #6208, #1805 ),
 .UNSPECIFIED., .F., .F.,
 ( 4, 4 ),
 ( 0.000000000000000000, 0.0008791099588551598652 ),
 .UNSPECIFIED. ) ;
#6175 = CARTESIAN_POINT ( 'NONE',  ( 6.795879512146697721, 13.92087438191913584, 7.541555460265814581 ) ) ;
#6176 = CARTESIAN_POINT ( 'NONE',  ( 8.864694338212403935, 13.92087586570633562, 4.947324883748799529 ) ) ;
#6177 = ADVANCED_FACE ( 'NONE', ( #5753 ), #4568, .T. ) ;
#6178 = EDGE_CURVE ( 'NONE', #3914, #858, #3176, .T. ) ;
#6179 = DIRECTION ( 'NONE',  ( 1.906442528882679709E-16, 6.245180454804304280E-15, -1.000000000000000000 ) ) ;
#6180 = CARTESIAN_POINT ( 'NONE',  ( -6.795865183208212201, 13.92087586570300850, 7.541554589566731970 ) ) ;
#6181 = CARTESIAN_POINT ( 'NONE',  ( 7.274756749842485881, 13.89826178181664140, 7.303783977785990089 ) ) ;
#6182 = EDGE_LOOP ( 'NONE', ( #661, #2141, #4174, #3160 ) ) ;
#6183 = CARTESIAN_POINT ( 'NONE',  ( -5.970018420182878316, 3.939984671886588519, -8.427070146075580581 ) ) ;
#6184 = ADVANCED_FACE ( 'NONE', ( #2605 ), #195, .F. ) ;
#6185 = CARTESIAN_POINT ( 'NONE',  ( -0.5837831170639763423, 9.286111130107920886, -9.624708184373902853 ) ) ;
#6186 = ORIENTED_EDGE ( 'NONE', *, *, #3077, .F. ) ;
#6187 = CARTESIAN_POINT ( 'NONE',  ( -9.846537970676820350, 3.697164847810038513, -3.669509717473251609 ) ) ;
#6188 = AXIS2_PLACEMENT_3D ( 'NONE', #2363, #4781, #2392 ) ;
#6189 = CARTESIAN_POINT ( 'NONE',  ( 0.3044744296025202468, 14.94911954172079227, 0.02165810460319883557 ) ) ;
#6190 = CIRCLE ( 'NONE', #1163, 59.79924874320212069 ) ;
#6191 =( BOUNDED_SURFACE ( )  B_SPLINE_SURFACE ( 3, 2, ( 
 ( #733, #5105, #246 ),
 ( #4630, #5525, #1604 ),
 ( #2654, #145, #638 ),
 ( #3692, #6131, #279 ) ),
 .UNSPECIFIED., .F., .F., .T. ) 
 B_SPLINE_SURFACE_WITH_KNOTS ( ( 4, 4 ),
 ( 3, 3 ),
 ( 0.000000000000000000, 0.0006708533579085724716 ),
 ( 0.000000000000000000, 1.000000000000000000 ),
 .UNSPECIFIED. ) 
 GEOMETRIC_REPRESENTATION_ITEM ( )  RATIONAL_B_SPLINE_SURFACE ( (
 ( 1.000000000000000000, 0.7639881486104825870, 1.000000000000000000),
 ( 1.000000000000000000, 0.7681424318449233679, 1.000000000000000000),
 ( 1.000000000000000000, 0.7702057175164058744, 1.000000000000000000),
 ( 1.000000000000000000, 0.7699653562337712698, 1.000000000000000000) ) ) 
 REPRESENTATION_ITEM ( '' )  SURFACE ( )  );
#6192 = ORIENTED_EDGE ( 'NONE', *, *, #4576, .F. ) ;
#6193 = CARTESIAN_POINT ( 'NONE',  ( 9.445443393281587774, 10.55301040815011682, -3.879424884027778742 ) ) ;
#6194 = CIRCLE ( 'NONE', #1486, 10.11096886307259446 ) ;
#6195 = CARTESIAN_POINT ( 'NONE',  ( -3.641209030556611825, 13.89599898141107914, -9.658566362116294712 ) ) ;
#6196 = CARTESIAN_POINT ( 'NONE',  ( -9.065688436322655974, 2.392831690336744366, 4.874326308505627203 ) ) ;
#6197 = ORIENTED_EDGE ( 'NONE', *, *, #6224, .T. ) ;
#6198 = DIRECTION ( 'NONE',  ( 1.000000000000000000, 0.000000000000000000, 0.000000000000000000 ) ) ;
#6199 = CARTESIAN_POINT ( 'NONE',  ( 9.838926241790698413, 18.29540291653949069, -0.05724264376038396690 ) ) ;
#6200 = VERTEX_POINT ( 'NONE', #2091 ) ;
#6201 = CARTESIAN_POINT ( 'NONE',  ( 9.977552818885587982, 4.234637831023630561, 0.3001311208106516859 ) ) ;
#6202 = ORIENTED_EDGE ( 'NONE', *, *, #4619, .T. ) ;
#6203 = DIRECTION ( 'NONE',  ( -0.000000000000000000, -1.000000000000000000, -0.000000000000000000 ) ) ;
#6204 = DIRECTION ( 'NONE',  ( 7.047274901757195293E-15, -0.003336207416594642785, 0.9999944348445513054 ) ) ;
#6205 = CARTESIAN_POINT ( 'NONE',  ( -0.9798516234684579995, 3.705665997290542357, 10.45418054158174748 ) ) ;
#6206 = CARTESIAN_POINT ( 'NONE',  ( 1.490152363983120676, 5.208044501165363549, -4.199267294181639798 ) ) ;
#6207 = AXIS2_PLACEMENT_3D ( 'NONE', #2546, #1165, #4095 ) ;
#6208 = CARTESIAN_POINT ( 'NONE',  ( 3.387665365633007575, 3.669383407414282594, -9.981229057626169521 ) ) ;
#6209 = DIRECTION ( 'NONE',  ( -1.909595388877091901E-16, 0.000000000000000000, -1.000000000000000000 ) ) ;
#6210 = AXIS2_PLACEMENT_3D ( 'NONE', #5821, #3826, #1895 ) ;
#6211 = CARTESIAN_POINT ( 'NONE',  ( 5.173079587446747674, 14.14193358903625963, -8.687401160989750792 ) ) ;
#6212 = B_SPLINE_CURVE_WITH_KNOTS ( 'NONE', 3,
 ( #2268, #306, #3653, #756, #3263, #5684, #2232, #3296, #4199, #2304 ),
 .UNSPECIFIED., .F., .F.,
 ( 4, 3, 3, 4 ),
 ( 0.001079297928127412060, 0.005562350630608794977, 0.005649842381823963477, 0.01106179590228127327 ),
 .UNSPECIFIED. ) ;
#6213 = CARTESIAN_POINT ( 'NONE',  ( -6.837817761328749633, 9.351067230578609113, 7.612021759970271084 ) ) ;
#6214 = CARTESIAN_POINT ( 'NONE',  ( -5.506785239091618323, 14.10648961878932539, -8.729984924245798084 ) ) ;
#6215 = EDGE_CURVE ( 'NONE', #5524, #72, #6154, .T. ) ;
#6216 = EDGE_CURVE ( 'NONE', #6266, #2319, #5260, .T. ) ;
#6217 = CARTESIAN_POINT ( 'NONE',  ( 3.641220613399546391, 13.89599898141130474, -9.658561995461408145 ) ) ;
#6218 = DIRECTION ( 'NONE',  ( -0.8366027703410597871, 0.000000000000000000, -0.5478100078107959181 ) ) ;
#6219 = B_SPLINE_CURVE_WITH_KNOTS ( 'NONE', 3,
 ( #1041, #2995, #1550, #3507, #774, #2252, #4219, #6206, #3641, #1712, #3179, #5641, #1255, #4676, #5740, #743 ),
 .UNSPECIFIED., .F., .F.,
 ( 4, 2, 2, 2, 2, 2, 2, 4 ),
 ( 0.008882268195398409713, 0.009330386540640837195, 0.009778504885883266412, 0.01067474157636812485, 0.01112285992161055580, 0.01157097826685298675, 0.01201909661209541770, 0.01246721495733784865 ),
 .UNSPECIFIED. ) ;
#6220 = EDGE_LOOP ( 'NONE', ( #6068, #4305 ) ) ;
#6221 = CARTESIAN_POINT ( 'NONE',  ( 0.5508679274708777607, 4.718470922341803764, -9.703992736798017660 ) ) ;
#6222 = DIRECTION ( 'NONE',  ( 0.9515120170994290083, 0.000000000000000000, 0.3076115753923699958 ) ) ;
#6223 = EDGE_CURVE ( 'NONE', #16, #5433, #4111, .T. ) ;
#6224 = EDGE_CURVE ( 'NONE', #1645, #608, #4938, .T. ) ;
#6225 = CARTESIAN_POINT ( 'NONE',  ( -9.787488599744971651, 13.99046619167534189, 0.2768490141592392928 ) ) ;
#6226 = ORIENTED_EDGE ( 'NONE', *, *, #4867, .T. ) ;
#6227 = ORIENTED_EDGE ( 'NONE', *, *, #1593, .T. ) ;
#6228 = CARTESIAN_POINT ( 'NONE',  ( -0.5989341419115953302, 4.529381239437377360, -9.708769538597595172 ) ) ;
#6229 = CARTESIAN_POINT ( 'NONE',  ( -7.501575502020314978, 10.51632293795124617, 7.175955208063645507 ) ) ;
#6230 = CARTESIAN_POINT ( 'NONE',  ( -1.429232815671812151, 14.15872610232135820, 9.910367887812984833 ) ) ;
#6231 = DIRECTION ( 'NONE',  ( -1.000000000000000000, -3.430248998885766964E-15, 0.000000000000000000 ) ) ;
#6232 = ORIENTED_EDGE ( 'NONE', *, *, #3320, .F. ) ;
#6233 = DIRECTION ( 'NONE',  ( 1.906442528882680202E-16, -2.127987414229615247E-14, 1.000000000000000000 ) ) ;
#6234 =( BOUNDED_SURFACE ( )  B_SPLINE_SURFACE ( 3, 2, ( 
 ( #4509, #3120, #2062 ),
 ( #3479, #2093, #683 ),
 ( #130, #5506, #1044 ),
 ( #5962, #621, #559 ) ),
 .UNSPECIFIED., .F., .F., .T. ) 
 B_SPLINE_SURFACE_WITH_KNOTS ( ( 4, 4 ),
 ( 3, 3 ),
 ( 0.000000000000000000, 0.0008858189376504733460 ),
 ( 0.000000000000000000, 1.000000000000000000 ),
 .UNSPECIFIED. ) 
 GEOMETRIC_REPRESENTATION_ITEM ( )  RATIONAL_B_SPLINE_SURFACE ( (
 ( 1.000000000000000000, 0.9101407218393382514, 1.000000000000000000),
 ( 1.000000000000000000, 0.9211338130343599273, 1.000000000000000000),
 ( 1.000000000000000000, 0.9273812954093939576, 1.000000000000000000),
 ( 1.000000000000000000, 0.9271838545667870912, 1.000000000000000000) ) ) 
 REPRESENTATION_ITEM ( '' )  SURFACE ( )  );
#6235 = COLOUR_RGB ( '',1.000000000000000000, 1.000000000000000000, 1.000000000000000000 ) ;
#6236 = ORIENTED_EDGE ( 'NONE', *, *, #2717, .F. ) ;
#6237 = DIRECTION ( 'NONE',  ( -0.7293948518708218698, -0.07189609657903622830, 0.6803044181548725255 ) ) ;
#6238 = CARTESIAN_POINT ( 'NONE',  ( 0.4794792597480121432, 2.339426843249880150, 11.57349637193402003 ) ) ;
#6239 =( GEOMETRIC_REPRESENTATION_CONTEXT ( 3 ) GLOBAL_UNCERTAINTY_ASSIGNED_CONTEXT ( ( #1581 ) ) GLOBAL_UNIT_ASSIGNED_CONTEXT ( ( #3022, #4058, #120 ) ) REPRESENTATION_CONTEXT ( 'NONE', 'WORKASPACE' ) );
#6240 = CARTESIAN_POINT ( 'NONE',  ( 0.6045811694583940188, 2.749428731817056271, 11.44037057853825345 ) ) ;
#6241 = CARTESIAN_POINT ( 'NONE',  ( 2.325664458655077649, 14.23679851455366574, 9.302564108240780172 ) ) ;
#6242 = CARTESIAN_POINT ( 'NONE',  ( 0.2994991652754581679, -45.00000000000000000, -5.709321242184562256E-17 ) ) ;
#6243 = TOROIDAL_SURFACE ( 'NONE', #2740, 59.15783971714991907, 0.1000000000000000056 ) ;
#6244 = CARTESIAN_POINT ( 'NONE',  ( -4.656024217379251873, 4.542803839193382487, 8.528459191048877841 ) ) ;
#6245 = FACE_OUTER_BOUND ( 'NONE', #4087, .T. ) ;
#6246 = CARTESIAN_POINT ( 'NONE',  ( 0.9974135941062612920, 8.922224197358042730, -9.448981716832483002 ) ) ;
#6247 = AXIS2_PLACEMENT_3D ( 'NONE', #5894, #2055, #2083 ) ;
#6248 = CARTESIAN_POINT ( 'NONE',  ( 7.895292629836784926, 4.542803839312672842, -5.663703026562380671 ) ) ;
#6249 = CARTESIAN_POINT ( 'NONE',  ( -1.688949300156128652, 18.09554194003885286, 9.899075219546739746 ) ) ;
#6250 = CARTESIAN_POINT ( 'NONE',  ( -1.386446622004487983, 3.697164847807267396, 10.41620743545566441 ) ) ;
#6251 = CARTESIAN_POINT ( 'NONE',  ( -2.180375261619990445E-14, 3.756969513007430095, 0.000000000000000000 ) ) ;
#6252 = SURFACE_SIDE_STYLE ('',( #3161 ) ) ;
#6253 = CARTESIAN_POINT ( 'NONE',  ( -0.2994991652763475676, 14.07409618859461453, 9.284474123539439461 ) ) ;
#6254 = CARTESIAN_POINT ( 'NONE',  ( 1.696694995919023619, 5.416100671925237364, -9.572771180013006642 ) ) ;
#6255 = FILL_AREA_STYLE ('',( #3819 ) ) ;
#6256 =( LENGTH_UNIT ( ) NAMED_UNIT ( * ) SI_UNIT ( .MILLI., .METRE. ) );
#6257 = EDGE_LOOP ( 'NONE', ( #1508, #4701, #6288, #895 ) ) ;
#6258 = CARTESIAN_POINT ( 'NONE',  ( -9.620708377731750360, 14.14193358903626319, -3.110251060712972748 ) ) ;
#6259 = ORIENTED_EDGE ( 'NONE', *, *, #4345, .F. ) ;
#6260 = EDGE_CURVE ( 'NONE', #3962, #4106, #1269, .T. ) ;
#6261 = CARTESIAN_POINT ( 'NONE',  ( 10.04813781587830768, 14.14193359275597928, -1.147943354750512901 ) ) ;
#6262 = ORIENTED_EDGE ( 'NONE', *, *, #2022, .T. ) ;
#6263 = DIRECTION ( 'NONE',  ( 3.430248998885766964E-15, -1.000000000000000000, -0.000000000000000000 ) ) ;
#6264 = EDGE_CURVE ( 'NONE', #5699, #4443, #3735, .T. ) ;
#6265 = CARTESIAN_POINT ( 'NONE',  ( 8.551820376113173694, 14.23679851462544299, -4.337370448631748587 ) ) ;
#6266 = VERTEX_POINT ( 'NONE', #3319 ) ;
#6267 = CARTESIAN_POINT ( 'NONE',  ( 9.885395270116090316, 3.705625275237129479, -3.551103018659118149 ) ) ;
#6268 = VERTEX_POINT ( 'NONE', #3180 ) ;
#6269 = CARTESIAN_POINT ( 'NONE',  ( 0.5699451260020651500, 2.187230740605107471, 11.72256015842018506 ) ) ;
#6270 = DIRECTION ( 'NONE',  ( 0.6937289335749065033, -5.167966285427605720E-16, -0.7202361881501255780 ) ) ;
#6271 = CARTESIAN_POINT ( 'NONE',  ( -0.1381086187729390902, 3.308266410999828988, 10.89670294676733064 ) ) ;
#6272 = DIRECTION ( 'NONE',  ( 0.9115157560803717196, 0.3857503544641549542, 0.1426032624030996732 ) ) ;
#6273 = PRESENTATION_LAYER_ASSIGNMENT (  '', '', ( #1209 ) ) ;
#6274 = CARTESIAN_POINT ( 'NONE',  ( -1.722421871008539496, 3.939973368869757131, 10.18283422933613025 ) ) ;
#6275 = CARTESIAN_POINT ( 'NONE',  ( -10.44608047777761861, 3.669383407414071208, -1.375737426083574411 ) ) ;
#6276 = CARTESIAN_POINT ( 'NONE',  ( -2.250000000000075939, 7.193871215961982202, -9.605034722610430009 ) ) ;
#6277 = ORIENTED_EDGE ( 'NONE', *, *, #1978, .T. ) ;
#6278 = CARTESIAN_POINT ( 'NONE',  ( -0.1501940268625720776, 9.150000000000002132, -4.385669324720177009 ) ) ;
#6279 = CARTESIAN_POINT ( 'NONE',  ( 2.866303143363323258, 3.939984671814106498, -9.921740647484726949 ) ) ;
#6280 = CARTESIAN_POINT ( 'NONE',  ( 5.654966203159663252, 3.756870353060400181, -8.850365066430173400 ) ) ;
#6281 = B_SPLINE_SURFACE_WITH_KNOTS ( 'NONE', 1, 3, ( 
 ( #1981, #2977, #541, #71, #3008, #3037, #4997, #2917, #3976, #6320, #5940, #1443, #5456, #1918 ),
 ( #4973, #4883, #6354, #5029, #4073, #1594, #3063, #1134, #4621, #5550, #2551, #6091, #4586, #2583 ) ),
 .UNSPECIFIED., .F., .F., .F.,
 ( 2, 2 ),
 ( 4, 2, 2, 2, 2, 2, 4 ),
 ( 0.000000000000000000, 1.000000000000000000 ),
 ( 2.270457688513475337E-07, 0.001685991642023147285, 0.002528873940150295346, 0.003371756238277443408, 0.004214638536404591469, 0.005057520834531739097, 0.006743285430786035220 ),
 .UNSPECIFIED. ) ;
#6282 = SURFACE_STYLE_FILL_AREA ( #1370 ) ;
#6283 = CARTESIAN_POINT ( 'NONE',  ( -6.491823315578851172, 4.197188864165836364, -7.631380753309743525 ) ) ;
#6284 = CARTESIAN_POINT ( 'NONE',  ( -9.496718353730994266, 7.124177071773766023, -3.913447095646060081 ) ) ;
#6285 =( NAMED_UNIT ( * ) SI_UNIT ( $, .STERADIAN. ) SOLID_ANGLE_UNIT ( ) );
#6286 = COLOUR_RGB ( '',1.000000000000000000, 1.000000000000000000, 1.000000000000000000 ) ;
#6287 = PLANE ( 'NONE',  #4343 ) ;
#6288 = ORIENTED_EDGE ( 'NONE', *, *, #6215, .T. ) ;
#6289 = PRESENTATION_STYLE_ASSIGNMENT (( #4336 ) ) ;
#6290 = ORIENTED_EDGE ( 'NONE', *, *, #2088, .T. ) ;
#6291 = B_SPLINE_CURVE_WITH_KNOTS ( 'NONE', 3,
 ( #5153, #4679, #3380, #3842, #3901, #6369 ),
 .UNSPECIFIED., .F., .F.,
 ( 4, 2, 4 ),
 ( 0.000000000000000000, 0.0003404253012510081826, 0.0006808506025020163652 ),
 .UNSPECIFIED. ) ;
#6292 = CARTESIAN_POINT ( 'NONE',  ( -7.561842441819396576, 3.756969513006664929, 7.283524837390905837 ) ) ;
#6293 = ORIENTED_EDGE ( 'NONE', *, *, #50, .T. ) ;
#6294 = CARTESIAN_POINT ( 'NONE',  ( 7.217984369131113631, 10.55532556789014542, 7.471432858123627341 ) ) ;
#6295 = VECTOR ( 'NONE', #5304, 999.9999999999998863 ) ;
#6296 = FACE_BOUND ( 'NONE', #4375, .T. ) ;
#6297 = ORIENTED_EDGE ( 'NONE', *, *, #6224, .F. ) ;
#6298 = DIRECTION ( 'NONE',  ( 1.000000000000000000, 0.000000000000000000, -1.906289534040448226E-16 ) ) ;
#6299 = EDGE_CURVE ( 'NONE', #5788, #2621, #1032, .T. ) ;
#6300 = CIRCLE ( 'NONE', #3522, 10.11096886307262110 ) ;
#6301 = EDGE_LOOP ( 'NONE', ( #832, #5191, #6092, #5763 ) ) ;
#6302 = CARTESIAN_POINT ( 'NONE',  ( 0.3782672495275435920, 14.89912576096726049, 0.09539818544747619145 ) ) ;
#6303 = CARTESIAN_POINT ( 'NONE',  ( 0.4922457588412556539, 2.394146664781842571, 11.51816458746640492 ) ) ;
#6304 = CARTESIAN_POINT ( 'NONE',  ( 7.653291064177343728, 3.759185968625243124, 7.371622719939527002 ) ) ;
#6305 = CARTESIAN_POINT ( 'NONE',  ( 9.425737380071034011, 14.15065569506668020, -3.522293916180543771 ) ) ;
#6306 = CARTESIAN_POINT ( 'NONE',  ( 5.823025404525234983, 14.23679501322282981, 7.618346401954000591 ) ) ;
#6307 = EDGE_CURVE ( 'NONE', #1409, #797, #1395, .T. ) ;
#6308 = CARTESIAN_POINT ( 'NONE',  ( -5.102702812856191095, 4.435073400986708769, 8.335849579479994276 ) ) ;
#6309 = CARTESIAN_POINT ( 'NONE',  ( 9.221570691988096868, 13.91644294735652032, -3.660587439680943245 ) ) ;
#6310 = CARTESIAN_POINT ( 'NONE',  ( -6.617025313691467403, 14.30647375381050956, -6.536421710216780312 ) ) ;
#6311 = CARTESIAN_POINT ( 'NONE',  ( 6.924983494669065820, 3.942189826149069543, 7.816812042164243302 ) ) ;
#6312 = LINE ( 'NONE', #5810, #5990 ) ;
#6313 = CARTESIAN_POINT ( 'NONE',  ( 5.690905147995194646, 3.669383428085295495, -8.872114474383204552 ) ) ;
#6314 = CARTESIAN_POINT ( 'NONE',  ( 0.3051228282258723890, 14.18800290749606674, 9.477969920873126952 ) ) ;
#6315 = CARTESIAN_POINT ( 'NONE',  ( -0.2033050936918525120, 2.030082046178101063, 11.89116111748987237 ) ) ;
#6316 = ORIENTED_EDGE ( 'NONE', *, *, #574, .T. ) ;
#6317 = CARTESIAN_POINT ( 'NONE',  ( 2.266712528230073520, 6.914322280145126065, -9.788869781469260900 ) ) ;
#6318 = DIRECTION ( 'NONE',  ( 0.6798124991134872896, 0.3857503558705173696, -0.6237400331827708255 ) ) ;
#6319 = CARTESIAN_POINT ( 'NONE',  ( -0.3193540674585646499, 2.106101271424042576, 12.09546027131491819 ) ) ;
#6320 = CARTESIAN_POINT ( 'NONE',  ( 3.232566836480899042, 2.859993518486003250, 9.274337108907841909 ) ) ;
#6321 = ORIENTED_EDGE ( 'NONE', *, *, #2999, .T. ) ;
#6322 = CARTESIAN_POINT ( 'NONE',  ( 10.25841577162668372, 14.10648931882061063, -1.140505303890976263 ) ) ;
#6323 = CARTESIAN_POINT ( 'NONE',  ( 9.350729662145596421, 4.542813483275431885, 2.641363673326489359 ) ) ;
#6324 = SURFACE_STYLE_USAGE ( .BOTH. , #5822 ) ;
#6325 = ORIENTED_EDGE ( 'NONE', *, *, #1747, .T. ) ;
#6326 = CARTESIAN_POINT ( 'NONE',  ( -1.424760419285840962, 14.11625251782136914, 10.16627744194547844 ) ) ;
#6327 =( BOUNDED_SURFACE ( )  B_SPLINE_SURFACE ( 3, 2, ( 
 ( #605, #1088, #4500 ),
 ( #518, #5888, #3047 ),
 ( #3961, #997, #2563 ),
 ( #3558, #1543, #3496 ) ),
 .UNSPECIFIED., .F., .F., .T. ) 
 B_SPLINE_SURFACE_WITH_KNOTS ( ( 4, 4 ),
 ( 3, 3 ),
 ( 0.02776046941438154239, 0.03804866778357898771 ),
 ( 0.000000000000000000, 1.000000000000000000 ),
 .UNSPECIFIED. ) 
 GEOMETRIC_REPRESENTATION_ITEM ( )  RATIONAL_B_SPLINE_SURFACE ( (
 ( 1.000000000000000000, 0.9685181931559320168, 1.000000000000000000),
 ( 1.000000000000000000, 0.9683949015077497613, 1.000000000000000000),
 ( 1.000000000000000000, 0.9682683431309007105, 1.000000000000000000),
 ( 1.000000000000000000, 0.9681383262461619177, 1.000000000000000000) ) ) 
 REPRESENTATION_ITEM ( '' )  SURFACE ( )  );
#6328 = ORIENTED_EDGE ( 'NONE', *, *, #1551, .F. ) ;
#6329 = CARTESIAN_POINT ( 'NONE',  ( -1.174591610035007339, 13.89826178182841332, 10.24146867942964434 ) ) ;
#6330 = CARTESIAN_POINT ( 'NONE',  ( 0.2640238226890424533, 3.265290708097966732, 10.93736731939401707 ) ) ;
#6331 = CARTESIAN_POINT ( 'NONE',  ( 3.768568506148945563, 4.491428936644333625, 8.956756124199277025 ) ) ;
#6332 = PRESENTATION_LAYER_ASSIGNMENT (  '', '', ( #2734 ) ) ;
#6333 = B_SPLINE_CURVE_WITH_KNOTS ( 'NONE', 3,
 ( #5927, #3502, #88, #2027, #6016, #1092, #613, #4059, #5537, #1123, #3117, #4707 ),
 .UNSPECIFIED., .F., .F.,
 ( 4, 2, 2, 2, 2, 4 ),
 ( 0.0006142130367873207576, 0.001928516593605046322, 0.003242820150422771885, 0.003899971928831633908, 0.004557123707240495064, 0.005871427264058218243 ),
 .UNSPECIFIED. ) ;
#6334 = CARTESIAN_POINT ( 'NONE',  ( -6.887331829017111495, 3.939984671681220796, 7.695537113495496406 ) ) ;
#6335 = MECHANICAL_DESIGN_GEOMETRIC_PRESENTATION_REPRESENTATION (  '', ( #3460 ), #6239 ) ;
#6336 = DIRECTION ( 'NONE',  ( 1.000000000000000000, 3.416338905061714574E-15, 0.000000000000000000 ) ) ;
#6337 = CARTESIAN_POINT ( 'NONE',  ( -2.190507036639209204, 7.492471515272086435, -9.590923833369892293 ) ) ;
#6338 = FACE_OUTER_BOUND ( 'NONE', #3429, .T. ) ;
#6339 = ADVANCED_FACE ( 'NONE', ( #1222 ), #6120, .T. ) ;
#6340 = CARTESIAN_POINT ( 'NONE',  ( 0.5730180309692120000, 2.393982907801169180, 11.69262841766713379 ) ) ;
#6341 = EDGE_CURVE ( 'NONE', #1184, #4919, #735, .T. ) ;
#6342 = CARTESIAN_POINT ( 'NONE',  ( 5.859642845615331552, 12.42676282760124451, -8.322164091158146704 ) ) ;
#6343 = CARTESIAN_POINT ( 'NONE',  ( -0.2503531678648124315, 14.24267284611489082, 9.499947707228797000 ) ) ;
#6344 = PRESENTATION_LAYER_ASSIGNMENT (  '', '', ( #397 ) ) ;
#6345 = CARTESIAN_POINT ( 'NONE',  ( 6.853833442269406717, 7.605684247189031133, 7.638946681153678142 ) ) ;
#6346 = AXIS2_PLACEMENT_3D ( 'NONE', #2667, #3152, #262 ) ;
#6347 = CARTESIAN_POINT ( 'NONE',  ( 0.2618591808970099910, 2.915305823704261723, 11.00440232025622578 ) ) ;
#6348 = VECTOR ( 'NONE', #5864, 1000.000000000000000 ) ;
#6349 = EDGE_CURVE ( 'NONE', #203, #303, #2002, .T. ) ;
#6350 = ORIENTED_EDGE ( 'NONE', *, *, #884, .F. ) ;
#6351 = CARTESIAN_POINT ( 'NONE',  ( 0.9232813995989719302, 8.956297266964554638, -9.444137354960712827 ) ) ;
#6352 = CARTESIAN_POINT ( 'NONE',  ( -9.992101360550639910, 4.213564636739921987, 0.3861724617539710747 ) ) ;
#6353 = SURFACE_SIDE_STYLE ('',( #5907 ) ) ;
#6354 = CARTESIAN_POINT ( 'NONE',  ( 6.179224091290181242, 18.29540119000726506, 7.656692180104998080 ) ) ;
#6355 = VERTEX_POINT ( 'NONE', #4257 ) ;
#6356 = CARTESIAN_POINT ( 'NONE',  ( -10.22951597742070895, 17.85361669252256434, -1.035575347248372635 ) ) ;
#6357 = CARTESIAN_POINT ( 'NONE',  ( -6.174448197995022748E-15, 1.800000000000023803, 0.000000000000000000 ) ) ;
#6358 = CARTESIAN_POINT ( 'NONE',  ( 9.260774637955433874, 14.16691622604678891, -3.676149807198087149 ) ) ;
#6359 = ORIENTED_EDGE ( 'NONE', *, *, #3954, .F. ) ;
#6360 = CARTESIAN_POINT ( 'NONE',  ( -5.840249803039204934, 13.92087586572965741, -8.303632425037056564 ) ) ;
#6361 = ORIENTED_EDGE ( 'NONE', *, *, #4217, .F. ) ;
#6362 = CARTESIAN_POINT ( 'NONE',  ( -0.2036474140119510501, 2.030289864467430760, 11.89094563138565164 ) ) ;
#6363 = CARTESIAN_POINT ( 'NONE',  ( -1.372380184908629452, 4.423453950033258586, -9.745959858659366759 ) ) ;
#6364 = CARTESIAN_POINT ( 'NONE',  ( -10.17035378135868307, 4.042931880030415925, -0.1161128631426442542 ) ) ;
#6365 = AXIS2_PLACEMENT_3D ( 'NONE', #4465, #1987, #5975 ) ;
#6366 = CARTESIAN_POINT ( 'NONE',  ( -8.889818223287415222, 3.759185968624195073, 5.821066705946074116 ) ) ;
#6367 = CIRCLE ( 'NONE', #1448, 12.33672205028483049 ) ;
#6368 = CARTESIAN_POINT ( 'NONE',  ( -0.5434799396082296008, 2.284684491677666962, 11.90868726683822132 ) ) ;
#6369 = CARTESIAN_POINT ( 'NONE',  ( -5.644697277988059980, 14.16691622594742306, -8.210567395228764553 ) ) ;
#6370 = CARTESIAN_POINT ( 'NONE',  ( -0.9962750680427444605, 8.922722010083731448, -9.448908350547492674 ) ) ;
#6371 = CARTESIAN_POINT ( 'NONE',  ( -9.260785332309218632, 14.16691473722286609, -3.676146828825674007 ) ) ;
#6372 = CARTESIAN_POINT ( 'NONE',  ( 5.879051956532009626, 10.93265123288641405, -8.340663973831006217 ) ) ;
#6373 = PRESENTATION_STYLE_ASSIGNMENT (( #1042 ) ) ;
#6374 = B_SPLINE_CURVE_WITH_KNOTS ( 'NONE', 3,
 ( #377, #790, #5298, #4202, #6225, #5268 ),
 .UNSPECIFIED., .F., .F.,
 ( 4, 2, 4 ),
 ( 1.040581074327537290E-16, 0.002863003147367642644, 0.005726006294735181204 ),
 .UNSPECIFIED. ) ;
#6375 = EDGE_CURVE ( 'NONE', #3041, #956, #6174, .T. ) ;
#6376 = EDGE_CURVE ( 'NONE', #4519, #3237, #6114, .T. ) ;
ENDSEC;
END-ISO-10303-21;
